duelist_id,duelist,position,card_id,card,rate,card_url
4,Villager1,1,516,Muka Muka,0.10%,https://yugioh-fm-db.pages.dev/cards/516
4,Villager1,2,485,Korogashi,0.10%,https://yugioh-fm-db.pages.dev/cards/485
4,Villager1,3,563,Wretched Ghost of the Attic,0.10%,https://yugioh-fm-db.pages.dev/cards/563
4,Villager1,4,541,Hane-Hane,0.10%,https://yugioh-fm-db.pages.dev/cards/541
4,Villager1,5,167,Ancient Jar,5.86%,https://yugioh-fm-db.pages.dev/cards/167
4,Villager1,6,488,Rainbow Flower,0.10%,https://yugioh-fm-db.pages.dev/cards/488
4,Villager1,7,504,Fungi of the Musk,0.10%,https://yugioh-fm-db.pages.dev/cards/504
4,Villager1,8,548,Bone Mouse,0.10%,https://yugioh-fm-db.pages.dev/cards/548
4,Villager1,9,558,Pot the Trick,0.10%,https://yugioh-fm-db.pages.dev/cards/558
4,Villager1,10,644,Flame Viper,0.10%,https://yugioh-fm-db.pages.dev/cards/644
4,Villager1,11,547,Griggle,0.10%,https://yugioh-fm-db.pages.dev/cards/547
4,Villager1,12,635,Queen's Double,0.10%,https://yugioh-fm-db.pages.dev/cards/635
4,Villager1,13,24,Skull Servant,7.81%,https://yugioh-fm-db.pages.dev/cards/24
4,Villager1,14,58,Kuriboh,7.81%,https://yugioh-fm-db.pages.dev/cards/58
4,Villager1,15,395,Dancing Elf,7.81%,https://yugioh-fm-db.pages.dev/cards/395
4,Villager1,16,398,Ooguchi,7.81%,https://yugioh-fm-db.pages.dev/cards/398
4,Villager1,17,469,Armed Ninja,5.86%,https://yugioh-fm-db.pages.dev/cards/469
4,Villager1,18,475,Sinister Serpent,5.86%,https://yugioh-fm-db.pages.dev/cards/475
4,Villager1,19,484,Ameba,0.10%,https://yugioh-fm-db.pages.dev/cards/484
4,Villager1,20,527,Milus Radiant,5.86%,https://yugioh-fm-db.pages.dev/cards/527
4,Villager1,21,393,Zone Eater,7.81%,https://yugioh-fm-db.pages.dev/cards/393
4,Villager1,22,394,Steel Scorpion,7.81%,https://yugioh-fm-db.pages.dev/cards/394
4,Villager1,23,399,Swordsman from a Foreign Land,7.81%,https://yugioh-fm-db.pages.dev/cards/399
4,Villager1,24,402,Monster Eye,5.86%,https://yugioh-fm-db.pages.dev/cards/402
4,Villager1,25,499,Kattapillar,5.86%,https://yugioh-fm-db.pages.dev/cards/499
4,Villager1,26,339,Red Medicine,3.13%,https://yugioh-fm-db.pages.dev/cards/339
4,Villager1,27,350,Dark-piercing Light,5.86%,https://yugioh-fm-db.pages.dev/cards/350
2,Teana,1,9,Shadow Specter,0.10%,https://yugioh-fm-db.pages.dev/cards/9
2,Teana,2,56,Larvae Moth,0.10%,https://yugioh-fm-db.pages.dev/cards/56
2,Teana,3,105,Tomozaurus,0.10%,https://yugioh-fm-db.pages.dev/cards/105
2,Teana,4,197,Mech Mole Zombie,0.10%,https://yugioh-fm-db.pages.dev/cards/197
2,Teana,5,167,Ancient Jar,0.10%,https://yugioh-fm-db.pages.dev/cards/167
2,Teana,6,192,Key Mace,0.10%,https://yugioh-fm-db.pages.dev/cards/192
2,Teana,7,289,Change Slime,0.10%,https://yugioh-fm-db.pages.dev/cards/289
2,Teana,8,387,Mystic Lamp,0.10%,https://yugioh-fm-db.pages.dev/cards/387
2,Teana,9,24,Skull Servant,14.65%,https://yugioh-fm-db.pages.dev/cards/24
2,Teana,10,58,Kuriboh,14.65%,https://yugioh-fm-db.pages.dev/cards/58
2,Teana,11,123,Dark Plant,0.10%,https://yugioh-fm-db.pages.dev/cards/123
2,Teana,12,278,Petit Moth,0.10%,https://yugioh-fm-db.pages.dev/cards/278
2,Teana,13,395,Dancing Elf,14.65%,https://yugioh-fm-db.pages.dev/cards/395
2,Teana,14,397,Leghul,0.10%,https://yugioh-fm-db.pages.dev/cards/397
2,Teana,15,398,Ooguchi,0.10%,https://yugioh-fm-db.pages.dev/cards/398
2,Teana,16,393,Zone Eater,19.53%,https://yugioh-fm-db.pages.dev/cards/393
2,Teana,17,394,Steel Scorpion,0.10%,https://yugioh-fm-db.pages.dev/cards/394
2,Teana,18,399,Swordsman from a Foreign Land,14.65%,https://yugioh-fm-db.pages.dev/cards/399
2,Teana,19,402,Monster Eye,0.10%,https://yugioh-fm-db.pages.dev/cards/402
2,Teana,20,338,Mooyan Curry,14.65%,https://yugioh-fm-db.pages.dev/cards/338
2,Teana,21,344,Hinotama,5.86%,https://yugioh-fm-db.pages.dev/cards/344
3,Jono,1,4,Baby Dragon,0.10%,https://yugioh-fm-db.pages.dev/cards/4
3,Jono,2,100,Battle Warrior,0.10%,https://yugioh-fm-db.pages.dev/cards/100
3,Jono,3,29,Mountain Warrior,0.10%,https://yugioh-fm-db.pages.dev/cards/29
3,Jono,4,9,Shadow Specter,5.86%,https://yugioh-fm-db.pages.dev/cards/9
3,Jono,5,16,Time Wizard,0.10%,https://yugioh-fm-db.pages.dev/cards/16
3,Jono,6,167,Ancient Jar,3.52%,https://yugioh-fm-db.pages.dev/cards/167
3,Jono,7,192,Key Mace,5.86%,https://yugioh-fm-db.pages.dev/cards/192
3,Jono,8,289,Change Slime,5.86%,https://yugioh-fm-db.pages.dev/cards/289
3,Jono,9,387,Mystic Lamp,5.86%,https://yugioh-fm-db.pages.dev/cards/387
3,Jono,10,504,Fungi of the Musk,5.86%,https://yugioh-fm-db.pages.dev/cards/504
3,Jono,11,548,Bone Mouse,5.86%,https://yugioh-fm-db.pages.dev/cards/548
3,Jono,12,558,Pot the Trick,3.52%,https://yugioh-fm-db.pages.dev/cards/558
3,Jono,13,547,Griggle,5.86%,https://yugioh-fm-db.pages.dev/cards/547
3,Jono,14,635,Queen's Double,5.86%,https://yugioh-fm-db.pages.dev/cards/635
3,Jono,15,123,Dark Plant,5.86%,https://yugioh-fm-db.pages.dev/cards/123
3,Jono,16,397,Leghul,5.86%,https://yugioh-fm-db.pages.dev/cards/397
3,Jono,17,411,Bat,5.86%,https://yugioh-fm-db.pages.dev/cards/411
3,Jono,18,428,Magician of Faith,5.86%,https://yugioh-fm-db.pages.dev/cards/428
3,Jono,19,469,Armed Ninja,3.52%,https://yugioh-fm-db.pages.dev/cards/469
3,Jono,20,484,Ameba,5.86%,https://yugioh-fm-db.pages.dev/cards/484
3,Jono,21,402,Monster Eye,3.52%,https://yugioh-fm-db.pages.dev/cards/402
3,Jono,22,339,Red Medicine,3.52%,https://yugioh-fm-db.pages.dev/cards/339
3,Jono,23,344,Hinotama,5.86%,https://yugioh-fm-db.pages.dev/cards/344
1,Simon Muran,1,21,Exodia the Forbidden,0.05%,https://yugioh-fm-db.pages.dev/cards/21
1,Simon Muran,2,9,Shadow Specter,3.52%,https://yugioh-fm-db.pages.dev/cards/9
1,Simon Muran,3,167,Ancient Jar,3.91%,https://yugioh-fm-db.pages.dev/cards/167
1,Simon Muran,4,192,Key Mace,3.52%,https://yugioh-fm-db.pages.dev/cards/192
1,Simon Muran,5,289,Change Slime,3.52%,https://yugioh-fm-db.pages.dev/cards/289
1,Simon Muran,6,387,Mystic Lamp,3.52%,https://yugioh-fm-db.pages.dev/cards/387
1,Simon Muran,7,504,Fungi of the Musk,3.52%,https://yugioh-fm-db.pages.dev/cards/504
1,Simon Muran,8,548,Bone Mouse,3.52%,https://yugioh-fm-db.pages.dev/cards/548
1,Simon Muran,9,547,Griggle,3.91%,https://yugioh-fm-db.pages.dev/cards/547
1,Simon Muran,10,635,Queen's Double,3.91%,https://yugioh-fm-db.pages.dev/cards/635
1,Simon Muran,11,24,Skull Servant,3.52%,https://yugioh-fm-db.pages.dev/cards/24
1,Simon Muran,12,58,Kuriboh,3.52%,https://yugioh-fm-db.pages.dev/cards/58
1,Simon Muran,13,123,Dark Plant,3.52%,https://yugioh-fm-db.pages.dev/cards/123
1,Simon Muran,14,395,Dancing Elf,3.52%,https://yugioh-fm-db.pages.dev/cards/395
1,Simon Muran,15,397,Leghul,3.42%,https://yugioh-fm-db.pages.dev/cards/397
1,Simon Muran,16,398,Ooguchi,3.91%,https://yugioh-fm-db.pages.dev/cards/398
1,Simon Muran,17,411,Bat,3.91%,https://yugioh-fm-db.pages.dev/cards/411
1,Simon Muran,18,428,Magician of Faith,3.66%,https://yugioh-fm-db.pages.dev/cards/428
1,Simon Muran,19,469,Armed Ninja,3.91%,https://yugioh-fm-db.pages.dev/cards/469
1,Simon Muran,20,475,Sinister Serpent,3.91%,https://yugioh-fm-db.pages.dev/cards/475
1,Simon Muran,21,484,Ameba,3.91%,https://yugioh-fm-db.pages.dev/cards/484
1,Simon Muran,22,527,Milus Radiant,3.91%,https://yugioh-fm-db.pages.dev/cards/527
1,Simon Muran,23,394,Steel Scorpion,3.91%,https://yugioh-fm-db.pages.dev/cards/394
1,Simon Muran,24,399,Swordsman from a Foreign Land,3.42%,https://yugioh-fm-db.pages.dev/cards/399
1,Simon Muran,25,402,Monster Eye,3.91%,https://yugioh-fm-db.pages.dev/cards/402
1,Simon Muran,26,499,Kattapillar,3.91%,https://yugioh-fm-db.pages.dev/cards/499
1,Simon Muran,27,17,Right Leg of the Forbidden One,0.05%,https://yugioh-fm-db.pages.dev/cards/17
1,Simon Muran,28,18,Left Leg of the Forbidden One,0.05%,https://yugioh-fm-db.pages.dev/cards/18
1,Simon Muran,29,19,Right Arm of the Forbidden One,0.05%,https://yugioh-fm-db.pages.dev/cards/19
1,Simon Muran,30,20,Left Arm of the Forbidden One,0.05%,https://yugioh-fm-db.pages.dev/cards/20
1,Simon Muran,31,338,Mooyan Curry,2.34%,https://yugioh-fm-db.pages.dev/cards/338
1,Simon Muran,32,343,Sparks,4.88%,https://yugioh-fm-db.pages.dev/cards/343
10,Weevil Underwood,1,367,Jirai Gumo,2.34%,https://yugioh-fm-db.pages.dev/cards/367
10,Weevil Underwood,2,60,Great White,0.39%,https://yugioh-fm-db.pages.dev/cards/60
10,Weevil Underwood,3,234,Beautiful Headhuntress,0.39%,https://yugioh-fm-db.pages.dev/cards/234
10,Weevil Underwood,4,599,Violent Rain,0.59%,https://yugioh-fm-db.pages.dev/cards/599
10,Weevil Underwood,5,10,Blackland Fire Dragon,0.78%,https://yugioh-fm-db.pages.dev/cards/10
10,Weevil Underwood,6,80,Uraby,0.59%,https://yugioh-fm-db.pages.dev/cards/80
10,Weevil Underwood,7,647,Hyosube,0.39%,https://yugioh-fm-db.pages.dev/cards/647
10,Weevil Underwood,8,23,The Wicked Worm Beast,0.78%,https://yugioh-fm-db.pages.dev/cards/23
10,Weevil Underwood,9,165,The Judgement Hand,0.59%,https://yugioh-fm-db.pages.dev/cards/165
10,Weevil Underwood,10,225,Fiend Sword,0.78%,https://yugioh-fm-db.pages.dev/cards/225
10,Weevil Underwood,11,363,Fairy's Gift,0.39%,https://yugioh-fm-db.pages.dev/cards/363
10,Weevil Underwood,12,430,Water Magician,0.39%,https://yugioh-fm-db.pages.dev/cards/430
10,Weevil Underwood,13,543,Tongyo,0.78%,https://yugioh-fm-db.pages.dev/cards/543
10,Weevil Underwood,14,550,Behegon,0.59%,https://yugioh-fm-db.pages.dev/cards/550
10,Weevil Underwood,15,643,Disk Magician,0.59%,https://yugioh-fm-db.pages.dev/cards/643
10,Weevil Underwood,16,25,Horn Imp,0.78%,https://yugioh-fm-db.pages.dev/cards/25
10,Weevil Underwood,17,64,Tiger Axe,0.39%,https://yugioh-fm-db.pages.dev/cards/64
10,Weevil Underwood,18,115,Kamion Wizard,0.39%,https://yugioh-fm-db.pages.dev/cards/115
10,Weevil Underwood,19,119,Trial of Nightmares,0.78%,https://yugioh-fm-db.pages.dev/cards/119
10,Weevil Underwood,20,164,Lord of Zemia,0.59%,https://yugioh-fm-db.pages.dev/cards/164
10,Weevil Underwood,21,233,Dark Titan of Terror,0.39%,https://yugioh-fm-db.pages.dev/cards/233
10,Weevil Underwood,22,272,Mavelus,0.78%,https://yugioh-fm-db.pages.dev/cards/272
10,Weevil Underwood,23,291,Fireyarou,0.59%,https://yugioh-fm-db.pages.dev/cards/291
10,Weevil Underwood,24,445,Guardian of the Sea,0.59%,https://yugioh-fm-db.pages.dev/cards/445
10,Weevil Underwood,25,502,D. Human,0.39%,https://yugioh-fm-db.pages.dev/cards/502
10,Weevil Underwood,26,514,Brave Scizzar,0.59%,https://yugioh-fm-db.pages.dev/cards/514
10,Weevil Underwood,27,570,Trakadon,0.59%,https://yugioh-fm-db.pages.dev/cards/570
10,Weevil Underwood,28,608,Shining Friendship,0.39%,https://yugioh-fm-db.pages.dev/cards/608
10,Weevil Underwood,29,646,Gruesome Goo,0.39%,https://yugioh-fm-db.pages.dev/cards/646
10,Weevil Underwood,30,162,Tainted Wisdom,0.59%,https://yugioh-fm-db.pages.dev/cards/162
10,Weevil Underwood,31,435,Water Girl,0.78%,https://yugioh-fm-db.pages.dev/cards/435
10,Weevil Underwood,32,480,Kuwagata a,2.34%,https://yugioh-fm-db.pages.dev/cards/480
10,Weevil Underwood,33,546,Wow Warrior,0.78%,https://yugioh-fm-db.pages.dev/cards/546
10,Weevil Underwood,34,553,Mushroom Man #2,0.59%,https://yugioh-fm-db.pages.dev/cards/553
10,Weevil Underwood,35,3,Hitotsu-me Giant,0.78%,https://yugioh-fm-db.pages.dev/cards/3
10,Weevil Underwood,36,30,Zombie Warrior,0.59%,https://yugioh-fm-db.pages.dev/cards/30
10,Weevil Underwood,37,53,Killer Needle,3.52%,https://yugioh-fm-db.pages.dev/cards/53
10,Weevil Underwood,38,59,Mammoth Graveyard,0.39%,https://yugioh-fm-db.pages.dev/cards/59
10,Weevil Underwood,39,61,Wolf,0.39%,https://yugioh-fm-db.pages.dev/cards/61
10,Weevil Underwood,40,65,Silver Fang,0.39%,https://yugioh-fm-db.pages.dev/cards/65
10,Weevil Underwood,41,109,Goddess with the Third Eye,0.78%,https://yugioh-fm-db.pages.dev/cards/109
10,Weevil Underwood,42,112,That Which Feeds on Life,0.78%,https://yugioh-fm-db.pages.dev/cards/112
10,Weevil Underwood,43,120,Dream Clown,0.59%,https://yugioh-fm-db.pages.dev/cards/120
10,Weevil Underwood,44,132,The 13th Grave,0.59%,https://yugioh-fm-db.pages.dev/cards/132
10,Weevil Underwood,45,169,Dark King of the Abyss,0.39%,https://yugioh-fm-db.pages.dev/cards/169
10,Weevil Underwood,46,171,Big Eye,0.78%,https://yugioh-fm-db.pages.dev/cards/171
10,Weevil Underwood,47,201,Frenzied Panda,0.78%,https://yugioh-fm-db.pages.dev/cards/201
10,Weevil Underwood,48,241,Dark Assailant,0.39%,https://yugioh-fm-db.pages.dev/cards/241
10,Weevil Underwood,49,248,Master & Expert,0.78%,https://yugioh-fm-db.pages.dev/cards/248
10,Weevil Underwood,50,251,Enchanting Mermaid,0.59%,https://yugioh-fm-db.pages.dev/cards/251
10,Weevil Underwood,51,256,Dimensional Warrior,0.78%,https://yugioh-fm-db.pages.dev/cards/256
10,Weevil Underwood,52,284,Tao the Chanter,0.59%,https://yugioh-fm-db.pages.dev/cards/284
10,Weevil Underwood,53,294,Dragoness the Wicked Knight,0.59%,https://yugioh-fm-db.pages.dev/cards/294
10,Weevil Underwood,54,299,Sonic Maid,0.59%,https://yugioh-fm-db.pages.dev/cards/299
10,Weevil Underwood,55,354,Stuffed Animal,0.59%,https://yugioh-fm-db.pages.dev/cards/354
10,Weevil Underwood,56,361,Flying Penguin,0.78%,https://yugioh-fm-db.pages.dev/cards/361
10,Weevil Underwood,57,450,Kappa Avenger,0.59%,https://yugioh-fm-db.pages.dev/cards/450
10,Weevil Underwood,58,457,Stone Ghost,0.78%,https://yugioh-fm-db.pages.dev/cards/457
10,Weevil Underwood,59,552,Winged Dragon #2,0.78%,https://yugioh-fm-db.pages.dev/cards/552
10,Weevil Underwood,60,561,Lesser Dragon,0.78%,https://yugioh-fm-db.pages.dev/cards/561
10,Weevil Underwood,61,566,Yormungarde,0.59%,https://yugioh-fm-db.pages.dev/cards/566
10,Weevil Underwood,62,567,Darkworld Thorns,2.34%,https://yugioh-fm-db.pages.dev/cards/567
10,Weevil Underwood,63,431,Ice Water,0.59%,https://yugioh-fm-db.pages.dev/cards/431
10,Weevil Underwood,64,642,Mystical Sheep #1,0.59%,https://yugioh-fm-db.pages.dev/cards/642
10,Weevil Underwood,65,76,Krokodilus,0.59%,https://yugioh-fm-db.pages.dev/cards/76
10,Weevil Underwood,66,110,Hero of the East,0.59%,https://yugioh-fm-db.pages.dev/cards/110
10,Weevil Underwood,67,138,Dragon Statue,0.39%,https://yugioh-fm-db.pages.dev/cards/138
10,Weevil Underwood,68,246,One Who Hunts Souls,0.59%,https://yugioh-fm-db.pages.dev/cards/246
10,Weevil Underwood,69,252,Nekogal #1,0.39%,https://yugioh-fm-db.pages.dev/cards/252
10,Weevil Underwood,70,269,Versago the Destroyer,0.39%,https://yugioh-fm-db.pages.dev/cards/269
10,Weevil Underwood,71,290,Moon Envoy,0.59%,https://yugioh-fm-db.pages.dev/cards/290
10,Weevil Underwood,72,293,Masaki the Legendary Swordsman,0.78%,https://yugioh-fm-db.pages.dev/cards/293
10,Weevil Underwood,73,474,Sea Kamen,0.39%,https://yugioh-fm-db.pages.dev/cards/474
10,Weevil Underwood,74,489,Barrel Lily,0.05%,https://yugioh-fm-db.pages.dev/cards/489
10,Weevil Underwood,75,574,Witch of the Black Forest,0.59%,https://yugioh-fm-db.pages.dev/cards/574
10,Weevil Underwood,76,576,Giant Scorpion of the Tundra,2.34%,https://yugioh-fm-db.pages.dev/cards/576
10,Weevil Underwood,77,580,Patrol Robo,0.39%,https://yugioh-fm-db.pages.dev/cards/580
10,Weevil Underwood,78,603,Fairy Dragon,0.59%,https://yugioh-fm-db.pages.dev/cards/603
10,Weevil Underwood,79,616,Hourglass of Courage,0.59%,https://yugioh-fm-db.pages.dev/cards/616
10,Weevil Underwood,80,219,Solitude,0.59%,https://yugioh-fm-db.pages.dev/cards/219
10,Weevil Underwood,81,600,Key Mace #2,0.78%,https://yugioh-fm-db.pages.dev/cards/600
10,Weevil Underwood,82,118,Supporter in the Shadows,0.39%,https://yugioh-fm-db.pages.dev/cards/118
10,Weevil Underwood,83,140,Toad Master,0.39%,https://yugioh-fm-db.pages.dev/cards/140
10,Weevil Underwood,84,181,Dark Shade,0.39%,https://yugioh-fm-db.pages.dev/cards/181
10,Weevil Underwood,85,196,Arma Knight,0.78%,https://yugioh-fm-db.pages.dev/cards/196
10,Weevil Underwood,86,236,Guardian of the Labyrinth,0.78%,https://yugioh-fm-db.pages.dev/cards/236
10,Weevil Underwood,87,258,Beastking of the Swamps,0.59%,https://yugioh-fm-db.pages.dev/cards/258
10,Weevil Underwood,88,259,Ancient Sorcerer,0.59%,https://yugioh-fm-db.pages.dev/cards/259
10,Weevil Underwood,89,276,Ray & Temperature,0.39%,https://yugioh-fm-db.pages.dev/cards/276
10,Weevil Underwood,90,406,Yaiba Robo,0.59%,https://yugioh-fm-db.pages.dev/cards/406
10,Weevil Underwood,91,455,Barrel Rock,0.59%,https://yugioh-fm-db.pages.dev/cards/455
10,Weevil Underwood,92,478,Insect Soldiers of the Sky,0.10%,https://yugioh-fm-db.pages.dev/cards/478
10,Weevil Underwood,93,496,Wilmee,0.78%,https://yugioh-fm-db.pages.dev/cards/496
10,Weevil Underwood,94,584,Binding Chain,0.59%,https://yugioh-fm-db.pages.dev/cards/584
10,Weevil Underwood,95,620,Snakeyashi,2.34%,https://yugioh-fm-db.pages.dev/cards/620
10,Weevil Underwood,96,477,Alinsection,0.05%,https://yugioh-fm-db.pages.dev/cards/477
10,Weevil Underwood,97,560,Invader from Another Dimension,0.59%,https://yugioh-fm-db.pages.dev/cards/560
10,Weevil Underwood,98,629,Armored Rat,0.59%,https://yugioh-fm-db.pages.dev/cards/629
10,Weevil Underwood,99,116,Nightmare Scorpion,0.05%,https://yugioh-fm-db.pages.dev/cards/116
10,Weevil Underwood,100,146,Temple of Skulls,0.78%,https://yugioh-fm-db.pages.dev/cards/146
10,Weevil Underwood,101,153,Dokuroizo the Grim Reaper,0.59%,https://yugioh-fm-db.pages.dev/cards/153
10,Weevil Underwood,102,220,Masked Sorcerer,0.59%,https://yugioh-fm-db.pages.dev/cards/220
10,Weevil Underwood,103,235,Wodan the Resident of the Forest,0.59%,https://yugioh-fm-db.pages.dev/cards/235
10,Weevil Underwood,104,414,Shovel Crusher,0.59%,https://yugioh-fm-db.pages.dev/cards/414
10,Weevil Underwood,105,510,Laughing Flower,0.05%,https://yugioh-fm-db.pages.dev/cards/510
10,Weevil Underwood,106,588,Living Vase,1.17%,https://yugioh-fm-db.pages.dev/cards/588
10,Weevil Underwood,107,640,Acid Crawler,0.05%,https://yugioh-fm-db.pages.dev/cards/640
10,Weevil Underwood,108,534,Minar,0.05%,https://yugioh-fm-db.pages.dev/cards/534
10,Weevil Underwood,109,615,Armored Starfish,0.78%,https://yugioh-fm-db.pages.dev/cards/615
10,Weevil Underwood,110,8,Mushroom Man,0.05%,https://yugioh-fm-db.pages.dev/cards/8
10,Weevil Underwood,111,28,Rock Ogre Grotto #1,0.39%,https://yugioh-fm-db.pages.dev/cards/28
10,Weevil Underwood,112,75,Man-eating Plant,0.05%,https://yugioh-fm-db.pages.dev/cards/75
10,Weevil Underwood,113,103,Job-change Mirror,0.59%,https://yugioh-fm-db.pages.dev/cards/103
10,Weevil Underwood,114,158,Man Eater,0.05%,https://yugioh-fm-db.pages.dev/cards/158
10,Weevil Underwood,115,180,Arlownay,0.10%,https://yugioh-fm-db.pages.dev/cards/180
10,Weevil Underwood,116,231,Wood Clown,0.39%,https://yugioh-fm-db.pages.dev/cards/231
10,Weevil Underwood,117,238,Yashinoki,0.05%,https://yugioh-fm-db.pages.dev/cards/238
10,Weevil Underwood,118,250,Hyo,0.39%,https://yugioh-fm-db.pages.dev/cards/250
10,Weevil Underwood,119,257,Stone Armadiller,0.39%,https://yugioh-fm-db.pages.dev/cards/257
10,Weevil Underwood,120,262,The Little Swordsman of Aile,0.59%,https://yugioh-fm-db.pages.dev/cards/262
10,Weevil Underwood,121,280,Protector of the Throne,0.59%,https://yugioh-fm-db.pages.dev/cards/280
10,Weevil Underwood,122,381,Toon Alligator,0.39%,https://yugioh-fm-db.pages.dev/cards/381
10,Weevil Underwood,123,479,Cockroach Knight,0.05%,https://yugioh-fm-db.pages.dev/cards/479
10,Weevil Underwood,124,562,Needle Worm,0.05%,https://yugioh-fm-db.pages.dev/cards/562
10,Weevil Underwood,125,579,Abyss Flower,0.05%,https://yugioh-fm-db.pages.dev/cards/579
10,Weevil Underwood,126,121,Sleeping Lion,0.39%,https://yugioh-fm-db.pages.dev/cards/121
10,Weevil Underwood,127,141,Spiked Snail,1.17%,https://yugioh-fm-db.pages.dev/cards/141
10,Weevil Underwood,128,157,Firegrass,0.05%,https://yugioh-fm-db.pages.dev/cards/157
10,Weevil Underwood,129,172,Armaill,0.39%,https://yugioh-fm-db.pages.dev/cards/172
10,Weevil Underwood,130,209,Winged Cleaver,0.05%,https://yugioh-fm-db.pages.dev/cards/209
10,Weevil Underwood,131,221,Kumootoko,2.34%,https://yugioh-fm-db.pages.dev/cards/221
10,Weevil Underwood,132,263,Rock Ogre Grotto #2,0.59%,https://yugioh-fm-db.pages.dev/cards/263
10,Weevil Underwood,133,296,One-eyed Shield Dragon,0.39%,https://yugioh-fm-db.pages.dev/cards/296
10,Weevil Underwood,134,601,Tenderness,0.59%,https://yugioh-fm-db.pages.dev/cards/601
10,Weevil Underwood,135,506,Gale Dogra,0.05%,https://yugioh-fm-db.pages.dev/cards/506
10,Weevil Underwood,136,34,Saggi the Dark Clown,0.59%,https://yugioh-fm-db.pages.dev/cards/34
10,Weevil Underwood,137,273,Ancient Tree of Enlightenment,2.34%,https://yugioh-fm-db.pages.dev/cards/273
10,Weevil Underwood,138,288,Dark Artist,0.39%,https://yugioh-fm-db.pages.dev/cards/288
10,Weevil Underwood,139,476,Ganigumo,0.05%,https://yugioh-fm-db.pages.dev/cards/476
10,Weevil Underwood,140,609,Bladefly,0.05%,https://yugioh-fm-db.pages.dev/cards/609
10,Weevil Underwood,141,485,Korogashi,0.05%,https://yugioh-fm-db.pages.dev/cards/485
10,Weevil Underwood,142,50,Basic Insect,0.05%,https://yugioh-fm-db.pages.dev/cards/50
10,Weevil Underwood,143,56,Larvae Moth,1.56%,https://yugioh-fm-db.pages.dev/cards/56
10,Weevil Underwood,144,274,Green Phantom King,2.34%,https://yugioh-fm-db.pages.dev/cards/274
10,Weevil Underwood,145,589,Tentacle Plant,0.05%,https://yugioh-fm-db.pages.dev/cards/589
10,Weevil Underwood,146,501,Man-eater Bug,0.05%,https://yugioh-fm-db.pages.dev/cards/501
10,Weevil Underwood,147,488,Rainbow Flower,0.05%,https://yugioh-fm-db.pages.dev/cards/488
10,Weevil Underwood,148,547,Griggle,0.05%,https://yugioh-fm-db.pages.dev/cards/547
10,Weevil Underwood,149,123,Dark Plant,0.05%,https://yugioh-fm-db.pages.dev/cards/123
10,Weevil Underwood,150,278,Petit Moth,0.05%,https://yugioh-fm-db.pages.dev/cards/278
10,Weevil Underwood,151,397,Leghul,0.05%,https://yugioh-fm-db.pages.dev/cards/397
10,Weevil Underwood,152,499,Kattapillar,0.05%,https://yugioh-fm-db.pages.dev/cards/499
10,Weevil Underwood,153,40,Dragon Piper,0.39%,https://yugioh-fm-db.pages.dev/cards/40
10,Weevil Underwood,154,72,Cocoon of Evolution,1.56%,https://yugioh-fm-db.pages.dev/cards/72
10,Weevil Underwood,155,305,Laser Cannon Armor,2.44%,https://yugioh-fm-db.pages.dev/cards/305
10,Weevil Underwood,156,306,Insect Armor with Laser Cannon,2.44%,https://yugioh-fm-db.pages.dev/cards/306
10,Weevil Underwood,157,330,Forest,2.34%,https://yugioh-fm-db.pages.dev/cards/330
6,Villager3,1,367,Jirai Gumo,0.05%,https://yugioh-fm-db.pages.dev/cards/367
6,Villager3,2,97,Dragon Zombie,0.98%,https://yugioh-fm-db.pages.dev/cards/97
6,Villager3,3,599,Violent Rain,0.05%,https://yugioh-fm-db.pages.dev/cards/599
6,Villager3,4,96,Armored Zombie,0.20%,https://yugioh-fm-db.pages.dev/cards/96
6,Villager3,5,647,Hyosube,0.05%,https://yugioh-fm-db.pages.dev/cards/647
6,Villager3,6,430,Water Magician,0.05%,https://yugioh-fm-db.pages.dev/cards/430
6,Villager3,7,98,Clown Zombie,0.05%,https://yugioh-fm-db.pages.dev/cards/98
6,Villager3,8,550,Behegon,0.05%,https://yugioh-fm-db.pages.dev/cards/550
6,Villager3,9,445,Guardian of the Sea,0.05%,https://yugioh-fm-db.pages.dev/cards/445
6,Villager3,10,646,Gruesome Goo,0.98%,https://yugioh-fm-db.pages.dev/cards/646
6,Villager3,11,435,Water Girl,0.05%,https://yugioh-fm-db.pages.dev/cards/435
6,Villager3,12,559,Oscillo Hero,0.59%,https://yugioh-fm-db.pages.dev/cards/559
6,Villager3,13,4,Baby Dragon,0.88%,https://yugioh-fm-db.pages.dev/cards/4
6,Villager3,14,30,Zombie Warrior,0.20%,https://yugioh-fm-db.pages.dev/cards/30
6,Villager3,15,47,Torike,0.98%,https://yugioh-fm-db.pages.dev/cards/47
6,Villager3,16,59,Mammoth Graveyard,0.49%,https://yugioh-fm-db.pages.dev/cards/59
6,Villager3,17,61,Wolf,0.49%,https://yugioh-fm-db.pages.dev/cards/61
6,Villager3,18,65,Silver Fang,0.49%,https://yugioh-fm-db.pages.dev/cards/65
6,Villager3,19,132,The 13th Grave,0.20%,https://yugioh-fm-db.pages.dev/cards/132
6,Villager3,20,169,Dark King of the Abyss,0.49%,https://yugioh-fm-db.pages.dev/cards/169
6,Villager3,21,241,Dark Assailant,0.05%,https://yugioh-fm-db.pages.dev/cards/241
6,Villager3,22,361,Flying Penguin,0.05%,https://yugioh-fm-db.pages.dev/cards/361
6,Villager3,23,450,Kappa Avenger,0.10%,https://yugioh-fm-db.pages.dev/cards/450
6,Villager3,24,457,Stone Ghost,0.05%,https://yugioh-fm-db.pages.dev/cards/457
6,Villager3,25,431,Ice Water,0.29%,https://yugioh-fm-db.pages.dev/cards/431
6,Villager3,26,634,Night Lizard,0.05%,https://yugioh-fm-db.pages.dev/cards/634
6,Villager3,27,133,Charubin the Fire Knight,0.88%,https://yugioh-fm-db.pages.dev/cards/133
6,Villager3,28,138,Dragon Statue,0.49%,https://yugioh-fm-db.pages.dev/cards/138
6,Villager3,29,252,Nekogal #1,0.39%,https://yugioh-fm-db.pages.dev/cards/252
6,Villager3,30,269,Versago the Destroyer,0.39%,https://yugioh-fm-db.pages.dev/cards/269
6,Villager3,31,283,Holograh,0.98%,https://yugioh-fm-db.pages.dev/cards/283
6,Villager3,32,359,Three-legged Zombies,1.86%,https://yugioh-fm-db.pages.dev/cards/359
6,Villager3,33,432,Waterdragon Fairy,2.25%,https://yugioh-fm-db.pages.dev/cards/432
6,Villager3,34,461,Bolt Penguin,1.86%,https://yugioh-fm-db.pages.dev/cards/461
6,Villager3,35,474,Sea Kamen,0.05%,https://yugioh-fm-db.pages.dev/cards/474
6,Villager3,36,489,Barrel Lily,0.78%,https://yugioh-fm-db.pages.dev/cards/489
6,Villager3,37,539,Corroding Shark,2.25%,https://yugioh-fm-db.pages.dev/cards/539
6,Villager3,38,573,Little D,0.98%,https://yugioh-fm-db.pages.dev/cards/573
6,Villager3,39,580,Patrol Robo,0.39%,https://yugioh-fm-db.pages.dev/cards/580
6,Villager3,40,612,Lady of Faith,0.78%,https://yugioh-fm-db.pages.dev/cards/612
6,Villager3,41,446,Aqua Snake,1.46%,https://yugioh-fm-db.pages.dev/cards/446
6,Villager3,42,45,Oscillo Hero #2,0.20%,https://yugioh-fm-db.pages.dev/cards/45
6,Villager3,43,48,Sangan,0.49%,https://yugioh-fm-db.pages.dev/cards/48
6,Villager3,44,114,White Magical Hat,0.88%,https://yugioh-fm-db.pages.dev/cards/114
6,Villager3,45,118,Supporter in the Shadows,0.49%,https://yugioh-fm-db.pages.dev/cards/118
6,Villager3,46,140,Toad Master,0.98%,https://yugioh-fm-db.pages.dev/cards/140
6,Villager3,47,175,Ancient Brain,0.88%,https://yugioh-fm-db.pages.dev/cards/175
6,Villager3,48,178,Claw Reacher,0.98%,https://yugioh-fm-db.pages.dev/cards/178
6,Villager3,49,181,Dark Shade,0.49%,https://yugioh-fm-db.pages.dev/cards/181
6,Villager3,50,190,Akakieisu,0.98%,https://yugioh-fm-db.pages.dev/cards/190
6,Villager3,51,196,Arma Knight,0.05%,https://yugioh-fm-db.pages.dev/cards/196
6,Villager3,52,215,Flame Ghost,2.25%,https://yugioh-fm-db.pages.dev/cards/215
6,Villager3,53,228,Wood Remains,1.86%,https://yugioh-fm-db.pages.dev/cards/228
6,Villager3,54,258,Beastking of the Swamps,0.10%,https://yugioh-fm-db.pages.dev/cards/258
6,Villager3,55,270,Wetha,1.86%,https://yugioh-fm-db.pages.dev/cards/270
6,Villager3,56,276,Ray & Temperature,0.39%,https://yugioh-fm-db.pages.dev/cards/276
6,Villager3,57,279,King Fog,0.78%,https://yugioh-fm-db.pages.dev/cards/279
6,Villager3,58,455,Barrel Rock,0.05%,https://yugioh-fm-db.pages.dev/cards/455
6,Villager3,59,478,Insect Soldiers of the Sky,0.98%,https://yugioh-fm-db.pages.dev/cards/478
6,Villager3,60,568,Anthrosaurus,0.78%,https://yugioh-fm-db.pages.dev/cards/568
6,Villager3,61,429,Goddess of Whim,0.59%,https://yugioh-fm-db.pages.dev/cards/429
6,Villager3,62,477,Alinsection,0.59%,https://yugioh-fm-db.pages.dev/cards/477
6,Villager3,63,530,Eldeen,0.59%,https://yugioh-fm-db.pages.dev/cards/530
6,Villager3,64,583,Weather Report,0.05%,https://yugioh-fm-db.pages.dev/cards/583
6,Villager3,65,605,Liquid Beast,2.15%,https://yugioh-fm-db.pages.dev/cards/605
6,Villager3,66,116,Nightmare Scorpion,0.88%,https://yugioh-fm-db.pages.dev/cards/116
6,Villager3,67,139,Blue-eyed Silver Zombie,0.98%,https://yugioh-fm-db.pages.dev/cards/139
6,Villager3,68,142,Flame Manipulator,0.88%,https://yugioh-fm-db.pages.dev/cards/142
6,Villager3,69,146,Temple of Skulls,0.05%,https://yugioh-fm-db.pages.dev/cards/146
6,Villager3,70,153,Dokuroizo the Grim Reaper,0.20%,https://yugioh-fm-db.pages.dev/cards/153
6,Villager3,71,189,Fusionist,0.49%,https://yugioh-fm-db.pages.dev/cards/189
6,Villager3,72,199,Penguin Knight,1.86%,https://yugioh-fm-db.pages.dev/cards/199
6,Villager3,73,205,Dorover,1.86%,https://yugioh-fm-db.pages.dev/cards/205
6,Villager3,74,206,Twin Long Rods #1,0.98%,https://yugioh-fm-db.pages.dev/cards/206
6,Villager3,75,218,Two-mouth Darkruler,0.39%,https://yugioh-fm-db.pages.dev/cards/218
6,Villager3,76,226,Skull Stalker,0.78%,https://yugioh-fm-db.pages.dev/cards/226
6,Villager3,77,239,Vishwar Randi,0.39%,https://yugioh-fm-db.pages.dev/cards/239
6,Villager3,78,243,Water Element,0.98%,https://yugioh-fm-db.pages.dev/cards/243
6,Villager3,79,244,Dissolverock,1.86%,https://yugioh-fm-db.pages.dev/cards/244
6,Villager3,80,247,Root Water,0.78%,https://yugioh-fm-db.pages.dev/cards/247
6,Villager3,81,266,Princess of Tsurugi,0.39%,https://yugioh-fm-db.pages.dev/cards/266
6,Villager3,82,298,Wicked Dragon with the Ersatz Head,0.98%,https://yugioh-fm-db.pages.dev/cards/298
6,Villager3,83,538,Niwatori,0.78%,https://yugioh-fm-db.pages.dev/cards/538
6,Villager3,84,569,Drooling Lizard,0.78%,https://yugioh-fm-db.pages.dev/cards/569
6,Villager3,85,588,Living Vase,0.39%,https://yugioh-fm-db.pages.dev/cards/588
6,Villager3,86,640,Acid Crawler,0.39%,https://yugioh-fm-db.pages.dev/cards/640
6,Villager3,87,481,Burglar,0.59%,https://yugioh-fm-db.pages.dev/cards/481
6,Villager3,88,534,Minar,0.39%,https://yugioh-fm-db.pages.dev/cards/534
6,Villager3,89,592,Muse-A,0.78%,https://yugioh-fm-db.pages.dev/cards/592
6,Villager3,90,606,Twin Long Rods #2,0.29%,https://yugioh-fm-db.pages.dev/cards/606
6,Villager3,91,610,Electric Lizard,1.46%,https://yugioh-fm-db.pages.dev/cards/610
6,Villager3,92,615,Armored Starfish,0.05%,https://yugioh-fm-db.pages.dev/cards/615
6,Villager3,93,28,Rock Ogre Grotto #1,0.98%,https://yugioh-fm-db.pages.dev/cards/28
6,Villager3,94,113,Dark Gray,0.88%,https://yugioh-fm-db.pages.dev/cards/113
6,Villager3,95,143,Necrolancer the Timelord,0.88%,https://yugioh-fm-db.pages.dev/cards/143
6,Villager3,96,155,Larvas,0.98%,https://yugioh-fm-db.pages.dev/cards/155
6,Villager3,97,177,Monsturtle,1.95%,https://yugioh-fm-db.pages.dev/cards/177
6,Villager3,98,180,Arlownay,0.98%,https://yugioh-fm-db.pages.dev/cards/180
6,Villager3,99,188,Synchar,0.88%,https://yugioh-fm-db.pages.dev/cards/188
6,Villager3,100,231,Wood Clown,0.39%,https://yugioh-fm-db.pages.dev/cards/231
6,Villager3,101,250,Hyo,0.39%,https://yugioh-fm-db.pages.dev/cards/250
6,Villager3,102,253,Angelwitch,0.98%,https://yugioh-fm-db.pages.dev/cards/253
6,Villager3,103,257,Stone Armadiller,0.98%,https://yugioh-fm-db.pages.dev/cards/257
6,Villager3,104,265,The Furious Sea King,0.10%,https://yugioh-fm-db.pages.dev/cards/265
6,Villager3,105,282,Mystical Sheep #2,0.98%,https://yugioh-fm-db.pages.dev/cards/282
6,Villager3,106,300,Kurama,0.39%,https://yugioh-fm-db.pages.dev/cards/300
6,Villager3,107,417,Blast Juggler,0.78%,https://yugioh-fm-db.pages.dev/cards/417
6,Villager3,108,463,Electric Snake,1.86%,https://yugioh-fm-db.pages.dev/cards/463
6,Villager3,109,479,Cockroach Knight,0.78%,https://yugioh-fm-db.pages.dev/cards/479
6,Villager3,110,505,Prisman,2.25%,https://yugioh-fm-db.pages.dev/cards/505
6,Villager3,111,556,The Wandering Doomed,0.05%,https://yugioh-fm-db.pages.dev/cards/556
6,Villager3,112,585,Mechanical Snail,0.98%,https://yugioh-fm-db.pages.dev/cards/585
6,Villager3,113,590,Beaked Snake,0.78%,https://yugioh-fm-db.pages.dev/cards/590
6,Villager3,114,260,Lunar Queen Elzaim,0.78%,https://yugioh-fm-db.pages.dev/cards/260
6,Villager3,115,537,Mega Thunderball,0.05%,https://yugioh-fm-db.pages.dev/cards/537
6,Villager3,116,602,Penguin Soldier,0.05%,https://yugioh-fm-db.pages.dev/cards/602
6,Villager3,117,100,Battle Warrior,0.88%,https://yugioh-fm-db.pages.dev/cards/100
6,Villager3,118,108,Graveyard and the Hand of Invitation,0.98%,https://yugioh-fm-db.pages.dev/cards/108
6,Villager3,119,141,Spiked Snail,0.49%,https://yugioh-fm-db.pages.dev/cards/141
6,Villager3,120,144,Djinn the Watcher of the Wind,0.49%,https://yugioh-fm-db.pages.dev/cards/144
6,Villager3,121,154,Fire Reaper,0.05%,https://yugioh-fm-db.pages.dev/cards/154
6,Villager3,122,172,Armaill,0.49%,https://yugioh-fm-db.pages.dev/cards/172
6,Villager3,123,211,Kaminarikozou,0.05%,https://yugioh-fm-db.pages.dev/cards/211
6,Villager3,124,263,Rock Ogre Grotto #2,0.10%,https://yugioh-fm-db.pages.dev/cards/263
6,Villager3,125,296,One-eyed Shield Dragon,0.39%,https://yugioh-fm-db.pages.dev/cards/296
6,Villager3,126,503,Turtle Raccoon,0.98%,https://yugioh-fm-db.pages.dev/cards/503
6,Villager3,127,549,Frog The Jam,0.05%,https://yugioh-fm-db.pages.dev/cards/549
6,Villager3,128,591,Morphing Jar,0.05%,https://yugioh-fm-db.pages.dev/cards/591
6,Villager3,129,451,Kanikabuto,0.29%,https://yugioh-fm-db.pages.dev/cards/451
6,Villager3,130,29,Mountain Warrior,0.49%,https://yugioh-fm-db.pages.dev/cards/29
6,Villager3,131,135,Fiend's Hand,0.05%,https://yugioh-fm-db.pages.dev/cards/135
6,Villager3,132,173,Dark Prisoner,0.49%,https://yugioh-fm-db.pages.dev/cards/173
6,Villager3,133,191,LaLa Li-oon,0.05%,https://yugioh-fm-db.pages.dev/cards/191
6,Villager3,134,203,Phantom Ghost,0.05%,https://yugioh-fm-db.pages.dev/cards/203
6,Villager3,135,227,Hitodenchak,0.05%,https://yugioh-fm-db.pages.dev/cards/227
6,Villager3,136,288,Dark Artist,0.39%,https://yugioh-fm-db.pages.dev/cards/288
6,Villager3,137,295,Bio Plant,0.78%,https://yugioh-fm-db.pages.dev/cards/295
6,Villager3,138,452,Zarigun,0.05%,https://yugioh-fm-db.pages.dev/cards/452
6,Villager3,139,516,Muka Muka,0.05%,https://yugioh-fm-db.pages.dev/cards/516
6,Villager3,140,524,Star Boy,0.05%,https://yugioh-fm-db.pages.dev/cards/524
6,Villager3,141,9,Shadow Specter,0.05%,https://yugioh-fm-db.pages.dev/cards/9
6,Villager3,142,152,The Melting Red Shadow,0.05%,https://yugioh-fm-db.pages.dev/cards/152
6,Villager3,143,197,Mech Mole Zombie,0.05%,https://yugioh-fm-db.pages.dev/cards/197
6,Villager3,144,224,Trap Master,0.39%,https://yugioh-fm-db.pages.dev/cards/224
6,Villager3,145,237,Haniwa,0.05%,https://yugioh-fm-db.pages.dev/cards/237
6,Villager3,146,264,Wing Egg Elf,0.98%,https://yugioh-fm-db.pages.dev/cards/264
6,Villager3,147,422,Jinzo #7,0.10%,https://yugioh-fm-db.pages.dev/cards/422
6,Villager3,148,444,Turu-Purun,0.05%,https://yugioh-fm-db.pages.dev/cards/444
6,Villager3,149,167,Ancient Jar,0.05%,https://yugioh-fm-db.pages.dev/cards/167
6,Villager3,150,289,Change Slime,0.05%,https://yugioh-fm-db.pages.dev/cards/289
6,Villager3,151,292,Psychic Kappa,0.05%,https://yugioh-fm-db.pages.dev/cards/292
6,Villager3,152,387,Mystic Lamp,0.10%,https://yugioh-fm-db.pages.dev/cards/387
6,Villager3,153,410,Mechanical Spider,0.10%,https://yugioh-fm-db.pages.dev/cards/410
6,Villager3,154,548,Bone Mouse,0.05%,https://yugioh-fm-db.pages.dev/cards/548
6,Villager3,155,558,Pot the Trick,0.05%,https://yugioh-fm-db.pages.dev/cards/558
6,Villager3,156,24,Skull Servant,0.05%,https://yugioh-fm-db.pages.dev/cards/24
6,Villager3,157,277,Gorgon Egg,0.39%,https://yugioh-fm-db.pages.dev/cards/277
6,Villager3,158,395,Dancing Elf,0.10%,https://yugioh-fm-db.pages.dev/cards/395
6,Villager3,159,397,Leghul,0.10%,https://yugioh-fm-db.pages.dev/cards/397
6,Villager3,160,398,Ooguchi,0.05%,https://yugioh-fm-db.pages.dev/cards/398
6,Villager3,161,411,Bat,0.10%,https://yugioh-fm-db.pages.dev/cards/411
6,Villager3,162,484,Ameba,0.05%,https://yugioh-fm-db.pages.dev/cards/484
6,Villager3,163,393,Zone Eater,0.05%,https://yugioh-fm-db.pages.dev/cards/393
6,Villager3,164,394,Steel Scorpion,0.10%,https://yugioh-fm-db.pages.dev/cards/394
6,Villager3,165,399,Swordsman from a Foreign Land,0.10%,https://yugioh-fm-db.pages.dev/cards/399
6,Villager3,166,402,Monster Eye,0.10%,https://yugioh-fm-db.pages.dev/cards/402
6,Villager3,167,40,Dragon Piper,0.49%,https://yugioh-fm-db.pages.dev/cards/40
6,Villager3,168,339,Red Medicine,3.13%,https://yugioh-fm-db.pages.dev/cards/339
6,Villager3,169,345,Final Flame,1.56%,https://yugioh-fm-db.pages.dev/cards/345
5,Villager2,1,367,Jirai Gumo,0.05%,https://yugioh-fm-db.pages.dev/cards/367
5,Villager2,2,97,Dragon Zombie,2.15%,https://yugioh-fm-db.pages.dev/cards/97
5,Villager2,3,599,Violent Rain,0.05%,https://yugioh-fm-db.pages.dev/cards/599
5,Villager2,4,96,Armored Zombie,1.76%,https://yugioh-fm-db.pages.dev/cards/96
5,Villager2,5,647,Hyosube,0.05%,https://yugioh-fm-db.pages.dev/cards/647
5,Villager2,6,430,Water Magician,0.05%,https://yugioh-fm-db.pages.dev/cards/430
5,Villager2,7,98,Clown Zombie,0.20%,https://yugioh-fm-db.pages.dev/cards/98
5,Villager2,8,550,Behegon,0.05%,https://yugioh-fm-db.pages.dev/cards/550
5,Villager2,9,445,Guardian of the Sea,0.05%,https://yugioh-fm-db.pages.dev/cards/445
5,Villager2,10,646,Gruesome Goo,0.05%,https://yugioh-fm-db.pages.dev/cards/646
5,Villager2,11,435,Water Girl,0.05%,https://yugioh-fm-db.pages.dev/cards/435
5,Villager2,12,30,Zombie Warrior,0.05%,https://yugioh-fm-db.pages.dev/cards/30
5,Villager2,13,47,Torike,0.49%,https://yugioh-fm-db.pages.dev/cards/47
5,Villager2,14,132,The 13th Grave,0.05%,https://yugioh-fm-db.pages.dev/cards/132
5,Villager2,15,241,Dark Assailant,0.05%,https://yugioh-fm-db.pages.dev/cards/241
5,Villager2,16,361,Flying Penguin,0.05%,https://yugioh-fm-db.pages.dev/cards/361
5,Villager2,17,450,Kappa Avenger,0.05%,https://yugioh-fm-db.pages.dev/cards/450
5,Villager2,18,457,Stone Ghost,0.05%,https://yugioh-fm-db.pages.dev/cards/457
5,Villager2,19,431,Ice Water,0.05%,https://yugioh-fm-db.pages.dev/cards/431
5,Villager2,20,634,Night Lizard,0.05%,https://yugioh-fm-db.pages.dev/cards/634
5,Villager2,21,283,Holograh,0.39%,https://yugioh-fm-db.pages.dev/cards/283
5,Villager2,22,359,Three-legged Zombies,0.15%,https://yugioh-fm-db.pages.dev/cards/359
5,Villager2,23,432,Waterdragon Fairy,0.93%,https://yugioh-fm-db.pages.dev/cards/432
5,Villager2,24,461,Bolt Penguin,0.15%,https://yugioh-fm-db.pages.dev/cards/461
5,Villager2,25,474,Sea Kamen,0.05%,https://yugioh-fm-db.pages.dev/cards/474
5,Villager2,26,489,Barrel Lily,0.78%,https://yugioh-fm-db.pages.dev/cards/489
5,Villager2,27,539,Corroding Shark,0.93%,https://yugioh-fm-db.pages.dev/cards/539
5,Villager2,28,573,Little D,0.44%,https://yugioh-fm-db.pages.dev/cards/573
5,Villager2,29,446,Aqua Snake,0.05%,https://yugioh-fm-db.pages.dev/cards/446
5,Villager2,30,5,Ryu-kishin,0.78%,https://yugioh-fm-db.pages.dev/cards/5
5,Villager2,31,45,Oscillo Hero #2,1.76%,https://yugioh-fm-db.pages.dev/cards/45
5,Villager2,32,48,Sangan,0.98%,https://yugioh-fm-db.pages.dev/cards/48
5,Villager2,33,114,White Magical Hat,0.78%,https://yugioh-fm-db.pages.dev/cards/114
5,Villager2,34,140,Toad Master,0.05%,https://yugioh-fm-db.pages.dev/cards/140
5,Villager2,35,160,M-warrior #1,0.78%,https://yugioh-fm-db.pages.dev/cards/160
5,Villager2,36,175,Ancient Brain,0.78%,https://yugioh-fm-db.pages.dev/cards/175
5,Villager2,37,178,Claw Reacher,0.49%,https://yugioh-fm-db.pages.dev/cards/178
5,Villager2,38,190,Akakieisu,0.49%,https://yugioh-fm-db.pages.dev/cards/190
5,Villager2,39,196,Arma Knight,0.05%,https://yugioh-fm-db.pages.dev/cards/196
5,Villager2,40,215,Flame Ghost,0.78%,https://yugioh-fm-db.pages.dev/cards/215
5,Villager2,41,228,Wood Remains,0.10%,https://yugioh-fm-db.pages.dev/cards/228
5,Villager2,42,258,Beastking of the Swamps,0.05%,https://yugioh-fm-db.pages.dev/cards/258
5,Villager2,43,267,Unknown Warrior of Fiend,0.78%,https://yugioh-fm-db.pages.dev/cards/267
5,Villager2,44,270,Wetha,0.10%,https://yugioh-fm-db.pages.dev/cards/270
5,Villager2,45,455,Barrel Rock,0.05%,https://yugioh-fm-db.pages.dev/cards/455
5,Villager2,46,478,Insect Soldiers of the Sky,0.44%,https://yugioh-fm-db.pages.dev/cards/478
5,Villager2,47,429,Goddess of Whim,0.88%,https://yugioh-fm-db.pages.dev/cards/429
5,Villager2,48,477,Alinsection,0.88%,https://yugioh-fm-db.pages.dev/cards/477
5,Villager2,49,583,Weather Report,0.05%,https://yugioh-fm-db.pages.dev/cards/583
5,Villager2,50,605,Liquid Beast,1.37%,https://yugioh-fm-db.pages.dev/cards/605
5,Villager2,51,116,Nightmare Scorpion,0.78%,https://yugioh-fm-db.pages.dev/cards/116
5,Villager2,52,139,Blue-eyed Silver Zombie,2.15%,https://yugioh-fm-db.pages.dev/cards/139
5,Villager2,53,146,Temple of Skulls,0.05%,https://yugioh-fm-db.pages.dev/cards/146
5,Villager2,54,153,Dokuroizo the Grim Reaper,0.05%,https://yugioh-fm-db.pages.dev/cards/153
5,Villager2,55,189,Fusionist,0.98%,https://yugioh-fm-db.pages.dev/cards/189
5,Villager2,56,195,Doron,0.49%,https://yugioh-fm-db.pages.dev/cards/195
5,Villager2,57,199,Penguin Knight,1.76%,https://yugioh-fm-db.pages.dev/cards/199
5,Villager2,58,205,Dorover,1.56%,https://yugioh-fm-db.pages.dev/cards/205
5,Villager2,59,206,Twin Long Rods #1,1.95%,https://yugioh-fm-db.pages.dev/cards/206
5,Villager2,60,218,Two-mouth Darkruler,0.78%,https://yugioh-fm-db.pages.dev/cards/218
5,Villager2,61,226,Skull Stalker,0.78%,https://yugioh-fm-db.pages.dev/cards/226
5,Villager2,62,239,Vishwar Randi,0.78%,https://yugioh-fm-db.pages.dev/cards/239
5,Villager2,63,243,Water Element,1.95%,https://yugioh-fm-db.pages.dev/cards/243
5,Villager2,64,244,Dissolverock,0.98%,https://yugioh-fm-db.pages.dev/cards/244
5,Villager2,65,247,Root Water,0.78%,https://yugioh-fm-db.pages.dev/cards/247
5,Villager2,66,266,Princess of Tsurugi,0.78%,https://yugioh-fm-db.pages.dev/cards/266
5,Villager2,67,271,Megirus Light,0.78%,https://yugioh-fm-db.pages.dev/cards/271
5,Villager2,68,298,Wicked Dragon with the Ersatz Head,0.39%,https://yugioh-fm-db.pages.dev/cards/298
5,Villager2,69,510,Laughing Flower,0.44%,https://yugioh-fm-db.pages.dev/cards/510
5,Villager2,70,538,Niwatori,0.78%,https://yugioh-fm-db.pages.dev/cards/538
5,Villager2,71,544,Dharma Cannon,0.44%,https://yugioh-fm-db.pages.dev/cards/544
5,Villager2,72,569,Drooling Lizard,0.78%,https://yugioh-fm-db.pages.dev/cards/569
5,Villager2,73,640,Acid Crawler,0.93%,https://yugioh-fm-db.pages.dev/cards/640
5,Villager2,74,481,Burglar,0.88%,https://yugioh-fm-db.pages.dev/cards/481
5,Villager2,75,534,Minar,0.93%,https://yugioh-fm-db.pages.dev/cards/534
5,Villager2,76,592,Muse-A,0.63%,https://yugioh-fm-db.pages.dev/cards/592
5,Villager2,77,606,Twin Long Rods #2,2.00%,https://yugioh-fm-db.pages.dev/cards/606
5,Villager2,78,610,Electric Lizard,2.00%,https://yugioh-fm-db.pages.dev/cards/610
5,Villager2,79,615,Armored Starfish,0.05%,https://yugioh-fm-db.pages.dev/cards/615
5,Villager2,80,8,Mushroom Man,0.49%,https://yugioh-fm-db.pages.dev/cards/8
5,Villager2,81,28,Rock Ogre Grotto #1,0.05%,https://yugioh-fm-db.pages.dev/cards/28
5,Villager2,82,75,Man-eating Plant,0.49%,https://yugioh-fm-db.pages.dev/cards/75
5,Villager2,83,107,Kageningen,0.49%,https://yugioh-fm-db.pages.dev/cards/107
5,Villager2,84,113,Dark Gray,0.78%,https://yugioh-fm-db.pages.dev/cards/113
5,Villager2,85,129,Nemuriko,0.78%,https://yugioh-fm-db.pages.dev/cards/129
5,Villager2,86,143,Necrolancer the Timelord,0.78%,https://yugioh-fm-db.pages.dev/cards/143
5,Villager2,87,148,The Shadow Who Controls the Dark,0.78%,https://yugioh-fm-db.pages.dev/cards/148
5,Villager2,88,155,Larvas,0.49%,https://yugioh-fm-db.pages.dev/cards/155
5,Villager2,89,158,Man Eater,0.49%,https://yugioh-fm-db.pages.dev/cards/158
5,Villager2,90,176,Fire Eye,0.49%,https://yugioh-fm-db.pages.dev/cards/176
5,Villager2,91,177,Monsturtle,0.98%,https://yugioh-fm-db.pages.dev/cards/177
5,Villager2,92,180,Arlownay,0.49%,https://yugioh-fm-db.pages.dev/cards/180
5,Villager2,93,188,Synchar,0.78%,https://yugioh-fm-db.pages.dev/cards/188
5,Villager2,94,222,Midnight Fiend,0.39%,https://yugioh-fm-db.pages.dev/cards/222
5,Villager2,95,238,Yashinoki,0.39%,https://yugioh-fm-db.pages.dev/cards/238
5,Villager2,96,253,Angelwitch,0.39%,https://yugioh-fm-db.pages.dev/cards/253
5,Villager2,97,257,Stone Armadiller,0.05%,https://yugioh-fm-db.pages.dev/cards/257
5,Villager2,98,265,The Furious Sea King,1.56%,https://yugioh-fm-db.pages.dev/cards/265
5,Villager2,99,282,Mystical Sheep #2,0.39%,https://yugioh-fm-db.pages.dev/cards/282
5,Villager2,100,300,Kurama,0.93%,https://yugioh-fm-db.pages.dev/cards/300
5,Villager2,101,417,Blast Juggler,0.78%,https://yugioh-fm-db.pages.dev/cards/417
5,Villager2,102,463,Electric Snake,1.71%,https://yugioh-fm-db.pages.dev/cards/463
5,Villager2,103,479,Cockroach Knight,0.78%,https://yugioh-fm-db.pages.dev/cards/479
5,Villager2,104,505,Prisman,0.93%,https://yugioh-fm-db.pages.dev/cards/505
5,Villager2,105,536,Mechaleon,0.44%,https://yugioh-fm-db.pages.dev/cards/536
5,Villager2,106,556,The Wandering Doomed,0.93%,https://yugioh-fm-db.pages.dev/cards/556
5,Villager2,107,585,Mechanical Snail,0.44%,https://yugioh-fm-db.pages.dev/cards/585
5,Villager2,108,590,Beaked Snake,0.78%,https://yugioh-fm-db.pages.dev/cards/590
5,Villager2,109,421,Cyber Commander,0.63%,https://yugioh-fm-db.pages.dev/cards/421
5,Villager2,110,490,Needle Ball,0.63%,https://yugioh-fm-db.pages.dev/cards/490
5,Villager2,111,537,Mega Thunderball,0.29%,https://yugioh-fm-db.pages.dev/cards/537
5,Villager2,112,602,Penguin Soldier,0.05%,https://yugioh-fm-db.pages.dev/cards/602
5,Villager2,113,604,Obese Marmot of Nefariousness,0.88%,https://yugioh-fm-db.pages.dev/cards/604
5,Villager2,114,100,Battle Warrior,0.78%,https://yugioh-fm-db.pages.dev/cards/100
5,Villager2,115,108,Graveyard and the Hand of Invitation,2.15%,https://yugioh-fm-db.pages.dev/cards/108
5,Villager2,116,134,Mystical Capture Chain,0.49%,https://yugioh-fm-db.pages.dev/cards/134
5,Villager2,117,144,Djinn the Watcher of the Wind,0.98%,https://yugioh-fm-db.pages.dev/cards/144
5,Villager2,118,145,The Bewitching Phantom Thief,0.49%,https://yugioh-fm-db.pages.dev/cards/145
5,Villager2,119,154,Fire Reaper,0.05%,https://yugioh-fm-db.pages.dev/cards/154
5,Villager2,120,187,Gate Deeg,0.78%,https://yugioh-fm-db.pages.dev/cards/187
5,Villager2,121,209,Winged Cleaver,0.39%,https://yugioh-fm-db.pages.dev/cards/209
5,Villager2,122,211,Kaminarikozou,0.10%,https://yugioh-fm-db.pages.dev/cards/211
5,Villager2,123,240,The Drdek,0.78%,https://yugioh-fm-db.pages.dev/cards/240
5,Villager2,124,263,Rock Ogre Grotto #2,0.05%,https://yugioh-fm-db.pages.dev/cards/263
5,Villager2,125,503,Turtle Raccoon,2.10%,https://yugioh-fm-db.pages.dev/cards/503
5,Villager2,126,549,Frog The Jam,0.05%,https://yugioh-fm-db.pages.dev/cards/549
5,Villager2,127,591,Morphing Jar,0.15%,https://yugioh-fm-db.pages.dev/cards/591
5,Villager2,128,451,Kanikabuto,2.00%,https://yugioh-fm-db.pages.dev/cards/451
5,Villager2,129,586,Greenkappa,0.88%,https://yugioh-fm-db.pages.dev/cards/586
5,Villager2,130,29,Mountain Warrior,0.98%,https://yugioh-fm-db.pages.dev/cards/29
5,Villager2,131,135,Fiend's Hand,0.05%,https://yugioh-fm-db.pages.dev/cards/135
5,Villager2,132,147,Monster Egg,0.78%,https://yugioh-fm-db.pages.dev/cards/147
5,Villager2,133,173,Dark Prisoner,0.98%,https://yugioh-fm-db.pages.dev/cards/173
5,Villager2,134,183,Lucky Trinket,0.49%,https://yugioh-fm-db.pages.dev/cards/183
5,Villager2,135,184,Genin,0.78%,https://yugioh-fm-db.pages.dev/cards/184
5,Villager2,136,191,LaLa Li-oon,0.05%,https://yugioh-fm-db.pages.dev/cards/191
5,Villager2,137,203,Phantom Ghost,0.98%,https://yugioh-fm-db.pages.dev/cards/203
5,Villager2,138,208,Petit Angel,0.78%,https://yugioh-fm-db.pages.dev/cards/208
5,Villager2,139,227,Hitodenchak,0.10%,https://yugioh-fm-db.pages.dev/cards/227
5,Villager2,140,232,Madjinn Gunn,0.39%,https://yugioh-fm-db.pages.dev/cards/232
5,Villager2,141,452,Zarigun,0.15%,https://yugioh-fm-db.pages.dev/cards/452
5,Villager2,142,476,Ganigumo,0.44%,https://yugioh-fm-db.pages.dev/cards/476
5,Villager2,143,516,Muka Muka,0.05%,https://yugioh-fm-db.pages.dev/cards/516
5,Villager2,144,524,Star Boy,0.05%,https://yugioh-fm-db.pages.dev/cards/524
5,Villager2,145,9,Shadow Specter,0.05%,https://yugioh-fm-db.pages.dev/cards/9
5,Villager2,146,152,The Melting Red Shadow,0.05%,https://yugioh-fm-db.pages.dev/cards/152
5,Villager2,147,161,M-warrior #2,0.78%,https://yugioh-fm-db.pages.dev/cards/161
5,Villager2,148,197,Mech Mole Zombie,0.05%,https://yugioh-fm-db.pages.dev/cards/197
5,Villager2,149,224,Trap Master,0.78%,https://yugioh-fm-db.pages.dev/cards/224
5,Villager2,150,237,Haniwa,0.05%,https://yugioh-fm-db.pages.dev/cards/237
5,Villager2,151,264,Wing Egg Elf,0.39%,https://yugioh-fm-db.pages.dev/cards/264
5,Villager2,152,444,Turu-Purun,0.05%,https://yugioh-fm-db.pages.dev/cards/444
5,Villager2,153,167,Ancient Jar,0.05%,https://yugioh-fm-db.pages.dev/cards/167
5,Villager2,154,289,Change Slime,0.05%,https://yugioh-fm-db.pages.dev/cards/289
5,Villager2,155,292,Psychic Kappa,0.93%,https://yugioh-fm-db.pages.dev/cards/292
5,Villager2,156,548,Bone Mouse,0.05%,https://yugioh-fm-db.pages.dev/cards/548
5,Villager2,157,558,Pot the Trick,0.05%,https://yugioh-fm-db.pages.dev/cards/558
5,Villager2,158,24,Skull Servant,0.05%,https://yugioh-fm-db.pages.dev/cards/24
5,Villager2,159,156,Hard Armor,0.78%,https://yugioh-fm-db.pages.dev/cards/156
5,Villager2,160,277,Gorgon Egg,0.78%,https://yugioh-fm-db.pages.dev/cards/277
5,Villager2,161,398,Ooguchi,0.05%,https://yugioh-fm-db.pages.dev/cards/398
5,Villager2,162,484,Ameba,0.05%,https://yugioh-fm-db.pages.dev/cards/484
5,Villager2,163,393,Zone Eater,0.05%,https://yugioh-fm-db.pages.dev/cards/393
5,Villager2,164,339,Red Medicine,1.56%,https://yugioh-fm-db.pages.dev/cards/339
5,Villager2,165,345,Final Flame,3.13%,https://yugioh-fm-db.pages.dev/cards/345
9,Rex Raptor,1,80,Uraby,0.05%,https://yugioh-fm-db.pages.dev/cards/80
9,Rex Raptor,2,98,Clown Zombie,1.17%,https://yugioh-fm-db.pages.dev/cards/98
9,Rex Raptor,3,570,Trakadon,0.05%,https://yugioh-fm-db.pages.dev/cards/570
9,Rex Raptor,4,59,Mammoth Graveyard,0.05%,https://yugioh-fm-db.pages.dev/cards/59
9,Rex Raptor,5,573,Little D,0.05%,https://yugioh-fm-db.pages.dev/cards/573
9,Rex Raptor,6,568,Anthrosaurus,0.10%,https://yugioh-fm-db.pages.dev/cards/568
9,Rex Raptor,7,102,Mask of Darkness,1.56%,https://yugioh-fm-db.pages.dev/cards/102
9,Rex Raptor,8,122,Yamatano Dragon Scroll,1.56%,https://yugioh-fm-db.pages.dev/cards/122
9,Rex Raptor,9,174,Hurricail,1.56%,https://yugioh-fm-db.pages.dev/cards/174
9,Rex Raptor,10,195,Doron,0.78%,https://yugioh-fm-db.pages.dev/cards/195
9,Rex Raptor,11,218,Two-mouth Darkruler,0.20%,https://yugioh-fm-db.pages.dev/cards/218
9,Rex Raptor,12,510,Laughing Flower,0.78%,https://yugioh-fm-db.pages.dev/cards/510
9,Rex Raptor,13,540,Skelengel,1.46%,https://yugioh-fm-db.pages.dev/cards/540
9,Rex Raptor,14,544,Dharma Cannon,0.78%,https://yugioh-fm-db.pages.dev/cards/544
9,Rex Raptor,15,8,Mushroom Man,0.78%,https://yugioh-fm-db.pages.dev/cards/8
9,Rex Raptor,16,75,Man-eating Plant,0.78%,https://yugioh-fm-db.pages.dev/cards/75
9,Rex Raptor,17,107,Kageningen,0.78%,https://yugioh-fm-db.pages.dev/cards/107
9,Rex Raptor,18,158,Man Eater,0.78%,https://yugioh-fm-db.pages.dev/cards/158
9,Rex Raptor,19,176,Fire Eye,0.78%,https://yugioh-fm-db.pages.dev/cards/176
9,Rex Raptor,20,198,Happy Lover,1.46%,https://yugioh-fm-db.pages.dev/cards/198
9,Rex Raptor,21,214,Kagemusha of the Blue Flame,1.56%,https://yugioh-fm-db.pages.dev/cards/214
9,Rex Raptor,22,222,Midnight Fiend,0.78%,https://yugioh-fm-db.pages.dev/cards/222
9,Rex Raptor,23,238,Yashinoki,0.78%,https://yugioh-fm-db.pages.dev/cards/238
9,Rex Raptor,24,245,Meda Bat,1.56%,https://yugioh-fm-db.pages.dev/cards/245
9,Rex Raptor,25,536,Mechaleon,0.78%,https://yugioh-fm-db.pages.dev/cards/536
9,Rex Raptor,26,556,The Wandering Doomed,0.78%,https://yugioh-fm-db.pages.dev/cards/556
9,Rex Raptor,27,537,Mega Thunderball,1.17%,https://yugioh-fm-db.pages.dev/cards/537
9,Rex Raptor,28,562,Needle Worm,1.17%,https://yugioh-fm-db.pages.dev/cards/562
9,Rex Raptor,29,579,Abyss Flower,1.66%,https://yugioh-fm-db.pages.dev/cards/579
9,Rex Raptor,30,602,Penguin Soldier,1.66%,https://yugioh-fm-db.pages.dev/cards/602
9,Rex Raptor,31,101,Wings of Wicked Flame,1.56%,https://yugioh-fm-db.pages.dev/cards/101
9,Rex Raptor,32,134,Mystical Capture Chain,0.78%,https://yugioh-fm-db.pages.dev/cards/134
9,Rex Raptor,33,145,The Bewitching Phantom Thief,0.78%,https://yugioh-fm-db.pages.dev/cards/145
9,Rex Raptor,34,154,Fire Reaper,1.56%,https://yugioh-fm-db.pages.dev/cards/154
9,Rex Raptor,35,157,Firegrass,1.56%,https://yugioh-fm-db.pages.dev/cards/157
9,Rex Raptor,36,179,Phantom Dewan,1.56%,https://yugioh-fm-db.pages.dev/cards/179
9,Rex Raptor,37,209,Winged Cleaver,0.78%,https://yugioh-fm-db.pages.dev/cards/209
9,Rex Raptor,38,211,Kaminarikozou,1.46%,https://yugioh-fm-db.pages.dev/cards/211
9,Rex Raptor,39,212,Meotoko,1.46%,https://yugioh-fm-db.pages.dev/cards/212
9,Rex Raptor,40,229,Hourglass of Life,1.46%,https://yugioh-fm-db.pages.dev/cards/229
9,Rex Raptor,41,261,Wicked Mirror,1.46%,https://yugioh-fm-db.pages.dev/cards/261
9,Rex Raptor,42,268,Sectarian of Secrets,1.56%,https://yugioh-fm-db.pages.dev/cards/268
9,Rex Raptor,43,285,Serpent Marauder,1.46%,https://yugioh-fm-db.pages.dev/cards/285
9,Rex Raptor,44,420,Cyber-Stein,1.56%,https://yugioh-fm-db.pages.dev/cards/420
9,Rex Raptor,45,549,Frog The Jam,1.76%,https://yugioh-fm-db.pages.dev/cards/549
9,Rex Raptor,46,591,Morphing Jar,1.46%,https://yugioh-fm-db.pages.dev/cards/591
9,Rex Raptor,47,486,Boo Koo,1.56%,https://yugioh-fm-db.pages.dev/cards/486
9,Rex Raptor,48,506,Gale Dogra,1.56%,https://yugioh-fm-db.pages.dev/cards/506
9,Rex Raptor,49,611,Hiro's Shadow Scout,1.66%,https://yugioh-fm-db.pages.dev/cards/611
9,Rex Raptor,50,104,Curtain of the Dark Ones,1.56%,https://yugioh-fm-db.pages.dev/cards/104
9,Rex Raptor,51,130,Weather Control,0.78%,https://yugioh-fm-db.pages.dev/cards/130
9,Rex Raptor,52,135,Fiend's Hand,1.56%,https://yugioh-fm-db.pages.dev/cards/135
9,Rex Raptor,53,183,Lucky Trinket,0.78%,https://yugioh-fm-db.pages.dev/cards/183
9,Rex Raptor,54,185,Eyearmor,1.56%,https://yugioh-fm-db.pages.dev/cards/185
9,Rex Raptor,55,191,LaLa Li-oon,1.56%,https://yugioh-fm-db.pages.dev/cards/191
9,Rex Raptor,56,200,Petit Dragon,1.46%,https://yugioh-fm-db.pages.dev/cards/200
9,Rex Raptor,57,203,Phantom Ghost,0.78%,https://yugioh-fm-db.pages.dev/cards/203
9,Rex Raptor,58,207,Droll Bird,1.46%,https://yugioh-fm-db.pages.dev/cards/207
9,Rex Raptor,59,210,Hinotama Soul,1.46%,https://yugioh-fm-db.pages.dev/cards/210
9,Rex Raptor,60,227,Hitodenchak,1.46%,https://yugioh-fm-db.pages.dev/cards/227
9,Rex Raptor,61,232,Madjinn Gunn,0.78%,https://yugioh-fm-db.pages.dev/cards/232
9,Rex Raptor,62,242,Candle of Fate,1.56%,https://yugioh-fm-db.pages.dev/cards/242
9,Rex Raptor,63,452,Zarigun,1.46%,https://yugioh-fm-db.pages.dev/cards/452
9,Rex Raptor,64,476,Ganigumo,0.78%,https://yugioh-fm-db.pages.dev/cards/476
9,Rex Raptor,65,598,Little Chimera,1.66%,https://yugioh-fm-db.pages.dev/cards/598
9,Rex Raptor,66,609,Bladefly,1.46%,https://yugioh-fm-db.pages.dev/cards/609
9,Rex Raptor,67,524,Star Boy,1.17%,https://yugioh-fm-db.pages.dev/cards/524
9,Rex Raptor,68,628,Witch's Apprentice,1.17%,https://yugioh-fm-db.pages.dev/cards/628
9,Rex Raptor,69,50,Basic Insect,1.56%,https://yugioh-fm-db.pages.dev/cards/50
9,Rex Raptor,70,105,Tomozaurus,0.78%,https://yugioh-fm-db.pages.dev/cards/105
9,Rex Raptor,71,137,Mystery Hand,0.78%,https://yugioh-fm-db.pages.dev/cards/137
9,Rex Raptor,72,152,The Melting Red Shadow,1.56%,https://yugioh-fm-db.pages.dev/cards/152
9,Rex Raptor,73,159,Dig Beak,1.56%,https://yugioh-fm-db.pages.dev/cards/159
9,Rex Raptor,74,182,Masked Clown,1.56%,https://yugioh-fm-db.pages.dev/cards/182
9,Rex Raptor,75,237,Haniwa,0.78%,https://yugioh-fm-db.pages.dev/cards/237
9,Rex Raptor,76,254,Embryonic Beast,1.56%,https://yugioh-fm-db.pages.dev/cards/254
9,Rex Raptor,77,492,Hoshiningen,1.56%,https://yugioh-fm-db.pages.dev/cards/492
9,Rex Raptor,78,589,Tentacle Plant,1.46%,https://yugioh-fm-db.pages.dev/cards/589
9,Rex Raptor,79,501,Man-eater Bug,1.17%,https://yugioh-fm-db.pages.dev/cards/501
9,Rex Raptor,80,202,Air Marmot of Nefariousness,0.78%,https://yugioh-fm-db.pages.dev/cards/202
9,Rex Raptor,81,292,Psychic Kappa,0.78%,https://yugioh-fm-db.pages.dev/cards/292
9,Rex Raptor,82,326,Raise Body Heat,3.13%,https://yugioh-fm-db.pages.dev/cards/326
9,Rex Raptor,83,331,Wasteland,1.95%,https://yugioh-fm-db.pages.dev/cards/331
7,Seto,1,38,Gaia the Fierce Knight,0.39%,https://yugioh-fm-db.pages.dev/cards/38
7,Seto,2,379,La Jinn the Mystical Genie,0.59%,https://yugioh-fm-db.pages.dev/cards/379
7,Seto,3,26,Battle Ox,0.59%,https://yugioh-fm-db.pages.dev/cards/26
7,Seto,4,377,Ryu-kishin Powered,0.59%,https://yugioh-fm-db.pages.dev/cards/377
7,Seto,5,23,The Wicked Worm Beast,0.59%,https://yugioh-fm-db.pages.dev/cards/23
7,Seto,6,511,Bean Soldier,0.05%,https://yugioh-fm-db.pages.dev/cards/511
7,Seto,7,77,Grappler,0.59%,https://yugioh-fm-db.pages.dev/cards/77
7,Seto,8,91,Mystic Horseman,0.59%,https://yugioh-fm-db.pages.dev/cards/91
7,Seto,9,291,Fireyarou,0.05%,https://yugioh-fm-db.pages.dev/cards/291
7,Seto,10,3,Hitotsu-me Giant,0.59%,https://yugioh-fm-db.pages.dev/cards/3
7,Seto,11,27,Beaver Warrior,3.13%,https://yugioh-fm-db.pages.dev/cards/27
7,Seto,12,567,Darkworld Thorns,0.05%,https://yugioh-fm-db.pages.dev/cards/567
7,Seto,13,76,Krokodilus,0.05%,https://yugioh-fm-db.pages.dev/cards/76
7,Seto,14,133,Charubin the Fire Knight,0.05%,https://yugioh-fm-db.pages.dev/cards/133
7,Seto,15,489,Barrel Lily,0.05%,https://yugioh-fm-db.pages.dev/cards/489
7,Seto,16,5,Ryu-kishin,0.59%,https://yugioh-fm-db.pages.dev/cards/5
7,Seto,17,620,Snakeyashi,0.05%,https://yugioh-fm-db.pages.dev/cards/620
7,Seto,18,510,Laughing Flower,0.05%,https://yugioh-fm-db.pages.dev/cards/510
7,Seto,19,588,Living Vase,0.05%,https://yugioh-fm-db.pages.dev/cards/588
7,Seto,20,8,Mushroom Man,0.05%,https://yugioh-fm-db.pages.dev/cards/8
7,Seto,21,75,Man-eating Plant,0.05%,https://yugioh-fm-db.pages.dev/cards/75
7,Seto,22,158,Man Eater,0.05%,https://yugioh-fm-db.pages.dev/cards/158
7,Seto,23,176,Fire Eye,0.05%,https://yugioh-fm-db.pages.dev/cards/176
7,Seto,24,180,Arlownay,0.05%,https://yugioh-fm-db.pages.dev/cards/180
7,Seto,25,238,Yashinoki,0.05%,https://yugioh-fm-db.pages.dev/cards/238
7,Seto,26,579,Abyss Flower,0.20%,https://yugioh-fm-db.pages.dev/cards/579
7,Seto,27,101,Wings of Wicked Flame,0.05%,https://yugioh-fm-db.pages.dev/cards/101
7,Seto,28,157,Firegrass,0.05%,https://yugioh-fm-db.pages.dev/cards/157
7,Seto,29,34,Saggi the Dark Clown,0.59%,https://yugioh-fm-db.pages.dev/cards/34
7,Seto,30,130,Weather Control,1.56%,https://yugioh-fm-db.pages.dev/cards/130
7,Seto,31,210,Hinotama Soul,0.59%,https://yugioh-fm-db.pages.dev/cards/210
7,Seto,32,273,Ancient Tree of Enlightenment,0.05%,https://yugioh-fm-db.pages.dev/cards/273
7,Seto,33,516,Muka Muka,2.34%,https://yugioh-fm-db.pages.dev/cards/516
7,Seto,34,485,Korogashi,1.56%,https://yugioh-fm-db.pages.dev/cards/485
7,Seto,35,563,Wretched Ghost of the Attic,1.56%,https://yugioh-fm-db.pages.dev/cards/563
7,Seto,36,9,Shadow Specter,2.34%,https://yugioh-fm-db.pages.dev/cards/9
7,Seto,37,16,Time Wizard,2.34%,https://yugioh-fm-db.pages.dev/cards/16
7,Seto,38,105,Tomozaurus,2.34%,https://yugioh-fm-db.pages.dev/cards/105
7,Seto,39,137,Mystery Hand,1.56%,https://yugioh-fm-db.pages.dev/cards/137
7,Seto,40,197,Mech Mole Zombie,2.34%,https://yugioh-fm-db.pages.dev/cards/197
7,Seto,41,237,Haniwa,1.56%,https://yugioh-fm-db.pages.dev/cards/237
7,Seto,42,274,Green Phantom King,0.05%,https://yugioh-fm-db.pages.dev/cards/274
7,Seto,43,422,Jinzo #7,2.34%,https://yugioh-fm-db.pages.dev/cards/422
7,Seto,44,436,White Dolphin,2.34%,https://yugioh-fm-db.pages.dev/cards/436
7,Seto,45,589,Tentacle Plant,0.59%,https://yugioh-fm-db.pages.dev/cards/589
7,Seto,46,444,Turu-Purun,1.56%,https://yugioh-fm-db.pages.dev/cards/444
7,Seto,47,541,Hane-Hane,1.56%,https://yugioh-fm-db.pages.dev/cards/541
7,Seto,48,167,Ancient Jar,1.56%,https://yugioh-fm-db.pages.dev/cards/167
7,Seto,49,192,Key Mace,2.34%,https://yugioh-fm-db.pages.dev/cards/192
7,Seto,50,202,Air Marmot of Nefariousness,1.56%,https://yugioh-fm-db.pages.dev/cards/202
7,Seto,51,289,Change Slime,2.34%,https://yugioh-fm-db.pages.dev/cards/289
7,Seto,52,387,Mystic Lamp,2.34%,https://yugioh-fm-db.pages.dev/cards/387
7,Seto,53,410,Mechanical Spider,2.34%,https://yugioh-fm-db.pages.dev/cards/410
7,Seto,54,488,Rainbow Flower,3.13%,https://yugioh-fm-db.pages.dev/cards/488
7,Seto,55,504,Fungi of the Musk,2.34%,https://yugioh-fm-db.pages.dev/cards/504
7,Seto,56,548,Bone Mouse,2.34%,https://yugioh-fm-db.pages.dev/cards/548
7,Seto,57,558,Pot the Trick,3.13%,https://yugioh-fm-db.pages.dev/cards/558
7,Seto,58,644,Flame Viper,3.13%,https://yugioh-fm-db.pages.dev/cards/644
7,Seto,59,547,Griggle,3.13%,https://yugioh-fm-db.pages.dev/cards/547
7,Seto,60,635,Queen's Double,1.56%,https://yugioh-fm-db.pages.dev/cards/635
7,Seto,61,58,Kuriboh,3.13%,https://yugioh-fm-db.pages.dev/cards/58
7,Seto,62,123,Dark Plant,3.13%,https://yugioh-fm-db.pages.dev/cards/123
7,Seto,63,397,Leghul,1.56%,https://yugioh-fm-db.pages.dev/cards/397
7,Seto,64,411,Bat,1.56%,https://yugioh-fm-db.pages.dev/cards/411
7,Seto,65,428,Magician of Faith,2.34%,https://yugioh-fm-db.pages.dev/cards/428
7,Seto,66,469,Armed Ninja,1.56%,https://yugioh-fm-db.pages.dev/cards/469
7,Seto,67,484,Ameba,1.56%,https://yugioh-fm-db.pages.dev/cards/484
7,Seto,68,402,Monster Eye,1.56%,https://yugioh-fm-db.pages.dev/cards/402
7,Seto,69,40,Dragon Piper,0.05%,https://yugioh-fm-db.pages.dev/cards/40
7,Seto,70,330,Forest,0.59%,https://yugioh-fm-db.pages.dev/cards/330
7,Seto,71,331,Wasteland,0.59%,https://yugioh-fm-db.pages.dev/cards/331
7,Seto,72,332,Mountain,0.59%,https://yugioh-fm-db.pages.dev/cards/332
7,Seto,73,333,Sogen,0.59%,https://yugioh-fm-db.pages.dev/cards/333
7,Seto,74,334,Umi,0.59%,https://yugioh-fm-db.pages.dev/cards/334
7,Seto,75,335,Yami,0.59%,https://yugioh-fm-db.pages.dev/cards/335
7,Seto,76,336,Dark Hole,3.13%,https://yugioh-fm-db.pages.dev/cards/336
7,Seto,77,341,Soul of the Pure,0.49%,https://yugioh-fm-db.pages.dev/cards/341
7,Seto,78,346,Ookazi,0.49%,https://yugioh-fm-db.pages.dev/cards/346
7,Seto,79,348,Swords of Revealing Light,1.56%,https://yugioh-fm-db.pages.dev/cards/348
7,Seto,80,349,Spellbinding Circle,1.56%,https://yugioh-fm-db.pages.dev/cards/349
7,Seto,81,670,Black Luster Ritual,3.13%,https://yugioh-fm-db.pages.dev/cards/670
8,Heishin,1,67,Perfectly Ultimate Great Moth,1.56%,https://yugioh-fm-db.pages.dev/cards/67
8,Heishin,2,713,Meteor B. Dragon,1.56%,https://yugioh-fm-db.pages.dev/cards/713
8,Heishin,3,217,B. Skull Dragon,1.56%,https://yugioh-fm-db.pages.dev/cards/217
8,Heishin,4,708,Cosmo Queen,1.56%,https://yugioh-fm-db.pages.dev/cards/708
8,Heishin,5,705,Tri-horned Dragon,1.56%,https://yugioh-fm-db.pages.dev/cards/705
8,Heishin,6,360,Zera The Mant,1.56%,https://yugioh-fm-db.pages.dev/cards/360
8,Heishin,7,613,Twin-headed Thunder Dragon,1.56%,https://yugioh-fm-db.pages.dev/cards/613
8,Heishin,8,703,Sengenjin,1.56%,https://yugioh-fm-db.pages.dev/cards/703
8,Heishin,9,707,Skull Knight,1.56%,https://yugioh-fm-db.pages.dev/cards/707
8,Heishin,10,37,Gaia the Dragon Champion,1.56%,https://yugioh-fm-db.pages.dev/cards/37
8,Heishin,11,57,Great Moth,1.56%,https://yugioh-fm-db.pages.dev/cards/57
8,Heishin,12,371,Sanga of the Thunder,1.56%,https://yugioh-fm-db.pages.dev/cards/371
8,Heishin,13,391,Zoa,1.56%,https://yugioh-fm-db.pages.dev/cards/391
8,Heishin,14,710,Crab Turtle,1.56%,https://yugioh-fm-db.pages.dev/cards/710
8,Heishin,15,716,Garma Sword,1.56%,https://yugioh-fm-db.pages.dev/cards/716
8,Heishin,16,35,Dark Magician,1.56%,https://yugioh-fm-db.pages.dev/cards/35
8,Heishin,17,358,Seiyaryu,1.56%,https://yugioh-fm-db.pages.dev/cards/358
8,Heishin,18,373,Suijin,1.56%,https://yugioh-fm-db.pages.dev/cards/373
8,Heishin,19,709,Chakra,1.56%,https://yugioh-fm-db.pages.dev/cards/709
8,Heishin,20,717,Javelin Beetle,1.56%,https://yugioh-fm-db.pages.dev/cards/717
8,Heishin,21,69,Thousand Dragon,1.56%,https://yugioh-fm-db.pages.dev/cards/69
8,Heishin,22,370,Labyrinth Tank,1.56%,https://yugioh-fm-db.pages.dev/cards/370
8,Heishin,23,372,Kazejin,1.56%,https://yugioh-fm-db.pages.dev/cards/372
8,Heishin,24,706,Serpent Night Dragon,1.56%,https://yugioh-fm-db.pages.dev/cards/706
8,Heishin,25,718,Fortress Whale,1.56%,https://yugioh-fm-db.pages.dev/cards/718
8,Heishin,26,38,Gaia the Fierce Knight,1.56%,https://yugioh-fm-db.pages.dev/cards/38
8,Heishin,27,356,Super War-lion,1.56%,https://yugioh-fm-db.pages.dev/cards/356
8,Heishin,28,385,Bickuribox,1.56%,https://yugioh-fm-db.pages.dev/cards/385
8,Heishin,29,427,Kaiser Dragon,1.56%,https://yugioh-fm-db.pages.dev/cards/427
8,Heishin,30,467,Crimson Sunbird,1.56%,https://yugioh-fm-db.pages.dev/cards/467
8,Heishin,31,442,Aqua Dragon,1.56%,https://yugioh-fm-db.pages.dev/cards/442
8,Heishin,32,714,Firewing Pegasus,1.56%,https://yugioh-fm-db.pages.dev/cards/714
8,Heishin,33,390,Launcher Spider,1.56%,https://yugioh-fm-db.pages.dev/cards/390
8,Heishin,34,407,Machine King,1.56%,https://yugioh-fm-db.pages.dev/cards/407
8,Heishin,35,471,Soul Hunter,1.56%,https://yugioh-fm-db.pages.dev/cards/471
8,Heishin,36,509,Bracchio-raidus,1.56%,https://yugioh-fm-db.pages.dev/cards/509
8,Heishin,37,564,Great Mammoth of Goldfine,1.56%,https://yugioh-fm-db.pages.dev/cards/564
8,Heishin,38,711,Mikazukinoyaiba,1.56%,https://yugioh-fm-db.pages.dev/cards/711
8,Heishin,39,401,Ushi Oni,1.56%,https://yugioh-fm-db.pages.dev/cards/401
8,Heishin,40,704,Skull Guardian,1.56%,https://yugioh-fm-db.pages.dev/cards/704
8,Heishin,41,386,Harpie's Pet Dragon,1.56%,https://yugioh-fm-db.pages.dev/cards/386
8,Heishin,42,426,Stone D.,1.56%,https://yugioh-fm-db.pages.dev/cards/426
8,Heishin,43,453,Millennium Golem,1.56%,https://yugioh-fm-db.pages.dev/cards/453
8,Heishin,44,500,Dragon Seeker,1.56%,https://yugioh-fm-db.pages.dev/cards/500
8,Heishin,45,715,Psycho-Puppet,1.56%,https://yugioh-fm-db.pages.dev/cards/715
8,Heishin,46,645,Royal Guard,1.56%,https://yugioh-fm-db.pages.dev/cards/645
8,Heishin,47,369,Wall Shadow,1.56%,https://yugioh-fm-db.pages.dev/cards/369
8,Heishin,48,21,Exodia the Forbidden,1.56%,https://yugioh-fm-db.pages.dev/cards/21
8,Heishin,49,17,Right Leg of the Forbidden One,1.56%,https://yugioh-fm-db.pages.dev/cards/17
8,Heishin,50,18,Left Leg of the Forbidden One,1.56%,https://yugioh-fm-db.pages.dev/cards/18
8,Heishin,51,19,Right Arm of the Forbidden One,1.56%,https://yugioh-fm-db.pages.dev/cards/19
8,Heishin,52,20,Left Arm of the Forbidden One,1.56%,https://yugioh-fm-db.pages.dev/cards/20
8,Heishin,53,320,Stop Defense,1.56%,https://yugioh-fm-db.pages.dev/cards/320
8,Heishin,54,337,Raigeki,1.56%,https://yugioh-fm-db.pages.dev/cards/337
8,Heishin,55,342,Dian Keto the Cure Master,1.56%,https://yugioh-fm-db.pages.dev/cards/342
8,Heishin,56,347,Tremendous Fire,1.56%,https://yugioh-fm-db.pages.dev/cards/347
8,Heishin,57,657,Megamorph,1.56%,https://yugioh-fm-db.pages.dev/cards/657
8,Heishin,58,661,Crush Card,1.56%,https://yugioh-fm-db.pages.dev/cards/661
8,Heishin,59,669,Shadow Spell,1.56%,https://yugioh-fm-db.pages.dev/cards/669
8,Heishin,60,672,Harpie's Feather Duster,1.56%,https://yugioh-fm-db.pages.dev/cards/672
8,Heishin,61,686,Widespread Ruin,1.56%,https://yugioh-fm-db.pages.dev/cards/686
8,Heishin,62,687,Goblin Fan,1.56%,https://yugioh-fm-db.pages.dev/cards/687
8,Heishin,63,688,Bad Reaction to Simochi,1.56%,https://yugioh-fm-db.pages.dev/cards/688
8,Heishin,64,689,Reverse Trap,1.56%,https://yugioh-fm-db.pages.dev/cards/689
11,Mai Valentine,1,386,Harpie's Pet Dragon,0.05%,https://yugioh-fm-db.pages.dev/cards/386
11,Mai Valentine,2,551,Dark Elf,0.39%,https://yugioh-fm-db.pages.dev/cards/551
11,Mai Valentine,3,63,Harpie Lady Sisters,0.10%,https://yugioh-fm-db.pages.dev/cards/63
11,Mai Valentine,4,532,Gemini Elf,0.39%,https://yugioh-fm-db.pages.dev/cards/532
11,Mai Valentine,5,415,Mechanicalchacer,0.98%,https://yugioh-fm-db.pages.dev/cards/415
11,Mai Valentine,6,379,La Jinn the Mystical Genie,0.39%,https://yugioh-fm-db.pages.dev/cards/379
11,Mai Valentine,7,440,7 Colored Fish,0.78%,https://yugioh-fm-db.pages.dev/cards/440
11,Mai Valentine,8,447,Giant Red Seasnake,0.78%,https://yugioh-fm-db.pages.dev/cards/447
11,Mai Valentine,9,523,The Bistro Butcher,0.39%,https://yugioh-fm-db.pages.dev/cards/523
11,Mai Valentine,10,26,Battle Ox,0.78%,https://yugioh-fm-db.pages.dev/cards/26
11,Mai Valentine,11,32,Two-headed King Rex,0.39%,https://yugioh-fm-db.pages.dev/cards/32
11,Mai Valentine,12,44,Rogue Doll,0.98%,https://yugioh-fm-db.pages.dev/cards/44
11,Mai Valentine,13,60,Great White,0.39%,https://yugioh-fm-db.pages.dev/cards/60
11,Mai Valentine,14,81,Crawling Dragon #2,0.39%,https://yugioh-fm-db.pages.dev/cards/81
11,Mai Valentine,15,234,Beautiful Headhuntress,0.39%,https://yugioh-fm-db.pages.dev/cards/234
11,Mai Valentine,16,377,Ryu-kishin Powered,0.39%,https://yugioh-fm-db.pages.dev/cards/377
11,Mai Valentine,17,507,Crazy Fish,0.39%,https://yugioh-fm-db.pages.dev/cards/507
11,Mai Valentine,18,596,Ghoul with an Appetite,0.39%,https://yugioh-fm-db.pages.dev/cards/596
11,Mai Valentine,19,625,Fairy of the Fountain,0.78%,https://yugioh-fm-db.pages.dev/cards/625
11,Mai Valentine,20,636,Blue-winged Crown,1.56%,https://yugioh-fm-db.pages.dev/cards/636
11,Mai Valentine,21,466,Skull Red Bird,1.95%,https://yugioh-fm-db.pages.dev/cards/466
11,Mai Valentine,22,31,Koumori Dragon,0.78%,https://yugioh-fm-db.pages.dev/cards/31
11,Mai Valentine,23,36,The Snake Hair,0.78%,https://yugioh-fm-db.pages.dev/cards/36
11,Mai Valentine,24,43,Karbonala Warrior,0.78%,https://yugioh-fm-db.pages.dev/cards/43
11,Mai Valentine,25,51,Armored Lizard,0.78%,https://yugioh-fm-db.pages.dev/cards/51
11,Mai Valentine,26,55,Giant Flea,0.78%,https://yugioh-fm-db.pages.dev/cards/55
11,Mai Valentine,27,66,Kojikocy,0.78%,https://yugioh-fm-db.pages.dev/cards/66
11,Mai Valentine,28,125,Faith Bird,3.13%,https://yugioh-fm-db.pages.dev/cards/125
11,Mai Valentine,29,168,Darkfire Dragon,0.59%,https://yugioh-fm-db.pages.dev/cards/168
11,Mai Valentine,30,230,Rare Fish,0.78%,https://yugioh-fm-db.pages.dev/cards/230
11,Mai Valentine,31,275,Ground Attacker Bugroth,0.78%,https://yugioh-fm-db.pages.dev/cards/275
11,Mai Valentine,32,281,Mystic Clown,0.78%,https://yugioh-fm-db.pages.dev/cards/281
11,Mai Valentine,33,353,Takriminos,0.78%,https://yugioh-fm-db.pages.dev/cards/353
11,Mai Valentine,34,454,Destroyer Golem,0.78%,https://yugioh-fm-db.pages.dev/cards/454
11,Mai Valentine,35,462,The Immortal of Thunder,0.39%,https://yugioh-fm-db.pages.dev/cards/462
11,Mai Valentine,36,597,Pale Beast,0.78%,https://yugioh-fm-db.pages.dev/cards/597
11,Mai Valentine,37,631,Maiden of the Moonlight,0.39%,https://yugioh-fm-db.pages.dev/cards/631
11,Mai Valentine,38,647,Hyosube,0.39%,https://yugioh-fm-db.pages.dev/cards/647
11,Mai Valentine,39,433,Ancient Elf,0.98%,https://yugioh-fm-db.pages.dev/cards/433
11,Mai Valentine,40,581,Takuhee,1.95%,https://yugioh-fm-db.pages.dev/cards/581
11,Mai Valentine,41,649,Hibikime,0.59%,https://yugioh-fm-db.pages.dev/cards/649
11,Mai Valentine,42,7,Winged Dragon #1,0.98%,https://yugioh-fm-db.pages.dev/cards/7
11,Mai Valentine,43,41,Celtic Guardian,0.98%,https://yugioh-fm-db.pages.dev/cards/41
11,Mai Valentine,44,117,Spirit of the Books,3.13%,https://yugioh-fm-db.pages.dev/cards/117
11,Mai Valentine,45,136,Witty Phantom,0.78%,https://yugioh-fm-db.pages.dev/cards/136
11,Mai Valentine,46,149,Lord of the Lamp,0.78%,https://yugioh-fm-db.pages.dev/cards/149
11,Mai Valentine,47,249,Water Omotics,0.78%,https://yugioh-fm-db.pages.dev/cards/249
11,Mai Valentine,48,297,Cyber Soldier of Darkworld,0.78%,https://yugioh-fm-db.pages.dev/cards/297
11,Mai Valentine,49,352,Kanan the Swordmistress,0.39%,https://yugioh-fm-db.pages.dev/cards/352
11,Mai Valentine,50,363,Fairy's Gift,0.39%,https://yugioh-fm-db.pages.dev/cards/363
11,Mai Valentine,51,430,Water Magician,0.39%,https://yugioh-fm-db.pages.dev/cards/430
11,Mai Valentine,52,511,Bean Soldier,0.78%,https://yugioh-fm-db.pages.dev/cards/511
11,Mai Valentine,53,512,Cannon Soldier,0.78%,https://yugioh-fm-db.pages.dev/cards/512
11,Mai Valentine,54,630,Ancient Lizard Warrior,0.78%,https://yugioh-fm-db.pages.dev/cards/630
11,Mai Valentine,55,95,Crass Clown,0.59%,https://yugioh-fm-db.pages.dev/cards/95
11,Mai Valentine,56,578,Leo Wizard,0.98%,https://yugioh-fm-db.pages.dev/cards/578
11,Mai Valentine,57,6,Feral Imp,0.78%,https://yugioh-fm-db.pages.dev/cards/6
11,Mai Valentine,58,62,Harpie Lady,3.91%,https://yugioh-fm-db.pages.dev/cards/62
11,Mai Valentine,59,64,Tiger Axe,0.39%,https://yugioh-fm-db.pages.dev/cards/64
11,Mai Valentine,60,77,Grappler,0.78%,https://yugioh-fm-db.pages.dev/cards/77
11,Mai Valentine,61,115,Kamion Wizard,0.39%,https://yugioh-fm-db.pages.dev/cards/115
11,Mai Valentine,62,163,Lisark,0.78%,https://yugioh-fm-db.pages.dev/cards/163
11,Mai Valentine,63,233,Dark Titan of Terror,0.39%,https://yugioh-fm-db.pages.dev/cards/233
11,Mai Valentine,64,272,Mavelus,0.05%,https://yugioh-fm-db.pages.dev/cards/272
11,Mai Valentine,65,351,Yaranzo,0.39%,https://yugioh-fm-db.pages.dev/cards/351
11,Mai Valentine,66,456,Minomushi Warrior,0.78%,https://yugioh-fm-db.pages.dev/cards/456
11,Mai Valentine,67,470,Magical Ghost,0.78%,https://yugioh-fm-db.pages.dev/cards/470
11,Mai Valentine,68,502,D. Human,0.39%,https://yugioh-fm-db.pages.dev/cards/502
11,Mai Valentine,69,587,Mon Larvas,0.78%,https://yugioh-fm-db.pages.dev/cards/587
11,Mai Valentine,70,595,Fiend Refrection #1,2.34%,https://yugioh-fm-db.pages.dev/cards/595
11,Mai Valentine,71,608,Shining Friendship,0.39%,https://yugioh-fm-db.pages.dev/cards/608
11,Mai Valentine,72,626,Amazon of the Seas,0.78%,https://yugioh-fm-db.pages.dev/cards/626
11,Mai Valentine,73,607,Great Bill,0.98%,https://yugioh-fm-db.pages.dev/cards/607
11,Mai Valentine,74,13,Tyhone,3.13%,https://yugioh-fm-db.pages.dev/cards/13
11,Mai Valentine,75,27,Beaver Warrior,0.78%,https://yugioh-fm-db.pages.dev/cards/27
11,Mai Valentine,76,46,Griffore,0.78%,https://yugioh-fm-db.pages.dev/cards/46
11,Mai Valentine,77,49,Big Insect,0.78%,https://yugioh-fm-db.pages.dev/cards/49
11,Mai Valentine,78,54,Gokibore,0.98%,https://yugioh-fm-db.pages.dev/cards/54
11,Mai Valentine,79,70,Fiend Kraken,0.98%,https://yugioh-fm-db.pages.dev/cards/70
11,Mai Valentine,80,71,Jellyfish,0.78%,https://yugioh-fm-db.pages.dev/cards/71
11,Mai Valentine,81,151,Rhaimundos of the Red Sword,0.78%,https://yugioh-fm-db.pages.dev/cards/151
11,Mai Valentine,82,194,Terra the Terrible,0.78%,https://yugioh-fm-db.pages.dev/cards/194
11,Mai Valentine,83,216,Dryad,0.78%,https://yugioh-fm-db.pages.dev/cards/216
11,Mai Valentine,84,241,Dark Assailant,0.39%,https://yugioh-fm-db.pages.dev/cards/241
11,Mai Valentine,85,287,Ogre of the Black Shadow,0.78%,https://yugioh-fm-db.pages.dev/cards/287
11,Mai Valentine,86,412,Giga-tech Wolf,0.78%,https://yugioh-fm-db.pages.dev/cards/412
11,Mai Valentine,87,459,Tripwire Beast,0.78%,https://yugioh-fm-db.pages.dev/cards/459
11,Mai Valentine,88,552,Winged Dragon #2,0.05%,https://yugioh-fm-db.pages.dev/cards/552
11,Mai Valentine,89,623,The Thing That Hides in the Mud,0.78%,https://yugioh-fm-db.pages.dev/cards/623
11,Mai Valentine,90,535,Kamakiriman,0.98%,https://yugioh-fm-db.pages.dev/cards/535
11,Mai Valentine,91,634,Night Lizard,0.59%,https://yugioh-fm-db.pages.dev/cards/634
11,Mai Valentine,92,186,Fiend Refrection #2,2.34%,https://yugioh-fm-db.pages.dev/cards/186
11,Mai Valentine,93,384,Dark Rabbit,0.78%,https://yugioh-fm-db.pages.dev/cards/384
11,Mai Valentine,94,474,Sea Kamen,0.39%,https://yugioh-fm-db.pages.dev/cards/474
11,Mai Valentine,95,515,The Statue of Easter Island,0.78%,https://yugioh-fm-db.pages.dev/cards/515
11,Mai Valentine,96,166,Mysterious Puppeteer,0.78%,https://yugioh-fm-db.pages.dev/cards/166
11,Mai Valentine,97,193,Turtle Tiger,0.78%,https://yugioh-fm-db.pages.dev/cards/193
11,Mai Valentine,98,583,Weather Report,0.59%,https://yugioh-fm-db.pages.dev/cards/583
11,Mai Valentine,99,418,Golgoil,0.78%,https://yugioh-fm-db.pages.dev/cards/418
11,Mai Valentine,100,497,Yado Karu,0.78%,https://yugioh-fm-db.pages.dev/cards/497
11,Mai Valentine,101,538,Niwatori,0.05%,https://yugioh-fm-db.pages.dev/cards/538
11,Mai Valentine,102,416,Blocker,0.98%,https://yugioh-fm-db.pages.dev/cards/416
11,Mai Valentine,103,2,Mystical Elf,0.39%,https://yugioh-fm-db.pages.dev/cards/2
11,Mai Valentine,104,170,Spirit of the Harp,0.39%,https://yugioh-fm-db.pages.dev/cards/170
11,Mai Valentine,105,300,Kurama,0.05%,https://yugioh-fm-db.pages.dev/cards/300
11,Mai Valentine,106,381,Toon Alligator,0.39%,https://yugioh-fm-db.pages.dev/cards/381
11,Mai Valentine,107,121,Sleeping Lion,0.39%,https://yugioh-fm-db.pages.dev/cards/121
11,Mai Valentine,108,207,Droll Bird,0.05%,https://yugioh-fm-db.pages.dev/cards/207
11,Mai Valentine,109,255,Prevent Rat,0.78%,https://yugioh-fm-db.pages.dev/cards/255
11,Mai Valentine,110,316,Electro-whip,0.98%,https://yugioh-fm-db.pages.dev/cards/316
11,Mai Valentine,111,317,Cyber Shield,0.98%,https://yugioh-fm-db.pages.dev/cards/317
11,Mai Valentine,112,318,Elegant Egotist,3.91%,https://yugioh-fm-db.pages.dev/cards/318
11,Mai Valentine,113,321,Malevolent Nuzzler,0.98%,https://yugioh-fm-db.pages.dev/cards/321
11,Mai Valentine,114,332,Mountain,0.98%,https://yugioh-fm-db.pages.dev/cards/332
11,Mai Valentine,115,336,Dark Hole,0.98%,https://yugioh-fm-db.pages.dev/cards/336
11,Mai Valentine,116,340,Goblin's Secret Remedy,0.98%,https://yugioh-fm-db.pages.dev/cards/340
11,Mai Valentine,117,349,Spellbinding Circle,0.98%,https://yugioh-fm-db.pages.dev/cards/349
11,Mai Valentine,118,672,Harpie's Feather Duster,0.98%,https://yugioh-fm-db.pages.dev/cards/672
11,Mai Valentine,119,683,Bear Trap,0.98%,https://yugioh-fm-db.pages.dev/cards/683
11,Mai Valentine,120,690,Fake Trap,0.98%,https://yugioh-fm-db.pages.dev/cards/690
12,Bandit Keith,1,391,Zoa,0.59%,https://yugioh-fm-db.pages.dev/cards/391
12,Bandit Keith,2,551,Dark Elf,1.17%,https://yugioh-fm-db.pages.dev/cards/551
12,Bandit Keith,3,532,Gemini Elf,1.17%,https://yugioh-fm-db.pages.dev/cards/532
12,Bandit Keith,4,415,Mechanicalchacer,1.71%,https://yugioh-fm-db.pages.dev/cards/415
12,Bandit Keith,5,379,La Jinn the Mystical Genie,1.17%,https://yugioh-fm-db.pages.dev/cards/379
12,Bandit Keith,6,440,7 Colored Fish,0.49%,https://yugioh-fm-db.pages.dev/cards/440
12,Bandit Keith,7,447,Giant Red Seasnake,0.49%,https://yugioh-fm-db.pages.dev/cards/447
12,Bandit Keith,8,523,The Bistro Butcher,1.17%,https://yugioh-fm-db.pages.dev/cards/523
12,Bandit Keith,9,26,Battle Ox,0.98%,https://yugioh-fm-db.pages.dev/cards/26
12,Bandit Keith,10,78,Axe Raider,1.17%,https://yugioh-fm-db.pages.dev/cards/78
12,Bandit Keith,11,127,Ansatsu,0.98%,https://yugioh-fm-db.pages.dev/cards/127
12,Bandit Keith,12,621,Succubus Knight,0.78%,https://yugioh-fm-db.pages.dev/cards/621
12,Bandit Keith,13,624,High Tide Gyojin,0.78%,https://yugioh-fm-db.pages.dev/cards/624
12,Bandit Keith,14,32,Two-headed King Rex,1.22%,https://yugioh-fm-db.pages.dev/cards/32
12,Bandit Keith,15,44,Rogue Doll,0.59%,https://yugioh-fm-db.pages.dev/cards/44
12,Bandit Keith,16,81,Crawling Dragon #2,1.22%,https://yugioh-fm-db.pages.dev/cards/81
12,Bandit Keith,17,97,Dragon Zombie,0.05%,https://yugioh-fm-db.pages.dev/cards/97
12,Bandit Keith,18,368,Shadow Ghoul,2.15%,https://yugioh-fm-db.pages.dev/cards/368
12,Bandit Keith,19,377,Ryu-kishin Powered,1.17%,https://yugioh-fm-db.pages.dev/cards/377
12,Bandit Keith,20,448,Spike Seadra,0.98%,https://yugioh-fm-db.pages.dev/cards/448
12,Bandit Keith,21,507,Crazy Fish,1.17%,https://yugioh-fm-db.pages.dev/cards/507
12,Bandit Keith,22,596,Ghoul with an Appetite,2.64%,https://yugioh-fm-db.pages.dev/cards/596
12,Bandit Keith,23,625,Fairy of the Fountain,0.98%,https://yugioh-fm-db.pages.dev/cards/625
12,Bandit Keith,24,636,Blue-winged Crown,1.17%,https://yugioh-fm-db.pages.dev/cards/636
12,Bandit Keith,25,648,Machine Attacker,2.15%,https://yugioh-fm-db.pages.dev/cards/648
12,Bandit Keith,26,466,Skull Red Bird,1.12%,https://yugioh-fm-db.pages.dev/cards/466
12,Bandit Keith,27,493,Maha Vailo,0.78%,https://yugioh-fm-db.pages.dev/cards/493
12,Bandit Keith,28,498,Morinphen,1.12%,https://yugioh-fm-db.pages.dev/cards/498
12,Bandit Keith,29,31,Koumori Dragon,0.98%,https://yugioh-fm-db.pages.dev/cards/31
12,Bandit Keith,30,36,The Snake Hair,4.05%,https://yugioh-fm-db.pages.dev/cards/36
12,Bandit Keith,31,43,Karbonala Warrior,0.98%,https://yugioh-fm-db.pages.dev/cards/43
12,Bandit Keith,32,51,Armored Lizard,0.98%,https://yugioh-fm-db.pages.dev/cards/51
12,Bandit Keith,33,55,Giant Flea,0.98%,https://yugioh-fm-db.pages.dev/cards/55
12,Bandit Keith,34,66,Kojikocy,0.98%,https://yugioh-fm-db.pages.dev/cards/66
12,Bandit Keith,35,96,Armored Zombie,0.05%,https://yugioh-fm-db.pages.dev/cards/96
12,Bandit Keith,36,125,Faith Bird,0.49%,https://yugioh-fm-db.pages.dev/cards/125
12,Bandit Keith,37,168,Darkfire Dragon,1.07%,https://yugioh-fm-db.pages.dev/cards/168
12,Bandit Keith,38,230,Rare Fish,0.98%,https://yugioh-fm-db.pages.dev/cards/230
12,Bandit Keith,39,275,Ground Attacker Bugroth,0.20%,https://yugioh-fm-db.pages.dev/cards/275
12,Bandit Keith,40,353,Takriminos,0.98%,https://yugioh-fm-db.pages.dev/cards/353
12,Bandit Keith,41,462,The Immortal of Thunder,1.17%,https://yugioh-fm-db.pages.dev/cards/462
12,Bandit Keith,42,597,Pale Beast,0.98%,https://yugioh-fm-db.pages.dev/cards/597
12,Bandit Keith,43,631,Maiden of the Moonlight,1.17%,https://yugioh-fm-db.pages.dev/cards/631
12,Bandit Keith,44,405,Saber Slasher,1.71%,https://yugioh-fm-db.pages.dev/cards/405
12,Bandit Keith,45,433,Ancient Elf,0.78%,https://yugioh-fm-db.pages.dev/cards/433
12,Bandit Keith,46,7,Winged Dragon #1,0.59%,https://yugioh-fm-db.pages.dev/cards/7
12,Bandit Keith,47,41,Celtic Guardian,0.59%,https://yugioh-fm-db.pages.dev/cards/41
12,Bandit Keith,48,117,Spirit of the Books,0.49%,https://yugioh-fm-db.pages.dev/cards/117
12,Bandit Keith,49,136,Witty Phantom,0.98%,https://yugioh-fm-db.pages.dev/cards/136
12,Bandit Keith,50,149,Lord of the Lamp,0.49%,https://yugioh-fm-db.pages.dev/cards/149
12,Bandit Keith,51,249,Water Omotics,0.49%,https://yugioh-fm-db.pages.dev/cards/249
12,Bandit Keith,52,297,Cyber Soldier of Darkworld,1.17%,https://yugioh-fm-db.pages.dev/cards/297
12,Bandit Keith,53,352,Kanan the Swordmistress,1.17%,https://yugioh-fm-db.pages.dev/cards/352
12,Bandit Keith,54,460,Bolt Escargot,0.98%,https://yugioh-fm-db.pages.dev/cards/460
12,Bandit Keith,55,511,Bean Soldier,0.98%,https://yugioh-fm-db.pages.dev/cards/511
12,Bandit Keith,56,512,Cannon Soldier,2.15%,https://yugioh-fm-db.pages.dev/cards/512
12,Bandit Keith,57,86,Barox,0.88%,https://yugioh-fm-db.pages.dev/cards/86
12,Bandit Keith,58,95,Crass Clown,2.54%,https://yugioh-fm-db.pages.dev/cards/95
12,Bandit Keith,59,98,Clown Zombie,0.05%,https://yugioh-fm-db.pages.dev/cards/98
12,Bandit Keith,60,404,Tatsunootoshigo,0.78%,https://yugioh-fm-db.pages.dev/cards/404
12,Bandit Keith,61,643,Disk Magician,0.05%,https://yugioh-fm-db.pages.dev/cards/643
12,Bandit Keith,62,6,Feral Imp,0.98%,https://yugioh-fm-db.pages.dev/cards/6
12,Bandit Keith,63,62,Harpie Lady,0.98%,https://yugioh-fm-db.pages.dev/cards/62
12,Bandit Keith,64,91,Mystic Horseman,0.98%,https://yugioh-fm-db.pages.dev/cards/91
12,Bandit Keith,65,163,Lisark,0.49%,https://yugioh-fm-db.pages.dev/cards/163
12,Bandit Keith,66,351,Yaranzo,2.64%,https://yugioh-fm-db.pages.dev/cards/351
12,Bandit Keith,67,470,Magical Ghost,2.15%,https://yugioh-fm-db.pages.dev/cards/470
12,Bandit Keith,68,514,Brave Scizzar,0.05%,https://yugioh-fm-db.pages.dev/cards/514
12,Bandit Keith,69,517,Sand Stone,0.98%,https://yugioh-fm-db.pages.dev/cards/517
12,Bandit Keith,70,587,Mon Larvas,0.98%,https://yugioh-fm-db.pages.dev/cards/587
12,Bandit Keith,71,595,Fiend Refrection #1,0.98%,https://yugioh-fm-db.pages.dev/cards/595
12,Bandit Keith,72,626,Amazon of the Seas,0.98%,https://yugioh-fm-db.pages.dev/cards/626
12,Bandit Keith,73,13,Tyhone,0.59%,https://yugioh-fm-db.pages.dev/cards/13
12,Bandit Keith,74,27,Beaver Warrior,0.98%,https://yugioh-fm-db.pages.dev/cards/27
12,Bandit Keith,75,30,Zombie Warrior,0.05%,https://yugioh-fm-db.pages.dev/cards/30
12,Bandit Keith,76,46,Griffore,0.98%,https://yugioh-fm-db.pages.dev/cards/46
12,Bandit Keith,77,49,Big Insect,0.98%,https://yugioh-fm-db.pages.dev/cards/49
12,Bandit Keith,78,54,Gokibore,0.59%,https://yugioh-fm-db.pages.dev/cards/54
12,Bandit Keith,79,70,Fiend Kraken,0.59%,https://yugioh-fm-db.pages.dev/cards/70
12,Bandit Keith,80,71,Jellyfish,0.98%,https://yugioh-fm-db.pages.dev/cards/71
12,Bandit Keith,81,128,LaMoon,0.98%,https://yugioh-fm-db.pages.dev/cards/128
12,Bandit Keith,82,132,The 13th Grave,0.05%,https://yugioh-fm-db.pages.dev/cards/132
12,Bandit Keith,83,216,Dryad,0.49%,https://yugioh-fm-db.pages.dev/cards/216
12,Bandit Keith,84,241,Dark Assailant,0.05%,https://yugioh-fm-db.pages.dev/cards/241
12,Bandit Keith,85,287,Ogre of the Black Shadow,0.49%,https://yugioh-fm-db.pages.dev/cards/287
12,Bandit Keith,86,412,Giga-tech Wolf,1.17%,https://yugioh-fm-db.pages.dev/cards/412
12,Bandit Keith,87,283,Holograh,0.05%,https://yugioh-fm-db.pages.dev/cards/283
12,Bandit Keith,88,359,Three-legged Zombies,0.05%,https://yugioh-fm-db.pages.dev/cards/359
12,Bandit Keith,89,384,Dark Rabbit,0.49%,https://yugioh-fm-db.pages.dev/cards/384
12,Bandit Keith,90,539,Corroding Shark,0.05%,https://yugioh-fm-db.pages.dev/cards/539
12,Bandit Keith,91,580,Patrol Robo,0.05%,https://yugioh-fm-db.pages.dev/cards/580
12,Bandit Keith,92,215,Flame Ghost,0.05%,https://yugioh-fm-db.pages.dev/cards/215
12,Bandit Keith,93,228,Wood Remains,0.05%,https://yugioh-fm-db.pages.dev/cards/228
12,Bandit Keith,94,406,Yaiba Robo,0.05%,https://yugioh-fm-db.pages.dev/cards/406
12,Bandit Keith,95,83,Castle of Dark Illusions,1.17%,https://yugioh-fm-db.pages.dev/cards/83
12,Bandit Keith,96,139,Blue-eyed Silver Zombie,0.05%,https://yugioh-fm-db.pages.dev/cards/139
12,Bandit Keith,97,146,Temple of Skulls,0.05%,https://yugioh-fm-db.pages.dev/cards/146
12,Bandit Keith,98,153,Dokuroizo the Grim Reaper,0.05%,https://yugioh-fm-db.pages.dev/cards/153
12,Bandit Keith,99,414,Shovel Crusher,0.05%,https://yugioh-fm-db.pages.dev/cards/414
12,Bandit Keith,100,418,Golgoil,0.20%,https://yugioh-fm-db.pages.dev/cards/418
12,Bandit Keith,101,497,Yado Karu,0.49%,https://yugioh-fm-db.pages.dev/cards/497
12,Bandit Keith,102,544,Dharma Cannon,0.05%,https://yugioh-fm-db.pages.dev/cards/544
12,Bandit Keith,103,416,Blocker,1.71%,https://yugioh-fm-db.pages.dev/cards/416
12,Bandit Keith,104,2,Mystical Elf,1.22%,https://yugioh-fm-db.pages.dev/cards/2
12,Bandit Keith,105,170,Spirit of the Harp,1.17%,https://yugioh-fm-db.pages.dev/cards/170
12,Bandit Keith,106,417,Blast Juggler,0.05%,https://yugioh-fm-db.pages.dev/cards/417
12,Bandit Keith,107,556,The Wandering Doomed,0.05%,https://yugioh-fm-db.pages.dev/cards/556
12,Bandit Keith,108,585,Mechanical Snail,0.05%,https://yugioh-fm-db.pages.dev/cards/585
12,Bandit Keith,109,421,Cyber Commander,0.05%,https://yugioh-fm-db.pages.dev/cards/421
12,Bandit Keith,110,108,Graveyard and the Hand of Invitation,0.05%,https://yugioh-fm-db.pages.dev/cards/108
12,Bandit Keith,111,154,Fire Reaper,0.05%,https://yugioh-fm-db.pages.dev/cards/154
12,Bandit Keith,112,420,Cyber-Stein,0.05%,https://yugioh-fm-db.pages.dev/cards/420
12,Bandit Keith,113,135,Fiend's Hand,0.05%,https://yugioh-fm-db.pages.dev/cards/135
12,Bandit Keith,114,203,Phantom Ghost,0.05%,https://yugioh-fm-db.pages.dev/cards/203
12,Bandit Keith,115,9,Shadow Specter,0.05%,https://yugioh-fm-db.pages.dev/cards/9
12,Bandit Keith,116,197,Mech Mole Zombie,0.05%,https://yugioh-fm-db.pages.dev/cards/197
12,Bandit Keith,117,422,Jinzo #7,0.05%,https://yugioh-fm-db.pages.dev/cards/422
12,Bandit Keith,118,410,Mechanical Spider,0.05%,https://yugioh-fm-db.pages.dev/cards/410
12,Bandit Keith,119,548,Bone Mouse,0.05%,https://yugioh-fm-db.pages.dev/cards/548
12,Bandit Keith,120,24,Skull Servant,0.05%,https://yugioh-fm-db.pages.dev/cards/24
12,Bandit Keith,121,411,Bat,0.05%,https://yugioh-fm-db.pages.dev/cards/411
12,Bandit Keith,122,394,Steel Scorpion,0.05%,https://yugioh-fm-db.pages.dev/cards/394
12,Bandit Keith,123,325,Machine Conversion Factory,3.91%,https://yugioh-fm-db.pages.dev/cards/325
12,Bandit Keith,124,658,Metalmorph,3.13%,https://yugioh-fm-db.pages.dev/cards/658
13,Shadi,1,440,7 Colored Fish,0.05%,https://yugioh-fm-db.pages.dev/cards/440
13,Shadi,2,447,Giant Red Seasnake,0.05%,https://yugioh-fm-db.pages.dev/cards/447
13,Shadi,3,624,High Tide Gyojin,0.05%,https://yugioh-fm-db.pages.dev/cards/624
13,Shadi,4,60,Great White,0.05%,https://yugioh-fm-db.pages.dev/cards/60
13,Shadi,5,448,Spike Seadra,0.05%,https://yugioh-fm-db.pages.dev/cards/448
13,Shadi,6,507,Crazy Fish,0.05%,https://yugioh-fm-db.pages.dev/cards/507
13,Shadi,7,625,Fairy of the Fountain,0.05%,https://yugioh-fm-db.pages.dev/cards/625
13,Shadi,8,599,Violent Rain,0.05%,https://yugioh-fm-db.pages.dev/cards/599
13,Shadi,9,51,Armored Lizard,0.05%,https://yugioh-fm-db.pages.dev/cards/51
13,Shadi,10,230,Rare Fish,0.05%,https://yugioh-fm-db.pages.dev/cards/230
13,Shadi,11,353,Takriminos,0.05%,https://yugioh-fm-db.pages.dev/cards/353
13,Shadi,12,647,Hyosube,0.05%,https://yugioh-fm-db.pages.dev/cards/647
13,Shadi,13,249,Water Omotics,0.05%,https://yugioh-fm-db.pages.dev/cards/249
13,Shadi,14,430,Water Magician,0.05%,https://yugioh-fm-db.pages.dev/cards/430
13,Shadi,15,630,Ancient Lizard Warrior,0.05%,https://yugioh-fm-db.pages.dev/cards/630
13,Shadi,16,543,Tongyo,0.05%,https://yugioh-fm-db.pages.dev/cards/543
13,Shadi,17,550,Behegon,0.05%,https://yugioh-fm-db.pages.dev/cards/550
13,Shadi,18,77,Grappler,0.05%,https://yugioh-fm-db.pages.dev/cards/77
13,Shadi,19,445,Guardian of the Sea,0.05%,https://yugioh-fm-db.pages.dev/cards/445
13,Shadi,20,626,Amazon of the Seas,0.05%,https://yugioh-fm-db.pages.dev/cards/626
13,Shadi,21,646,Gruesome Goo,0.05%,https://yugioh-fm-db.pages.dev/cards/646
13,Shadi,22,435,Water Girl,0.05%,https://yugioh-fm-db.pages.dev/cards/435
13,Shadi,23,546,Wow Warrior,0.05%,https://yugioh-fm-db.pages.dev/cards/546
13,Shadi,24,70,Fiend Kraken,0.05%,https://yugioh-fm-db.pages.dev/cards/70
13,Shadi,25,71,Jellyfish,0.05%,https://yugioh-fm-db.pages.dev/cards/71
13,Shadi,26,251,Enchanting Mermaid,0.05%,https://yugioh-fm-db.pages.dev/cards/251
13,Shadi,27,361,Flying Penguin,0.05%,https://yugioh-fm-db.pages.dev/cards/361
13,Shadi,28,450,Kappa Avenger,0.05%,https://yugioh-fm-db.pages.dev/cards/450
13,Shadi,29,566,Yormungarde,0.05%,https://yugioh-fm-db.pages.dev/cards/566
13,Shadi,30,431,Ice Water,0.05%,https://yugioh-fm-db.pages.dev/cards/431
13,Shadi,31,634,Night Lizard,0.05%,https://yugioh-fm-db.pages.dev/cards/634
13,Shadi,32,76,Krokodilus,0.05%,https://yugioh-fm-db.pages.dev/cards/76
13,Shadi,33,432,Waterdragon Fairy,0.05%,https://yugioh-fm-db.pages.dev/cards/432
13,Shadi,34,474,Sea Kamen,0.05%,https://yugioh-fm-db.pages.dev/cards/474
13,Shadi,35,446,Aqua Snake,0.05%,https://yugioh-fm-db.pages.dev/cards/446
13,Shadi,36,140,Toad Master,0.05%,https://yugioh-fm-db.pages.dev/cards/140
13,Shadi,37,193,Turtle Tiger,0.05%,https://yugioh-fm-db.pages.dev/cards/193
13,Shadi,38,196,Arma Knight,0.05%,https://yugioh-fm-db.pages.dev/cards/196
13,Shadi,39,258,Beastking of the Swamps,0.05%,https://yugioh-fm-db.pages.dev/cards/258
13,Shadi,40,270,Wetha,0.05%,https://yugioh-fm-db.pages.dev/cards/270
13,Shadi,41,583,Weather Report,0.05%,https://yugioh-fm-db.pages.dev/cards/583
13,Shadi,42,605,Liquid Beast,0.05%,https://yugioh-fm-db.pages.dev/cards/605
13,Shadi,43,122,Yamatano Dragon Scroll,0.98%,https://yugioh-fm-db.pages.dev/cards/122
13,Shadi,44,174,Hurricail,1.56%,https://yugioh-fm-db.pages.dev/cards/174
13,Shadi,45,199,Penguin Knight,0.05%,https://yugioh-fm-db.pages.dev/cards/199
13,Shadi,46,205,Dorover,0.05%,https://yugioh-fm-db.pages.dev/cards/205
13,Shadi,47,206,Twin Long Rods #1,0.05%,https://yugioh-fm-db.pages.dev/cards/206
13,Shadi,48,243,Water Element,0.05%,https://yugioh-fm-db.pages.dev/cards/243
13,Shadi,49,247,Root Water,0.05%,https://yugioh-fm-db.pages.dev/cards/247
13,Shadi,50,497,Yado Karu,0.05%,https://yugioh-fm-db.pages.dev/cards/497
13,Shadi,51,569,Drooling Lizard,0.05%,https://yugioh-fm-db.pages.dev/cards/569
13,Shadi,52,606,Twin Long Rods #2,0.05%,https://yugioh-fm-db.pages.dev/cards/606
13,Shadi,53,615,Armored Starfish,0.05%,https://yugioh-fm-db.pages.dev/cards/615
13,Shadi,54,177,Monsturtle,0.05%,https://yugioh-fm-db.pages.dev/cards/177
13,Shadi,55,214,Kagemusha of the Blue Flame,0.98%,https://yugioh-fm-db.pages.dev/cards/214
13,Shadi,56,245,Meda Bat,0.98%,https://yugioh-fm-db.pages.dev/cards/245
13,Shadi,57,265,The Furious Sea King,0.05%,https://yugioh-fm-db.pages.dev/cards/265
13,Shadi,58,381,Toon Alligator,0.05%,https://yugioh-fm-db.pages.dev/cards/381
13,Shadi,59,536,Mechaleon,0.20%,https://yugioh-fm-db.pages.dev/cards/536
13,Shadi,60,590,Beaked Snake,0.05%,https://yugioh-fm-db.pages.dev/cards/590
13,Shadi,61,579,Abyss Flower,1.46%,https://yugioh-fm-db.pages.dev/cards/579
13,Shadi,62,602,Penguin Soldier,1.46%,https://yugioh-fm-db.pages.dev/cards/602
13,Shadi,63,154,Fire Reaper,0.98%,https://yugioh-fm-db.pages.dev/cards/154
13,Shadi,64,268,Sectarian of Secrets,0.98%,https://yugioh-fm-db.pages.dev/cards/268
13,Shadi,65,285,Serpent Marauder,0.78%,https://yugioh-fm-db.pages.dev/cards/285
13,Shadi,66,420,Cyber-Stein,0.98%,https://yugioh-fm-db.pages.dev/cards/420
13,Shadi,67,503,Turtle Raccoon,0.05%,https://yugioh-fm-db.pages.dev/cards/503
13,Shadi,68,549,Frog The Jam,3.13%,https://yugioh-fm-db.pages.dev/cards/549
13,Shadi,69,451,Kanikabuto,0.05%,https://yugioh-fm-db.pages.dev/cards/451
13,Shadi,70,486,Boo Koo,1.46%,https://yugioh-fm-db.pages.dev/cards/486
13,Shadi,71,611,Hiro's Shadow Scout,1.46%,https://yugioh-fm-db.pages.dev/cards/611
13,Shadi,72,104,Curtain of the Dark Ones,1.56%,https://yugioh-fm-db.pages.dev/cards/104
13,Shadi,73,130,Weather Control,2.20%,https://yugioh-fm-db.pages.dev/cards/130
13,Shadi,74,135,Fiend's Hand,0.98%,https://yugioh-fm-db.pages.dev/cards/135
13,Shadi,75,185,Eyearmor,1.56%,https://yugioh-fm-db.pages.dev/cards/185
13,Shadi,76,191,LaLa Li-oon,0.98%,https://yugioh-fm-db.pages.dev/cards/191
13,Shadi,77,207,Droll Bird,1.56%,https://yugioh-fm-db.pages.dev/cards/207
13,Shadi,78,210,Hinotama Soul,1.56%,https://yugioh-fm-db.pages.dev/cards/210
13,Shadi,79,227,Hitodenchak,0.78%,https://yugioh-fm-db.pages.dev/cards/227
13,Shadi,80,242,Candle of Fate,0.98%,https://yugioh-fm-db.pages.dev/cards/242
13,Shadi,81,452,Zarigun,0.78%,https://yugioh-fm-db.pages.dev/cards/452
13,Shadi,82,516,Muka Muka,1.56%,https://yugioh-fm-db.pages.dev/cards/516
13,Shadi,83,598,Little Chimera,1.46%,https://yugioh-fm-db.pages.dev/cards/598
13,Shadi,84,485,Korogashi,1.95%,https://yugioh-fm-db.pages.dev/cards/485
13,Shadi,85,524,Star Boy,6.45%,https://yugioh-fm-db.pages.dev/cards/524
13,Shadi,86,563,Wretched Ghost of the Attic,1.95%,https://yugioh-fm-db.pages.dev/cards/563
13,Shadi,87,628,Witch's Apprentice,1.95%,https://yugioh-fm-db.pages.dev/cards/628
13,Shadi,88,16,Time Wizard,1.56%,https://yugioh-fm-db.pages.dev/cards/16
13,Shadi,89,50,Basic Insect,0.98%,https://yugioh-fm-db.pages.dev/cards/50
13,Shadi,90,105,Tomozaurus,1.56%,https://yugioh-fm-db.pages.dev/cards/105
13,Shadi,91,137,Mystery Hand,2.20%,https://yugioh-fm-db.pages.dev/cards/137
13,Shadi,92,152,The Melting Red Shadow,3.13%,https://yugioh-fm-db.pages.dev/cards/152
13,Shadi,93,182,Masked Clown,0.98%,https://yugioh-fm-db.pages.dev/cards/182
13,Shadi,94,197,Mech Mole Zombie,1.56%,https://yugioh-fm-db.pages.dev/cards/197
13,Shadi,95,237,Haniwa,1.95%,https://yugioh-fm-db.pages.dev/cards/237
13,Shadi,96,422,Jinzo #7,1.56%,https://yugioh-fm-db.pages.dev/cards/422
13,Shadi,97,436,White Dolphin,4.88%,https://yugioh-fm-db.pages.dev/cards/436
13,Shadi,98,492,Hoshiningen,0.98%,https://yugioh-fm-db.pages.dev/cards/492
13,Shadi,99,589,Tentacle Plant,1.56%,https://yugioh-fm-db.pages.dev/cards/589
13,Shadi,100,444,Turu-Purun,6.45%,https://yugioh-fm-db.pages.dev/cards/444
13,Shadi,101,501,Man-eater Bug,1.95%,https://yugioh-fm-db.pages.dev/cards/501
13,Shadi,102,541,Hane-Hane,1.95%,https://yugioh-fm-db.pages.dev/cards/541
13,Shadi,103,202,Air Marmot of Nefariousness,1.95%,https://yugioh-fm-db.pages.dev/cards/202
13,Shadi,104,289,Change Slime,0.78%,https://yugioh-fm-db.pages.dev/cards/289
13,Shadi,105,292,Psychic Kappa,0.20%,https://yugioh-fm-db.pages.dev/cards/292
13,Shadi,106,410,Mechanical Spider,1.56%,https://yugioh-fm-db.pages.dev/cards/410
13,Shadi,107,488,Rainbow Flower,1.56%,https://yugioh-fm-db.pages.dev/cards/488
13,Shadi,108,558,Pot the Trick,0.98%,https://yugioh-fm-db.pages.dev/cards/558
13,Shadi,109,644,Flame Viper,1.46%,https://yugioh-fm-db.pages.dev/cards/644
13,Shadi,110,398,Ooguchi,0.05%,https://yugioh-fm-db.pages.dev/cards/398
13,Shadi,111,475,Sinister Serpent,0.05%,https://yugioh-fm-db.pages.dev/cards/475
13,Shadi,112,484,Ameba,0.49%,https://yugioh-fm-db.pages.dev/cards/484
13,Shadi,113,393,Zone Eater,0.05%,https://yugioh-fm-db.pages.dev/cards/393
13,Shadi,114,309,Steel Shell,1.76%,https://yugioh-fm-db.pages.dev/cards/309
13,Shadi,115,320,Stop Defense,1.76%,https://yugioh-fm-db.pages.dev/cards/320
13,Shadi,116,334,Umi,2.34%,https://yugioh-fm-db.pages.dev/cards/334
13,Shadi,117,340,Goblin's Secret Remedy,1.76%,https://yugioh-fm-db.pages.dev/cards/340
13,Shadi,118,655,Cursebreaker,1.56%,https://yugioh-fm-db.pages.dev/cards/655
17,Kaiba,1,1,Blue-eyes White Dragon,2.20%,https://yugioh-fm-db.pages.dev/cards/1
17,Kaiba,2,69,Thousand Dragon,0.05%,https://yugioh-fm-db.pages.dev/cards/69
17,Kaiba,3,565,Man-eating Black Shark,0.78%,https://yugioh-fm-db.pages.dev/cards/565
17,Kaiba,4,383,Parrot Dragon,3.13%,https://yugioh-fm-db.pages.dev/cards/383
17,Kaiba,5,458,Kaminari Attack,1.17%,https://yugioh-fm-db.pages.dev/cards/458
17,Kaiba,6,473,Vermillion Sparrow,0.78%,https://yugioh-fm-db.pages.dev/cards/473
17,Kaiba,7,482,Pragtical,0.78%,https://yugioh-fm-db.pages.dev/cards/482
17,Kaiba,8,389,Giltia the D. Knight,1.17%,https://yugioh-fm-db.pages.dev/cards/389
17,Kaiba,9,577,Crow Goblin,0.39%,https://yugioh-fm-db.pages.dev/cards/577
17,Kaiba,10,639,Amphibious Bugroth,1.56%,https://yugioh-fm-db.pages.dev/cards/639
17,Kaiba,11,12,Swamp Battleguard,1.17%,https://yugioh-fm-db.pages.dev/cards/12
17,Kaiba,12,14,Battle Steer,1.17%,https://yugioh-fm-db.pages.dev/cards/14
17,Kaiba,13,15,Flame Swordsman,0.88%,https://yugioh-fm-db.pages.dev/cards/15
17,Kaiba,14,68,Garoozis,1.17%,https://yugioh-fm-db.pages.dev/cards/68
17,Kaiba,15,73,Kairyu-shin,1.17%,https://yugioh-fm-db.pages.dev/cards/73
17,Kaiba,16,126,Orion the Battle King,1.17%,https://yugioh-fm-db.pages.dev/cards/126
17,Kaiba,17,375,Dungeon Worm,1.17%,https://yugioh-fm-db.pages.dev/cards/375
17,Kaiba,18,376,Monster Tamer,0.78%,https://yugioh-fm-db.pages.dev/cards/376
17,Kaiba,19,379,La Jinn the Mystical Genie,0.10%,https://yugioh-fm-db.pages.dev/cards/379
17,Kaiba,20,382,Rude Kaiser,0.78%,https://yugioh-fm-db.pages.dev/cards/382
17,Kaiba,21,400,Emperor of the Land and Sea,1.17%,https://yugioh-fm-db.pages.dev/cards/400
17,Kaiba,22,441,Mech Bass,1.17%,https://yugioh-fm-db.pages.dev/cards/441
17,Kaiba,23,464,Wing Eagle,1.17%,https://yugioh-fm-db.pages.dev/cards/464
17,Kaiba,24,487,Flower Wolf,1.56%,https://yugioh-fm-db.pages.dev/cards/487
17,Kaiba,25,508,Cyber Saurus,1.56%,https://yugioh-fm-db.pages.dev/cards/508
17,Kaiba,26,638,Queen of Autumn Leaves,1.17%,https://yugioh-fm-db.pages.dev/cards/638
17,Kaiba,27,403,Leogun,1.17%,https://yugioh-fm-db.pages.dev/cards/403
17,Kaiba,28,434,Beautiful Beast Trainer,1.56%,https://yugioh-fm-db.pages.dev/cards/434
17,Kaiba,29,495,Musician King,1.56%,https://yugioh-fm-db.pages.dev/cards/495
17,Kaiba,30,26,Battle Ox,0.05%,https://yugioh-fm-db.pages.dev/cards/26
17,Kaiba,31,106,Spirit of the Winds,1.17%,https://yugioh-fm-db.pages.dev/cards/106
17,Kaiba,32,124,Ancient Tool,1.17%,https://yugioh-fm-db.pages.dev/cards/124
17,Kaiba,33,150,Akihiron,1.17%,https://yugioh-fm-db.pages.dev/cards/150
17,Kaiba,34,204,Mabarrel,1.17%,https://yugioh-fm-db.pages.dev/cards/204
17,Kaiba,35,491,Peacock,1.56%,https://yugioh-fm-db.pages.dev/cards/491
17,Kaiba,36,617,Marine Beast,1.17%,https://yugioh-fm-db.pages.dev/cards/617
17,Kaiba,37,423,Dice Armadillo,0.39%,https://yugioh-fm-db.pages.dev/cards/423
17,Kaiba,38,439,Bottom Dweller,1.17%,https://yugioh-fm-db.pages.dev/cards/439
17,Kaiba,39,513,Guardian of the Throne Room,1.56%,https://yugioh-fm-db.pages.dev/cards/513
17,Kaiba,40,650,Whiptail Crow,1.56%,https://yugioh-fm-db.pages.dev/cards/650
17,Kaiba,41,87,Dark Chimera,1.17%,https://yugioh-fm-db.pages.dev/cards/87
17,Kaiba,42,94,Crawling Dragon,1.56%,https://yugioh-fm-db.pages.dev/cards/94
17,Kaiba,43,111,Doma The Angel of Silence,0.78%,https://yugioh-fm-db.pages.dev/cards/111
17,Kaiba,44,131,Octoberser,0.78%,https://yugioh-fm-db.pages.dev/cards/131
17,Kaiba,45,357,Yamadron,1.56%,https://yugioh-fm-db.pages.dev/cards/357
17,Kaiba,46,377,Ryu-kishin Powered,0.10%,https://yugioh-fm-db.pages.dev/cards/377
17,Kaiba,47,425,Thunder Dragon,1.17%,https://yugioh-fm-db.pages.dev/cards/425
17,Kaiba,48,519,Fire Kraken,1.17%,https://yugioh-fm-db.pages.dev/cards/519
17,Kaiba,49,528,Togex,0.78%,https://yugioh-fm-db.pages.dev/cards/528
17,Kaiba,50,614,Hunter Spider,0.78%,https://yugioh-fm-db.pages.dev/cards/614
17,Kaiba,51,622,Ill Witch,1.17%,https://yugioh-fm-db.pages.dev/cards/622
17,Kaiba,52,632,Stone Ogre Grotto,1.17%,https://yugioh-fm-db.pages.dev/cards/632
17,Kaiba,53,396,Ocubeam,1.56%,https://yugioh-fm-db.pages.dev/cards/396
17,Kaiba,54,494,Rainbow Marine Mermaid,1.56%,https://yugioh-fm-db.pages.dev/cards/494
17,Kaiba,55,554,Lava Battleguard,1.12%,https://yugioh-fm-db.pages.dev/cards/554
17,Kaiba,56,10,Blackland Fire Dragon,0.05%,https://yugioh-fm-db.pages.dev/cards/10
17,Kaiba,57,31,Koumori Dragon,0.05%,https://yugioh-fm-db.pages.dev/cards/31
17,Kaiba,58,93,Zanki,1.56%,https://yugioh-fm-db.pages.dev/cards/93
17,Kaiba,59,168,Darkfire Dragon,0.10%,https://yugioh-fm-db.pages.dev/cards/168
17,Kaiba,60,286,Gatekeeper,1.17%,https://yugioh-fm-db.pages.dev/cards/286
17,Kaiba,61,355,Megasonic Eye,1.17%,https://yugioh-fm-db.pages.dev/cards/355
17,Kaiba,62,413,Cyber Soldier,1.56%,https://yugioh-fm-db.pages.dev/cards/413
17,Kaiba,63,637,Trent,1.17%,https://yugioh-fm-db.pages.dev/cards/637
17,Kaiba,64,7,Winged Dragon #1,0.05%,https://yugioh-fm-db.pages.dev/cards/7
17,Kaiba,65,23,The Wicked Worm Beast,0.05%,https://yugioh-fm-db.pages.dev/cards/23
17,Kaiba,66,542,Misairuzame,0.78%,https://yugioh-fm-db.pages.dev/cards/542
17,Kaiba,67,557,Steel Ogre Grotto #1,1.56%,https://yugioh-fm-db.pages.dev/cards/557
17,Kaiba,68,593,Giant Turtle Who Feeds on Flames,1.56%,https://yugioh-fm-db.pages.dev/cards/593
17,Kaiba,69,633,Winged Egg of New Life,1.17%,https://yugioh-fm-db.pages.dev/cards/633
17,Kaiba,70,84,Reaper of the Cards,1.17%,https://yugioh-fm-db.pages.dev/cards/84
17,Kaiba,71,641,Invader of the Throne,1.17%,https://yugioh-fm-db.pages.dev/cards/641
17,Kaiba,72,74,Giant Soldier of Stone,1.17%,https://yugioh-fm-db.pages.dev/cards/74
17,Kaiba,73,77,Grappler,0.05%,https://yugioh-fm-db.pages.dev/cards/77
17,Kaiba,74,91,Mystic Horseman,0.20%,https://yugioh-fm-db.pages.dev/cards/91
17,Kaiba,75,525,Spirit of the Mountain,1.17%,https://yugioh-fm-db.pages.dev/cards/525
17,Kaiba,76,449,"30,000-Year White Turtle",1.17%,https://yugioh-fm-db.pages.dev/cards/449
17,Kaiba,77,3,Hitotsu-me Giant,0.05%,https://yugioh-fm-db.pages.dev/cards/3
17,Kaiba,78,4,Baby Dragon,0.05%,https://yugioh-fm-db.pages.dev/cards/4
17,Kaiba,79,42,Illusionist Faceless Mage,0.88%,https://yugioh-fm-db.pages.dev/cards/42
17,Kaiba,80,213,Aqua Madoor,1.56%,https://yugioh-fm-db.pages.dev/cards/213
17,Kaiba,81,468,Queen Bird,1.56%,https://yugioh-fm-db.pages.dev/cards/468
17,Kaiba,82,561,Lesser Dragon,0.05%,https://yugioh-fm-db.pages.dev/cards/561
17,Kaiba,83,88,Metal Guardian,1.17%,https://yugioh-fm-db.pages.dev/cards/88
17,Kaiba,84,603,Fairy Dragon,0.05%,https://yugioh-fm-db.pages.dev/cards/603
17,Kaiba,85,5,Ryu-kishin,0.05%,https://yugioh-fm-db.pages.dev/cards/5
17,Kaiba,86,89,Catapult Turtle,0.78%,https://yugioh-fm-db.pages.dev/cards/89
17,Kaiba,87,122,Yamatano Dragon Scroll,0.05%,https://yugioh-fm-db.pages.dev/cards/122
17,Kaiba,88,298,Wicked Dragon with the Ersatz Head,0.05%,https://yugioh-fm-db.pages.dev/cards/298
17,Kaiba,89,296,One-eyed Shield Dragon,0.05%,https://yugioh-fm-db.pages.dev/cards/296
17,Kaiba,90,34,Saggi the Dark Clown,0.05%,https://yugioh-fm-db.pages.dev/cards/34
17,Kaiba,91,200,Petit Dragon,0.05%,https://yugioh-fm-db.pages.dev/cards/200
17,Kaiba,92,320,Stop Defense,1.56%,https://yugioh-fm-db.pages.dev/cards/320
17,Kaiba,93,336,Dark Hole,1.56%,https://yugioh-fm-db.pages.dev/cards/336
17,Kaiba,94,348,Swords of Revealing Light,1.56%,https://yugioh-fm-db.pages.dev/cards/348
17,Kaiba,95,362,Millennium Shield,0.78%,https://yugioh-fm-db.pages.dev/cards/362
17,Kaiba,96,366,Labyrinth Wall,0.78%,https://yugioh-fm-db.pages.dev/cards/366
17,Kaiba,97,661,Crush Card,3.13%,https://yugioh-fm-db.pages.dev/cards/661
17,Kaiba,98,669,Shadow Spell,1.56%,https://yugioh-fm-db.pages.dev/cards/669
17,Kaiba,99,675,Ultimate Dragon,2.20%,https://yugioh-fm-db.pages.dev/cards/675
20,Teana 2nd,1,90,Gyakutenno Megami,3.91%,https://yugioh-fm-db.pages.dev/cards/90
20,Teana 2nd,2,126,Orion the Battle King,2.34%,https://yugioh-fm-db.pages.dev/cards/126
20,Teana 2nd,3,582,Dark Witch,2.34%,https://yugioh-fm-db.pages.dev/cards/582
20,Teana 2nd,4,111,Doma The Angel of Silence,3.91%,https://yugioh-fm-db.pages.dev/cards/111
20,Teana 2nd,5,396,Ocubeam,3.91%,https://yugioh-fm-db.pages.dev/cards/396
20,Teana 2nd,6,633,Winged Egg of New Life,3.91%,https://yugioh-fm-db.pages.dev/cards/633
20,Teana 2nd,7,608,Shining Friendship,2.34%,https://yugioh-fm-db.pages.dev/cards/608
20,Teana 2nd,8,109,Goddess with the Third Eye,2.34%,https://yugioh-fm-db.pages.dev/cards/109
20,Teana 2nd,9,616,Hourglass of Courage,2.34%,https://yugioh-fm-db.pages.dev/cards/616
20,Teana 2nd,10,276,Ray & Temperature,2.34%,https://yugioh-fm-db.pages.dev/cards/276
20,Teana 2nd,11,584,Binding Chain,2.34%,https://yugioh-fm-db.pages.dev/cards/584
20,Teana 2nd,12,429,Goddess of Whim,2.34%,https://yugioh-fm-db.pages.dev/cards/429
20,Teana 2nd,13,540,Skelengel,2.34%,https://yugioh-fm-db.pages.dev/cards/540
20,Teana 2nd,14,592,Muse-A,2.34%,https://yugioh-fm-db.pages.dev/cards/592
20,Teana 2nd,15,170,Spirit of the Harp,2.34%,https://yugioh-fm-db.pages.dev/cards/170
20,Teana 2nd,16,198,Happy Lover,2.34%,https://yugioh-fm-db.pages.dev/cards/198
20,Teana 2nd,17,260,Lunar Queen Elzaim,2.34%,https://yugioh-fm-db.pages.dev/cards/260
20,Teana 2nd,18,134,Mystical Capture Chain,2.34%,https://yugioh-fm-db.pages.dev/cards/134
20,Teana 2nd,19,229,Hourglass of Life,2.34%,https://yugioh-fm-db.pages.dev/cards/229
20,Teana 2nd,20,601,Tenderness,2.34%,https://yugioh-fm-db.pages.dev/cards/601
20,Teana 2nd,21,130,Weather Control,2.34%,https://yugioh-fm-db.pages.dev/cards/130
20,Teana 2nd,22,208,Petit Angel,2.34%,https://yugioh-fm-db.pages.dev/cards/208
20,Teana 2nd,23,264,Wing Egg Elf,2.34%,https://yugioh-fm-db.pages.dev/cards/264
20,Teana 2nd,24,492,Hoshiningen,2.34%,https://yugioh-fm-db.pages.dev/cards/492
20,Teana 2nd,25,192,Key Mace,1.56%,https://yugioh-fm-db.pages.dev/cards/192
20,Teana 2nd,26,24,Skull Servant,1.56%,https://yugioh-fm-db.pages.dev/cards/24
20,Teana 2nd,27,58,Kuriboh,1.56%,https://yugioh-fm-db.pages.dev/cards/58
20,Teana 2nd,28,395,Dancing Elf,1.56%,https://yugioh-fm-db.pages.dev/cards/395
20,Teana 2nd,29,393,Zone Eater,1.56%,https://yugioh-fm-db.pages.dev/cards/393
20,Teana 2nd,30,399,Swordsman from a Foreign Land,1.56%,https://yugioh-fm-db.pages.dev/cards/399
20,Teana 2nd,31,312,Silver Bow and Arrow,3.91%,https://yugioh-fm-db.pages.dev/cards/312
20,Teana 2nd,32,320,Stop Defense,2.34%,https://yugioh-fm-db.pages.dev/cards/320
20,Teana 2nd,33,321,Malevolent Nuzzler,3.91%,https://yugioh-fm-db.pages.dev/cards/321
20,Teana 2nd,34,330,Forest,2.34%,https://yugioh-fm-db.pages.dev/cards/330
20,Teana 2nd,35,331,Wasteland,2.34%,https://yugioh-fm-db.pages.dev/cards/331
20,Teana 2nd,36,332,Mountain,2.34%,https://yugioh-fm-db.pages.dev/cards/332
20,Teana 2nd,37,333,Sogen,2.34%,https://yugioh-fm-db.pages.dev/cards/333
20,Teana 2nd,38,334,Umi,2.34%,https://yugioh-fm-db.pages.dev/cards/334
20,Teana 2nd,39,335,Yami,2.34%,https://yugioh-fm-db.pages.dev/cards/335
20,Teana 2nd,40,659,Winged Trumpeter,3.91%,https://yugioh-fm-db.pages.dev/cards/659
19,Jono 2nd,1,82,Red-eyes B. Dragon,3.52%,https://yugioh-fm-db.pages.dev/cards/82
19,Jono 2nd,2,473,Vermillion Sparrow,1.76%,https://yugioh-fm-db.pages.dev/cards/473
19,Jono 2nd,3,389,Giltia the D. Knight,3.52%,https://yugioh-fm-db.pages.dev/cards/389
19,Jono 2nd,4,12,Swamp Battleguard,3.52%,https://yugioh-fm-db.pages.dev/cards/12
19,Jono 2nd,5,14,Battle Steer,3.52%,https://yugioh-fm-db.pages.dev/cards/14
19,Jono 2nd,6,15,Flame Swordsman,3.52%,https://yugioh-fm-db.pages.dev/cards/15
19,Jono 2nd,7,68,Garoozis,3.52%,https://yugioh-fm-db.pages.dev/cards/68
19,Jono 2nd,8,78,Axe Raider,3.52%,https://yugioh-fm-db.pages.dev/cards/78
19,Jono 2nd,9,43,Karbonala Warrior,3.52%,https://yugioh-fm-db.pages.dev/cards/43
19,Jono 2nd,10,51,Armored Lizard,3.52%,https://yugioh-fm-db.pages.dev/cards/51
19,Jono 2nd,11,64,Tiger Axe,3.52%,https://yugioh-fm-db.pages.dev/cards/64
19,Jono 2nd,12,291,Fireyarou,1.76%,https://yugioh-fm-db.pages.dev/cards/291
19,Jono 2nd,13,4,Baby Dragon,0.39%,https://yugioh-fm-db.pages.dev/cards/4
19,Jono 2nd,14,61,Wolf,3.52%,https://yugioh-fm-db.pages.dev/cards/61
19,Jono 2nd,15,133,Charubin the Fire Knight,1.76%,https://yugioh-fm-db.pages.dev/cards/133
19,Jono 2nd,16,28,Rock Ogre Grotto #1,1.95%,https://yugioh-fm-db.pages.dev/cards/28
19,Jono 2nd,17,176,Fire Eye,0.39%,https://yugioh-fm-db.pages.dev/cards/176
19,Jono 2nd,18,100,Battle Warrior,1.76%,https://yugioh-fm-db.pages.dev/cards/100
19,Jono 2nd,19,101,Wings of Wicked Flame,1.76%,https://yugioh-fm-db.pages.dev/cards/101
19,Jono 2nd,20,29,Mountain Warrior,1.76%,https://yugioh-fm-db.pages.dev/cards/29
19,Jono 2nd,21,210,Hinotama Soul,0.39%,https://yugioh-fm-db.pages.dev/cards/210
19,Jono 2nd,22,9,Shadow Specter,0.39%,https://yugioh-fm-db.pages.dev/cards/9
19,Jono 2nd,23,16,Time Wizard,1.76%,https://yugioh-fm-db.pages.dev/cards/16
19,Jono 2nd,24,167,Ancient Jar,0.39%,https://yugioh-fm-db.pages.dev/cards/167
19,Jono 2nd,25,192,Key Mace,0.39%,https://yugioh-fm-db.pages.dev/cards/192
19,Jono 2nd,26,289,Change Slime,0.39%,https://yugioh-fm-db.pages.dev/cards/289
19,Jono 2nd,27,387,Mystic Lamp,0.39%,https://yugioh-fm-db.pages.dev/cards/387
19,Jono 2nd,28,504,Fungi of the Musk,0.39%,https://yugioh-fm-db.pages.dev/cards/504
19,Jono 2nd,29,548,Bone Mouse,0.39%,https://yugioh-fm-db.pages.dev/cards/548
19,Jono 2nd,30,558,Pot the Trick,0.39%,https://yugioh-fm-db.pages.dev/cards/558
19,Jono 2nd,31,644,Flame Viper,0.39%,https://yugioh-fm-db.pages.dev/cards/644
19,Jono 2nd,32,547,Griggle,0.39%,https://yugioh-fm-db.pages.dev/cards/547
19,Jono 2nd,33,635,Queen's Double,0.39%,https://yugioh-fm-db.pages.dev/cards/635
19,Jono 2nd,34,123,Dark Plant,0.39%,https://yugioh-fm-db.pages.dev/cards/123
19,Jono 2nd,35,397,Leghul,0.39%,https://yugioh-fm-db.pages.dev/cards/397
19,Jono 2nd,36,411,Bat,0.39%,https://yugioh-fm-db.pages.dev/cards/411
19,Jono 2nd,37,428,Magician of Faith,0.39%,https://yugioh-fm-db.pages.dev/cards/428
19,Jono 2nd,38,469,Armed Ninja,0.39%,https://yugioh-fm-db.pages.dev/cards/469
19,Jono 2nd,39,484,Ameba,0.39%,https://yugioh-fm-db.pages.dev/cards/484
19,Jono 2nd,40,402,Monster Eye,0.39%,https://yugioh-fm-db.pages.dev/cards/402
19,Jono 2nd,41,40,Dragon Piper,1.76%,https://yugioh-fm-db.pages.dev/cards/40
19,Jono 2nd,42,324,Invigoration,3.91%,https://yugioh-fm-db.pages.dev/cards/324
19,Jono 2nd,43,330,Forest,3.42%,https://yugioh-fm-db.pages.dev/cards/330
19,Jono 2nd,44,331,Wasteland,3.42%,https://yugioh-fm-db.pages.dev/cards/331
19,Jono 2nd,45,332,Mountain,3.42%,https://yugioh-fm-db.pages.dev/cards/332
19,Jono 2nd,46,333,Sogen,3.42%,https://yugioh-fm-db.pages.dev/cards/333
19,Jono 2nd,47,334,Umi,3.42%,https://yugioh-fm-db.pages.dev/cards/334
19,Jono 2nd,48,335,Yami,3.42%,https://yugioh-fm-db.pages.dev/cards/335
19,Jono 2nd,49,347,Tremendous Fire,4.88%,https://yugioh-fm-db.pages.dev/cards/347
19,Jono 2nd,50,651,Kunai with Chain,3.91%,https://yugioh-fm-db.pages.dev/cards/651
19,Jono 2nd,51,654,Salamandra,3.91%,https://yugioh-fm-db.pages.dev/cards/654
16,Isis,1,217,B. Skull Dragon,0.49%,https://yugioh-fm-db.pages.dev/cards/217
16,Isis,2,613,Twin-headed Thunder Dragon,0.59%,https://yugioh-fm-db.pages.dev/cards/613
16,Isis,3,442,Aqua Dragon,3.91%,https://yugioh-fm-db.pages.dev/cards/442
16,Isis,4,223,Roaring Ocean Snake,3.91%,https://yugioh-fm-db.pages.dev/cards/223
16,Isis,5,565,Man-eating Black Shark,0.59%,https://yugioh-fm-db.pages.dev/cards/565
16,Isis,6,383,Parrot Dragon,0.49%,https://yugioh-fm-db.pages.dev/cards/383
16,Isis,7,443,Sea King Dragon,3.91%,https://yugioh-fm-db.pages.dev/cards/443
16,Isis,8,639,Amphibious Bugroth,0.59%,https://yugioh-fm-db.pages.dev/cards/639
16,Isis,9,73,Kairyu-shin,0.49%,https://yugioh-fm-db.pages.dev/cards/73
16,Isis,10,440,7 Colored Fish,0.49%,https://yugioh-fm-db.pages.dev/cards/440
16,Isis,11,447,Giant Red Seasnake,0.49%,https://yugioh-fm-db.pages.dev/cards/447
16,Isis,12,150,Akihiron,0.49%,https://yugioh-fm-db.pages.dev/cards/150
16,Isis,13,617,Marine Beast,0.59%,https://yugioh-fm-db.pages.dev/cards/617
16,Isis,14,439,Bottom Dweller,0.49%,https://yugioh-fm-db.pages.dev/cards/439
16,Isis,15,624,High Tide Gyojin,0.59%,https://yugioh-fm-db.pages.dev/cards/624
16,Isis,16,60,Great White,0.49%,https://yugioh-fm-db.pages.dev/cards/60
16,Isis,17,94,Crawling Dragon,0.49%,https://yugioh-fm-db.pages.dev/cards/94
16,Isis,18,131,Octoberser,0.49%,https://yugioh-fm-db.pages.dev/cards/131
16,Isis,19,357,Yamadron,0.49%,https://yugioh-fm-db.pages.dev/cards/357
16,Isis,20,448,Spike Seadra,0.49%,https://yugioh-fm-db.pages.dev/cards/448
16,Isis,21,507,Crazy Fish,0.59%,https://yugioh-fm-db.pages.dev/cards/507
16,Isis,22,519,Fire Kraken,0.59%,https://yugioh-fm-db.pages.dev/cards/519
16,Isis,23,625,Fairy of the Fountain,0.59%,https://yugioh-fm-db.pages.dev/cards/625
16,Isis,24,494,Rainbow Marine Mermaid,0.49%,https://yugioh-fm-db.pages.dev/cards/494
16,Isis,25,599,Violent Rain,0.59%,https://yugioh-fm-db.pages.dev/cards/599
16,Isis,26,10,Blackland Fire Dragon,0.49%,https://yugioh-fm-db.pages.dev/cards/10
16,Isis,27,31,Koumori Dragon,0.49%,https://yugioh-fm-db.pages.dev/cards/31
16,Isis,28,168,Darkfire Dragon,0.49%,https://yugioh-fm-db.pages.dev/cards/168
16,Isis,29,230,Rare Fish,0.49%,https://yugioh-fm-db.pages.dev/cards/230
16,Isis,30,353,Takriminos,0.49%,https://yugioh-fm-db.pages.dev/cards/353
16,Isis,31,647,Hyosube,0.59%,https://yugioh-fm-db.pages.dev/cards/647
16,Isis,32,7,Winged Dragon #1,0.49%,https://yugioh-fm-db.pages.dev/cards/7
16,Isis,33,249,Water Omotics,0.49%,https://yugioh-fm-db.pages.dev/cards/249
16,Isis,34,430,Water Magician,0.49%,https://yugioh-fm-db.pages.dev/cards/430
16,Isis,35,542,Misairuzame,0.59%,https://yugioh-fm-db.pages.dev/cards/542
16,Isis,36,593,Giant Turtle Who Feeds on Flames,0.59%,https://yugioh-fm-db.pages.dev/cards/593
16,Isis,37,543,Tongyo,0.59%,https://yugioh-fm-db.pages.dev/cards/543
16,Isis,38,550,Behegon,0.59%,https://yugioh-fm-db.pages.dev/cards/550
16,Isis,39,445,Guardian of the Sea,0.49%,https://yugioh-fm-db.pages.dev/cards/445
16,Isis,40,626,Amazon of the Seas,0.59%,https://yugioh-fm-db.pages.dev/cards/626
16,Isis,41,646,Gruesome Goo,0.59%,https://yugioh-fm-db.pages.dev/cards/646
16,Isis,42,435,Water Girl,0.49%,https://yugioh-fm-db.pages.dev/cards/435
16,Isis,43,449,"30,000-Year White Turtle",3.91%,https://yugioh-fm-db.pages.dev/cards/449
16,Isis,44,546,Wow Warrior,0.59%,https://yugioh-fm-db.pages.dev/cards/546
16,Isis,45,4,Baby Dragon,0.49%,https://yugioh-fm-db.pages.dev/cards/4
16,Isis,46,70,Fiend Kraken,0.49%,https://yugioh-fm-db.pages.dev/cards/70
16,Isis,47,71,Jellyfish,0.49%,https://yugioh-fm-db.pages.dev/cards/71
16,Isis,48,251,Enchanting Mermaid,0.49%,https://yugioh-fm-db.pages.dev/cards/251
16,Isis,49,361,Flying Penguin,0.49%,https://yugioh-fm-db.pages.dev/cards/361
16,Isis,50,450,Kappa Avenger,0.49%,https://yugioh-fm-db.pages.dev/cards/450
16,Isis,51,561,Lesser Dragon,0.49%,https://yugioh-fm-db.pages.dev/cards/561
16,Isis,52,431,Ice Water,0.49%,https://yugioh-fm-db.pages.dev/cards/431
16,Isis,53,634,Night Lizard,0.59%,https://yugioh-fm-db.pages.dev/cards/634
16,Isis,54,432,Waterdragon Fairy,0.49%,https://yugioh-fm-db.pages.dev/cards/432
16,Isis,55,474,Sea Kamen,0.49%,https://yugioh-fm-db.pages.dev/cards/474
16,Isis,56,603,Fairy Dragon,0.49%,https://yugioh-fm-db.pages.dev/cards/603
16,Isis,57,446,Aqua Snake,0.49%,https://yugioh-fm-db.pages.dev/cards/446
16,Isis,58,89,Catapult Turtle,3.91%,https://yugioh-fm-db.pages.dev/cards/89
16,Isis,59,140,Toad Master,0.49%,https://yugioh-fm-db.pages.dev/cards/140
16,Isis,60,193,Turtle Tiger,0.49%,https://yugioh-fm-db.pages.dev/cards/193
16,Isis,61,196,Arma Knight,0.49%,https://yugioh-fm-db.pages.dev/cards/196
16,Isis,62,258,Beastking of the Swamps,0.49%,https://yugioh-fm-db.pages.dev/cards/258
16,Isis,63,270,Wetha,0.49%,https://yugioh-fm-db.pages.dev/cards/270
16,Isis,64,583,Weather Report,0.59%,https://yugioh-fm-db.pages.dev/cards/583
16,Isis,65,605,Liquid Beast,0.59%,https://yugioh-fm-db.pages.dev/cards/605
16,Isis,66,122,Yamatano Dragon Scroll,0.49%,https://yugioh-fm-db.pages.dev/cards/122
16,Isis,67,199,Penguin Knight,0.49%,https://yugioh-fm-db.pages.dev/cards/199
16,Isis,68,205,Dorover,0.49%,https://yugioh-fm-db.pages.dev/cards/205
16,Isis,69,206,Twin Long Rods #1,0.49%,https://yugioh-fm-db.pages.dev/cards/206
16,Isis,70,243,Water Element,0.49%,https://yugioh-fm-db.pages.dev/cards/243
16,Isis,71,247,Root Water,0.49%,https://yugioh-fm-db.pages.dev/cards/247
16,Isis,72,298,Wicked Dragon with the Ersatz Head,0.49%,https://yugioh-fm-db.pages.dev/cards/298
16,Isis,73,497,Yado Karu,0.59%,https://yugioh-fm-db.pages.dev/cards/497
16,Isis,74,606,Twin Long Rods #2,0.59%,https://yugioh-fm-db.pages.dev/cards/606
16,Isis,75,615,Armored Starfish,0.59%,https://yugioh-fm-db.pages.dev/cards/615
16,Isis,76,177,Monsturtle,0.49%,https://yugioh-fm-db.pages.dev/cards/177
16,Isis,77,265,The Furious Sea King,0.49%,https://yugioh-fm-db.pages.dev/cards/265
16,Isis,78,602,Penguin Soldier,0.59%,https://yugioh-fm-db.pages.dev/cards/602
16,Isis,79,296,One-eyed Shield Dragon,0.49%,https://yugioh-fm-db.pages.dev/cards/296
16,Isis,80,503,Turtle Raccoon,0.49%,https://yugioh-fm-db.pages.dev/cards/503
16,Isis,81,549,Frog The Jam,0.59%,https://yugioh-fm-db.pages.dev/cards/549
16,Isis,82,451,Kanikabuto,3.91%,https://yugioh-fm-db.pages.dev/cards/451
16,Isis,83,200,Petit Dragon,0.49%,https://yugioh-fm-db.pages.dev/cards/200
16,Isis,84,227,Hitodenchak,0.49%,https://yugioh-fm-db.pages.dev/cards/227
16,Isis,85,452,Zarigun,0.49%,https://yugioh-fm-db.pages.dev/cards/452
16,Isis,86,524,Star Boy,0.39%,https://yugioh-fm-db.pages.dev/cards/524
16,Isis,87,152,The Melting Red Shadow,0.49%,https://yugioh-fm-db.pages.dev/cards/152
16,Isis,88,436,White Dolphin,0.49%,https://yugioh-fm-db.pages.dev/cards/436
16,Isis,89,444,Turu-Purun,0.49%,https://yugioh-fm-db.pages.dev/cards/444
16,Isis,90,289,Change Slime,0.49%,https://yugioh-fm-db.pages.dev/cards/289
16,Isis,91,292,Psychic Kappa,0.49%,https://yugioh-fm-db.pages.dev/cards/292
16,Isis,92,398,Ooguchi,0.49%,https://yugioh-fm-db.pages.dev/cards/398
16,Isis,93,484,Ameba,0.49%,https://yugioh-fm-db.pages.dev/cards/484
16,Isis,94,393,Zone Eater,0.49%,https://yugioh-fm-db.pages.dev/cards/393
16,Isis,95,334,Umi,3.91%,https://yugioh-fm-db.pages.dev/cards/334
16,Isis,96,341,Soul of the Pure,3.91%,https://yugioh-fm-db.pages.dev/cards/341
16,Isis,97,348,Swords of Revealing Light,7.81%,https://yugioh-fm-db.pages.dev/cards/348
16,Isis,98,349,Spellbinding Circle,3.91%,https://yugioh-fm-db.pages.dev/cards/349
16,Isis,99,664,Eternal Draught,3.91%,https://yugioh-fm-db.pages.dev/cards/664
16,Isis,100,672,Harpie's Feather Duster,3.91%,https://yugioh-fm-db.pages.dev/cards/672
16,Isis,101,692,Turtle Oath,3.91%,https://yugioh-fm-db.pages.dev/cards/692
15,Pegasus,1,713,Meteor B. Dragon,0.39%,https://yugioh-fm-db.pages.dev/cards/713
15,Pegasus,2,385,Bickuribox,2.34%,https://yugioh-fm-db.pages.dev/cards/385
15,Pegasus,3,565,Man-eating Black Shark,1.17%,https://yugioh-fm-db.pages.dev/cards/565
15,Pegasus,4,383,Parrot Dragon,2.34%,https://yugioh-fm-db.pages.dev/cards/383
15,Pegasus,5,473,Vermillion Sparrow,1.17%,https://yugioh-fm-db.pages.dev/cards/473
15,Pegasus,6,482,Pragtical,1.17%,https://yugioh-fm-db.pages.dev/cards/482
15,Pegasus,7,577,Crow Goblin,3.13%,https://yugioh-fm-db.pages.dev/cards/577
15,Pegasus,8,14,Battle Steer,0.39%,https://yugioh-fm-db.pages.dev/cards/14
15,Pegasus,9,15,Flame Swordsman,1.56%,https://yugioh-fm-db.pages.dev/cards/15
15,Pegasus,10,68,Garoozis,0.39%,https://yugioh-fm-db.pages.dev/cards/68
15,Pegasus,11,376,Monster Tamer,1.56%,https://yugioh-fm-db.pages.dev/cards/376
15,Pegasus,12,382,Rude Kaiser,2.34%,https://yugioh-fm-db.pages.dev/cards/382
15,Pegasus,13,464,Wing Eagle,0.39%,https://yugioh-fm-db.pages.dev/cards/464
15,Pegasus,14,487,Flower Wolf,0.39%,https://yugioh-fm-db.pages.dev/cards/487
15,Pegasus,15,712,Meteor Dragon,2.34%,https://yugioh-fm-db.pages.dev/cards/712
15,Pegasus,16,403,Leogun,0.39%,https://yugioh-fm-db.pages.dev/cards/403
15,Pegasus,17,26,Battle Ox,0.39%,https://yugioh-fm-db.pages.dev/cards/26
15,Pegasus,18,491,Peacock,0.39%,https://yugioh-fm-db.pages.dev/cards/491
15,Pegasus,19,423,Dice Armadillo,1.56%,https://yugioh-fm-db.pages.dev/cards/423
15,Pegasus,20,44,Rogue Doll,0.39%,https://yugioh-fm-db.pages.dev/cards/44
15,Pegasus,21,94,Crawling Dragon,0.39%,https://yugioh-fm-db.pages.dev/cards/94
15,Pegasus,22,357,Yamadron,2.34%,https://yugioh-fm-db.pages.dev/cards/357
15,Pegasus,23,528,Togex,2.34%,https://yugioh-fm-db.pages.dev/cards/528
15,Pegasus,24,636,Blue-winged Crown,0.39%,https://yugioh-fm-db.pages.dev/cards/636
15,Pegasus,25,466,Skull Red Bird,0.39%,https://yugioh-fm-db.pages.dev/cards/466
15,Pegasus,26,10,Blackland Fire Dragon,0.39%,https://yugioh-fm-db.pages.dev/cards/10
15,Pegasus,27,31,Koumori Dragon,0.39%,https://yugioh-fm-db.pages.dev/cards/31
15,Pegasus,28,125,Faith Bird,0.39%,https://yugioh-fm-db.pages.dev/cards/125
15,Pegasus,29,168,Darkfire Dragon,0.39%,https://yugioh-fm-db.pages.dev/cards/168
15,Pegasus,30,597,Pale Beast,0.39%,https://yugioh-fm-db.pages.dev/cards/597
15,Pegasus,31,581,Takuhee,0.39%,https://yugioh-fm-db.pages.dev/cards/581
15,Pegasus,32,7,Winged Dragon #1,0.39%,https://yugioh-fm-db.pages.dev/cards/7
15,Pegasus,33,23,The Wicked Worm Beast,0.39%,https://yugioh-fm-db.pages.dev/cards/23
15,Pegasus,34,117,Spirit of the Books,0.39%,https://yugioh-fm-db.pages.dev/cards/117
15,Pegasus,35,404,Tatsunootoshigo,0.39%,https://yugioh-fm-db.pages.dev/cards/404
15,Pegasus,36,62,Harpie Lady,0.39%,https://yugioh-fm-db.pages.dev/cards/62
15,Pegasus,37,64,Tiger Axe,0.39%,https://yugioh-fm-db.pages.dev/cards/64
15,Pegasus,38,91,Mystic Horseman,0.39%,https://yugioh-fm-db.pages.dev/cards/91
15,Pegasus,39,163,Lisark,0.39%,https://yugioh-fm-db.pages.dev/cards/163
15,Pegasus,40,272,Mavelus,0.39%,https://yugioh-fm-db.pages.dev/cards/272
15,Pegasus,41,587,Mon Larvas,0.39%,https://yugioh-fm-db.pages.dev/cards/587
15,Pegasus,42,595,Fiend Refrection #1,0.39%,https://yugioh-fm-db.pages.dev/cards/595
15,Pegasus,43,607,Great Bill,0.39%,https://yugioh-fm-db.pages.dev/cards/607
15,Pegasus,44,3,Hitotsu-me Giant,0.39%,https://yugioh-fm-db.pages.dev/cards/3
15,Pegasus,45,4,Baby Dragon,0.39%,https://yugioh-fm-db.pages.dev/cards/4
15,Pegasus,46,13,Tyhone,0.39%,https://yugioh-fm-db.pages.dev/cards/13
15,Pegasus,47,27,Beaver Warrior,0.39%,https://yugioh-fm-db.pages.dev/cards/27
15,Pegasus,48,42,Illusionist Faceless Mage,2.34%,https://yugioh-fm-db.pages.dev/cards/42
15,Pegasus,49,46,Griffore,0.39%,https://yugioh-fm-db.pages.dev/cards/46
15,Pegasus,50,47,Torike,0.39%,https://yugioh-fm-db.pages.dev/cards/47
15,Pegasus,51,61,Wolf,0.39%,https://yugioh-fm-db.pages.dev/cards/61
15,Pegasus,52,65,Silver Fang,0.39%,https://yugioh-fm-db.pages.dev/cards/65
15,Pegasus,53,201,Frenzied Panda,0.39%,https://yugioh-fm-db.pages.dev/cards/201
15,Pegasus,54,248,Master & Expert,0.39%,https://yugioh-fm-db.pages.dev/cards/248
15,Pegasus,55,287,Ogre of the Black Shadow,0.39%,https://yugioh-fm-db.pages.dev/cards/287
15,Pegasus,56,468,Queen Bird,0.39%,https://yugioh-fm-db.pages.dev/cards/468
15,Pegasus,57,552,Winged Dragon #2,0.39%,https://yugioh-fm-db.pages.dev/cards/552
15,Pegasus,58,561,Lesser Dragon,0.39%,https://yugioh-fm-db.pages.dev/cards/561
15,Pegasus,59,642,Mystical Sheep #1,0.39%,https://yugioh-fm-db.pages.dev/cards/642
15,Pegasus,60,186,Fiend Refrection #2,0.39%,https://yugioh-fm-db.pages.dev/cards/186
15,Pegasus,61,246,One Who Hunts Souls,0.39%,https://yugioh-fm-db.pages.dev/cards/246
15,Pegasus,62,252,Nekogal #1,0.39%,https://yugioh-fm-db.pages.dev/cards/252
15,Pegasus,63,384,Dark Rabbit,2.34%,https://yugioh-fm-db.pages.dev/cards/384
15,Pegasus,64,603,Fairy Dragon,0.39%,https://yugioh-fm-db.pages.dev/cards/603
15,Pegasus,65,219,Solitude,0.39%,https://yugioh-fm-db.pages.dev/cards/219
15,Pegasus,66,45,Oscillo Hero #2,0.39%,https://yugioh-fm-db.pages.dev/cards/45
15,Pegasus,67,496,Wilmee,0.39%,https://yugioh-fm-db.pages.dev/cards/496
15,Pegasus,68,629,Armored Rat,0.39%,https://yugioh-fm-db.pages.dev/cards/629
15,Pegasus,69,122,Yamatano Dragon Scroll,0.39%,https://yugioh-fm-db.pages.dev/cards/122
15,Pegasus,70,189,Fusionist,0.39%,https://yugioh-fm-db.pages.dev/cards/189
15,Pegasus,71,298,Wicked Dragon with the Ersatz Head,0.39%,https://yugioh-fm-db.pages.dev/cards/298
15,Pegasus,72,538,Niwatori,0.39%,https://yugioh-fm-db.pages.dev/cards/538
15,Pegasus,73,481,Burglar,0.39%,https://yugioh-fm-db.pages.dev/cards/481
15,Pegasus,74,113,Dark Gray,0.39%,https://yugioh-fm-db.pages.dev/cards/113
15,Pegasus,75,155,Larvas,0.39%,https://yugioh-fm-db.pages.dev/cards/155
15,Pegasus,76,188,Synchar,0.39%,https://yugioh-fm-db.pages.dev/cards/188
15,Pegasus,77,282,Mystical Sheep #2,0.39%,https://yugioh-fm-db.pages.dev/cards/282
15,Pegasus,78,300,Kurama,0.39%,https://yugioh-fm-db.pages.dev/cards/300
15,Pegasus,79,381,Toon Alligator,2.34%,https://yugioh-fm-db.pages.dev/cards/381
15,Pegasus,80,604,Obese Marmot of Nefariousness,0.39%,https://yugioh-fm-db.pages.dev/cards/604
15,Pegasus,81,121,Sleeping Lion,0.39%,https://yugioh-fm-db.pages.dev/cards/121
15,Pegasus,82,187,Gate Deeg,0.39%,https://yugioh-fm-db.pages.dev/cards/187
15,Pegasus,83,212,Meotoko,0.39%,https://yugioh-fm-db.pages.dev/cards/212
15,Pegasus,84,296,One-eyed Shield Dragon,0.39%,https://yugioh-fm-db.pages.dev/cards/296
15,Pegasus,85,29,Mountain Warrior,0.39%,https://yugioh-fm-db.pages.dev/cards/29
15,Pegasus,86,200,Petit Dragon,0.39%,https://yugioh-fm-db.pages.dev/cards/200
15,Pegasus,87,207,Droll Bird,0.39%,https://yugioh-fm-db.pages.dev/cards/207
15,Pegasus,88,598,Little Chimera,0.39%,https://yugioh-fm-db.pages.dev/cards/598
15,Pegasus,89,159,Dig Beak,0.39%,https://yugioh-fm-db.pages.dev/cards/159
15,Pegasus,90,255,Prevent Rat,0.39%,https://yugioh-fm-db.pages.dev/cards/255
15,Pegasus,91,541,Hane-Hane,0.39%,https://yugioh-fm-db.pages.dev/cards/541
15,Pegasus,92,202,Air Marmot of Nefariousness,0.39%,https://yugioh-fm-db.pages.dev/cards/202
15,Pegasus,93,527,Milus Radiant,0.39%,https://yugioh-fm-db.pages.dev/cards/527
15,Pegasus,94,40,Dragon Piper,0.39%,https://yugioh-fm-db.pages.dev/cards/40
15,Pegasus,95,329,Dragon Capture Jar,5.86%,https://yugioh-fm-db.pages.dev/cards/329
15,Pegasus,96,337,Raigeki,7.81%,https://yugioh-fm-db.pages.dev/cards/337
15,Pegasus,97,668,Bright Castle,5.86%,https://yugioh-fm-db.pages.dev/cards/668
15,Pegasus,98,672,Harpie's Feather Duster,5.86%,https://yugioh-fm-db.pages.dev/cards/672
15,Pegasus,99,684,Invisible Wire,5.86%,https://yugioh-fm-db.pages.dev/cards/684
15,Pegasus,100,690,Fake Trap,5.86%,https://yugioh-fm-db.pages.dev/cards/690
14,Yami Bakura,1,551,Dark Elf,1.56%,https://yugioh-fm-db.pages.dev/cards/551
14,Yami Bakura,2,532,Gemini Elf,1.56%,https://yugioh-fm-db.pages.dev/cards/532
14,Yami Bakura,3,639,Amphibious Bugroth,0.78%,https://yugioh-fm-db.pages.dev/cards/639
14,Yami Bakura,4,14,Battle Steer,1.17%,https://yugioh-fm-db.pages.dev/cards/14
14,Yami Bakura,5,126,Orion the Battle King,0.20%,https://yugioh-fm-db.pages.dev/cards/126
14,Yami Bakura,6,379,La Jinn the Mystical Genie,0.78%,https://yugioh-fm-db.pages.dev/cards/379
14,Yami Bakura,7,487,Flower Wolf,0.78%,https://yugioh-fm-db.pages.dev/cards/487
14,Yami Bakura,8,508,Cyber Saurus,0.78%,https://yugioh-fm-db.pages.dev/cards/508
14,Yami Bakura,9,523,The Bistro Butcher,0.78%,https://yugioh-fm-db.pages.dev/cards/523
14,Yami Bakura,10,495,Musician King,0.39%,https://yugioh-fm-db.pages.dev/cards/495
14,Yami Bakura,11,78,Axe Raider,0.78%,https://yugioh-fm-db.pages.dev/cards/78
14,Yami Bakura,12,106,Spirit of the Winds,2.34%,https://yugioh-fm-db.pages.dev/cards/106
14,Yami Bakura,13,124,Ancient Tool,1.17%,https://yugioh-fm-db.pages.dev/cards/124
14,Yami Bakura,14,127,Ansatsu,0.78%,https://yugioh-fm-db.pages.dev/cards/127
14,Yami Bakura,15,150,Akihiron,1.17%,https://yugioh-fm-db.pages.dev/cards/150
14,Yami Bakura,16,204,Mabarrel,1.17%,https://yugioh-fm-db.pages.dev/cards/204
14,Yami Bakura,17,491,Peacock,0.78%,https://yugioh-fm-db.pages.dev/cards/491
14,Yami Bakura,18,621,Succubus Knight,1.56%,https://yugioh-fm-db.pages.dev/cards/621
14,Yami Bakura,19,624,High Tide Gyojin,1.56%,https://yugioh-fm-db.pages.dev/cards/624
14,Yami Bakura,20,87,Dark Chimera,1.56%,https://yugioh-fm-db.pages.dev/cards/87
14,Yami Bakura,21,32,Two-headed King Rex,0.59%,https://yugioh-fm-db.pages.dev/cards/32
14,Yami Bakura,22,44,Rogue Doll,0.05%,https://yugioh-fm-db.pages.dev/cards/44
14,Yami Bakura,23,81,Crawling Dragon #2,0.59%,https://yugioh-fm-db.pages.dev/cards/81
14,Yami Bakura,24,94,Crawling Dragon,1.56%,https://yugioh-fm-db.pages.dev/cards/94
14,Yami Bakura,25,111,Doma The Angel of Silence,3.52%,https://yugioh-fm-db.pages.dev/cards/111
14,Yami Bakura,26,131,Octoberser,1.56%,https://yugioh-fm-db.pages.dev/cards/131
14,Yami Bakura,27,368,Shadow Ghoul,0.78%,https://yugioh-fm-db.pages.dev/cards/368
14,Yami Bakura,28,377,Ryu-kishin Powered,0.78%,https://yugioh-fm-db.pages.dev/cards/377
14,Yami Bakura,29,425,Thunder Dragon,1.17%,https://yugioh-fm-db.pages.dev/cards/425
14,Yami Bakura,30,448,Spike Seadra,0.78%,https://yugioh-fm-db.pages.dev/cards/448
14,Yami Bakura,31,507,Crazy Fish,0.59%,https://yugioh-fm-db.pages.dev/cards/507
14,Yami Bakura,32,519,Fire Kraken,1.17%,https://yugioh-fm-db.pages.dev/cards/519
14,Yami Bakura,33,596,Ghoul with an Appetite,0.78%,https://yugioh-fm-db.pages.dev/cards/596
14,Yami Bakura,34,614,Hunter Spider,1.56%,https://yugioh-fm-db.pages.dev/cards/614
14,Yami Bakura,35,622,Ill Witch,2.34%,https://yugioh-fm-db.pages.dev/cards/622
14,Yami Bakura,36,632,Stone Ogre Grotto,1.17%,https://yugioh-fm-db.pages.dev/cards/632
14,Yami Bakura,37,636,Blue-winged Crown,0.78%,https://yugioh-fm-db.pages.dev/cards/636
14,Yami Bakura,38,648,Machine Attacker,1.17%,https://yugioh-fm-db.pages.dev/cards/648
14,Yami Bakura,39,396,Ocubeam,1.56%,https://yugioh-fm-db.pages.dev/cards/396
14,Yami Bakura,40,493,Maha Vailo,3.13%,https://yugioh-fm-db.pages.dev/cards/493
14,Yami Bakura,41,498,Morinphen,0.78%,https://yugioh-fm-db.pages.dev/cards/498
14,Yami Bakura,42,93,Zanki,0.78%,https://yugioh-fm-db.pages.dev/cards/93
14,Yami Bakura,43,413,Cyber Soldier,0.78%,https://yugioh-fm-db.pages.dev/cards/413
14,Yami Bakura,44,462,The Immortal of Thunder,0.59%,https://yugioh-fm-db.pages.dev/cards/462
14,Yami Bakura,45,631,Maiden of the Moonlight,1.56%,https://yugioh-fm-db.pages.dev/cards/631
14,Yami Bakura,46,405,Saber Slasher,1.17%,https://yugioh-fm-db.pages.dev/cards/405
14,Yami Bakura,47,433,Ancient Elf,0.05%,https://yugioh-fm-db.pages.dev/cards/433
14,Yami Bakura,48,352,Kanan the Swordmistress,0.59%,https://yugioh-fm-db.pages.dev/cards/352
14,Yami Bakura,49,363,Fairy's Gift,0.05%,https://yugioh-fm-db.pages.dev/cards/363
14,Yami Bakura,50,460,Bolt Escargot,0.78%,https://yugioh-fm-db.pages.dev/cards/460
14,Yami Bakura,51,542,Misairuzame,1.56%,https://yugioh-fm-db.pages.dev/cards/542
14,Yami Bakura,52,557,Steel Ogre Grotto #1,0.78%,https://yugioh-fm-db.pages.dev/cards/557
14,Yami Bakura,53,593,Giant Turtle Who Feeds on Flames,0.78%,https://yugioh-fm-db.pages.dev/cards/593
14,Yami Bakura,54,633,Winged Egg of New Life,2.34%,https://yugioh-fm-db.pages.dev/cards/633
14,Yami Bakura,55,86,Barox,1.17%,https://yugioh-fm-db.pages.dev/cards/86
14,Yami Bakura,56,404,Tatsunootoshigo,1.17%,https://yugioh-fm-db.pages.dev/cards/404
14,Yami Bakura,57,578,Leo Wizard,0.05%,https://yugioh-fm-db.pages.dev/cards/578
14,Yami Bakura,58,641,Invader of the Throne,1.56%,https://yugioh-fm-db.pages.dev/cards/641
14,Yami Bakura,59,91,Mystic Horseman,0.78%,https://yugioh-fm-db.pages.dev/cards/91
14,Yami Bakura,60,115,Kamion Wizard,0.05%,https://yugioh-fm-db.pages.dev/cards/115
14,Yami Bakura,61,351,Yaranzo,0.59%,https://yugioh-fm-db.pages.dev/cards/351
14,Yami Bakura,62,517,Sand Stone,0.78%,https://yugioh-fm-db.pages.dev/cards/517
14,Yami Bakura,63,525,Spirit of the Mountain,2.34%,https://yugioh-fm-db.pages.dev/cards/525
14,Yami Bakura,64,608,Shining Friendship,0.05%,https://yugioh-fm-db.pages.dev/cards/608
14,Yami Bakura,65,42,Illusionist Faceless Mage,0.05%,https://yugioh-fm-db.pages.dev/cards/42
14,Yami Bakura,66,109,Goddess with the Third Eye,0.05%,https://yugioh-fm-db.pages.dev/cards/109
14,Yami Bakura,67,128,LaMoon,2.34%,https://yugioh-fm-db.pages.dev/cards/128
14,Yami Bakura,68,213,Aqua Madoor,1.56%,https://yugioh-fm-db.pages.dev/cards/213
14,Yami Bakura,69,216,Dryad,0.05%,https://yugioh-fm-db.pages.dev/cards/216
14,Yami Bakura,70,284,Tao the Chanter,0.05%,https://yugioh-fm-db.pages.dev/cards/284
14,Yami Bakura,71,468,Queen Bird,0.78%,https://yugioh-fm-db.pages.dev/cards/468
14,Yami Bakura,72,574,Witch of the Black Forest,0.05%,https://yugioh-fm-db.pages.dev/cards/574
14,Yami Bakura,73,612,Lady of Faith,0.05%,https://yugioh-fm-db.pages.dev/cards/612
14,Yami Bakura,74,616,Hourglass of Courage,0.05%,https://yugioh-fm-db.pages.dev/cards/616
14,Yami Bakura,75,89,Catapult Turtle,1.56%,https://yugioh-fm-db.pages.dev/cards/89
14,Yami Bakura,76,114,White Magical Hat,0.05%,https://yugioh-fm-db.pages.dev/cards/114
14,Yami Bakura,77,190,Akakieisu,0.05%,https://yugioh-fm-db.pages.dev/cards/190
14,Yami Bakura,78,259,Ancient Sorcerer,0.05%,https://yugioh-fm-db.pages.dev/cards/259
14,Yami Bakura,79,276,Ray & Temperature,0.05%,https://yugioh-fm-db.pages.dev/cards/276
14,Yami Bakura,80,584,Binding Chain,0.05%,https://yugioh-fm-db.pages.dev/cards/584
14,Yami Bakura,81,429,Goddess of Whim,0.05%,https://yugioh-fm-db.pages.dev/cards/429
14,Yami Bakura,82,530,Eldeen,0.05%,https://yugioh-fm-db.pages.dev/cards/530
14,Yami Bakura,83,83,Castle of Dark Illusions,1.17%,https://yugioh-fm-db.pages.dev/cards/83
14,Yami Bakura,84,142,Flame Manipulator,0.05%,https://yugioh-fm-db.pages.dev/cards/142
14,Yami Bakura,85,174,Hurricail,0.05%,https://yugioh-fm-db.pages.dev/cards/174
14,Yami Bakura,86,220,Masked Sorcerer,0.05%,https://yugioh-fm-db.pages.dev/cards/220
14,Yami Bakura,87,540,Skelengel,0.05%,https://yugioh-fm-db.pages.dev/cards/540
14,Yami Bakura,88,592,Muse-A,0.05%,https://yugioh-fm-db.pages.dev/cards/592
14,Yami Bakura,89,2,Mystical Elf,1.56%,https://yugioh-fm-db.pages.dev/cards/2
14,Yami Bakura,90,129,Nemuriko,0.05%,https://yugioh-fm-db.pages.dev/cards/129
14,Yami Bakura,91,143,Necrolancer the Timelord,0.05%,https://yugioh-fm-db.pages.dev/cards/143
14,Yami Bakura,92,170,Spirit of the Harp,1.56%,https://yugioh-fm-db.pages.dev/cards/170
14,Yami Bakura,93,198,Happy Lover,0.05%,https://yugioh-fm-db.pages.dev/cards/198
14,Yami Bakura,94,253,Angelwitch,0.05%,https://yugioh-fm-db.pages.dev/cards/253
14,Yami Bakura,95,260,Lunar Queen Elzaim,0.05%,https://yugioh-fm-db.pages.dev/cards/260
14,Yami Bakura,96,134,Mystical Capture Chain,0.05%,https://yugioh-fm-db.pages.dev/cards/134
14,Yami Bakura,97,144,Djinn the Watcher of the Wind,0.05%,https://yugioh-fm-db.pages.dev/cards/144
14,Yami Bakura,98,145,The Bewitching Phantom Thief,0.05%,https://yugioh-fm-db.pages.dev/cards/145
14,Yami Bakura,99,179,Phantom Dewan,0.05%,https://yugioh-fm-db.pages.dev/cards/179
14,Yami Bakura,100,229,Hourglass of Life,0.05%,https://yugioh-fm-db.pages.dev/cards/229
14,Yami Bakura,101,268,Sectarian of Secrets,0.05%,https://yugioh-fm-db.pages.dev/cards/268
14,Yami Bakura,102,601,Tenderness,0.05%,https://yugioh-fm-db.pages.dev/cards/601
14,Yami Bakura,103,486,Boo Koo,0.05%,https://yugioh-fm-db.pages.dev/cards/486
14,Yami Bakura,104,34,Saggi the Dark Clown,0.05%,https://yugioh-fm-db.pages.dev/cards/34
14,Yami Bakura,105,104,Curtain of the Dark Ones,0.05%,https://yugioh-fm-db.pages.dev/cards/104
14,Yami Bakura,106,130,Weather Control,0.05%,https://yugioh-fm-db.pages.dev/cards/130
14,Yami Bakura,107,183,Lucky Trinket,0.05%,https://yugioh-fm-db.pages.dev/cards/183
14,Yami Bakura,108,184,Genin,0.05%,https://yugioh-fm-db.pages.dev/cards/184
14,Yami Bakura,109,208,Petit Angel,0.05%,https://yugioh-fm-db.pages.dev/cards/208
14,Yami Bakura,110,628,Witch's Apprentice,0.05%,https://yugioh-fm-db.pages.dev/cards/628
14,Yami Bakura,111,16,Time Wizard,0.05%,https://yugioh-fm-db.pages.dev/cards/16
14,Yami Bakura,112,264,Wing Egg Elf,0.05%,https://yugioh-fm-db.pages.dev/cards/264
14,Yami Bakura,113,492,Hoshiningen,0.05%,https://yugioh-fm-db.pages.dev/cards/492
14,Yami Bakura,114,192,Key Mace,0.05%,https://yugioh-fm-db.pages.dev/cards/192
14,Yami Bakura,115,387,Mystic Lamp,0.05%,https://yugioh-fm-db.pages.dev/cards/387
14,Yami Bakura,116,395,Dancing Elf,0.05%,https://yugioh-fm-db.pages.dev/cards/395
14,Yami Bakura,117,428,Magician of Faith,0.05%,https://yugioh-fm-db.pages.dev/cards/428
14,Yami Bakura,118,311,Black Pendant,1.56%,https://yugioh-fm-db.pages.dev/cards/311
14,Yami Bakura,119,323,Book of Secret Arts,1.56%,https://yugioh-fm-db.pages.dev/cards/323
14,Yami Bakura,120,335,Yami,0.78%,https://yugioh-fm-db.pages.dev/cards/335
14,Yami Bakura,121,336,Dark Hole,1.56%,https://yugioh-fm-db.pages.dev/cards/336
14,Yami Bakura,122,341,Soul of the Pure,1.56%,https://yugioh-fm-db.pages.dev/cards/341
14,Yami Bakura,123,349,Spellbinding Circle,3.91%,https://yugioh-fm-db.pages.dev/cards/349
14,Yami Bakura,124,362,Millennium Shield,1.56%,https://yugioh-fm-db.pages.dev/cards/362
14,Yami Bakura,125,366,Labyrinth Wall,1.56%,https://yugioh-fm-db.pages.dev/cards/366
14,Yami Bakura,126,683,Bear Trap,1.56%,https://yugioh-fm-db.pages.dev/cards/683
14,Yami Bakura,127,689,Reverse Trap,1.56%,https://yugioh-fm-db.pages.dev/cards/689
14,Yami Bakura,128,690,Fake Trap,1.56%,https://yugioh-fm-db.pages.dev/cards/690
18,Mage Soldier,1,367,Jirai Gumo,0.98%,https://yugioh-fm-db.pages.dev/cards/367
18,Mage Soldier,2,379,La Jinn the Mystical Genie,0.05%,https://yugioh-fm-db.pages.dev/cards/379
18,Mage Soldier,3,440,7 Colored Fish,0.59%,https://yugioh-fm-db.pages.dev/cards/440
18,Mage Soldier,4,447,Giant Red Seasnake,0.59%,https://yugioh-fm-db.pages.dev/cards/447
18,Mage Soldier,5,523,The Bistro Butcher,0.05%,https://yugioh-fm-db.pages.dev/cards/523
18,Mage Soldier,6,204,Mabarrel,0.05%,https://yugioh-fm-db.pages.dev/cards/204
18,Mage Soldier,7,650,Whiptail Crow,0.05%,https://yugioh-fm-db.pages.dev/cards/650
18,Mage Soldier,8,87,Dark Chimera,0.05%,https://yugioh-fm-db.pages.dev/cards/87
18,Mage Soldier,9,44,Rogue Doll,0.59%,https://yugioh-fm-db.pages.dev/cards/44
18,Mage Soldier,10,60,Great White,1.17%,https://yugioh-fm-db.pages.dev/cards/60
18,Mage Soldier,11,234,Beautiful Headhuntress,1.17%,https://yugioh-fm-db.pages.dev/cards/234
18,Mage Soldier,12,377,Ryu-kishin Powered,0.05%,https://yugioh-fm-db.pages.dev/cards/377
18,Mage Soldier,13,498,Morinphen,0.05%,https://yugioh-fm-db.pages.dev/cards/498
18,Mage Soldier,14,599,Violent Rain,0.98%,https://yugioh-fm-db.pages.dev/cards/599
18,Mage Soldier,15,10,Blackland Fire Dragon,0.98%,https://yugioh-fm-db.pages.dev/cards/10
18,Mage Soldier,16,80,Uraby,0.98%,https://yugioh-fm-db.pages.dev/cards/80
18,Mage Soldier,17,125,Faith Bird,0.59%,https://yugioh-fm-db.pages.dev/cards/125
18,Mage Soldier,18,275,Ground Attacker Bugroth,0.98%,https://yugioh-fm-db.pages.dev/cards/275
18,Mage Soldier,19,281,Mystic Clown,1.95%,https://yugioh-fm-db.pages.dev/cards/281
18,Mage Soldier,20,454,Destroyer Golem,0.98%,https://yugioh-fm-db.pages.dev/cards/454
18,Mage Soldier,21,647,Hyosube,1.17%,https://yugioh-fm-db.pages.dev/cards/647
18,Mage Soldier,22,581,Takuhee,0.98%,https://yugioh-fm-db.pages.dev/cards/581
18,Mage Soldier,23,649,Hibikime,0.98%,https://yugioh-fm-db.pages.dev/cards/649
18,Mage Soldier,24,7,Winged Dragon #1,0.59%,https://yugioh-fm-db.pages.dev/cards/7
18,Mage Soldier,25,41,Celtic Guardian,0.59%,https://yugioh-fm-db.pages.dev/cards/41
18,Mage Soldier,26,117,Spirit of the Books,0.59%,https://yugioh-fm-db.pages.dev/cards/117
18,Mage Soldier,27,136,Witty Phantom,0.20%,https://yugioh-fm-db.pages.dev/cards/136
18,Mage Soldier,28,149,Lord of the Lamp,1.17%,https://yugioh-fm-db.pages.dev/cards/149
18,Mage Soldier,29,225,Fiend Sword,0.59%,https://yugioh-fm-db.pages.dev/cards/225
18,Mage Soldier,30,249,Water Omotics,0.59%,https://yugioh-fm-db.pages.dev/cards/249
18,Mage Soldier,31,297,Cyber Soldier of Darkworld,0.59%,https://yugioh-fm-db.pages.dev/cards/297
18,Mage Soldier,32,363,Fairy's Gift,1.17%,https://yugioh-fm-db.pages.dev/cards/363
18,Mage Soldier,33,430,Water Magician,1.17%,https://yugioh-fm-db.pages.dev/cards/430
18,Mage Soldier,34,630,Ancient Lizard Warrior,0.98%,https://yugioh-fm-db.pages.dev/cards/630
18,Mage Soldier,35,84,Reaper of the Cards,0.05%,https://yugioh-fm-db.pages.dev/cards/84
18,Mage Soldier,36,86,Barox,0.05%,https://yugioh-fm-db.pages.dev/cards/86
18,Mage Soldier,37,95,Crass Clown,0.10%,https://yugioh-fm-db.pages.dev/cards/95
18,Mage Soldier,38,550,Behegon,0.98%,https://yugioh-fm-db.pages.dev/cards/550
18,Mage Soldier,39,578,Leo Wizard,0.78%,https://yugioh-fm-db.pages.dev/cards/578
18,Mage Soldier,40,643,Disk Magician,0.98%,https://yugioh-fm-db.pages.dev/cards/643
18,Mage Soldier,41,6,Feral Imp,0.29%,https://yugioh-fm-db.pages.dev/cards/6
18,Mage Soldier,42,25,Horn Imp,2.05%,https://yugioh-fm-db.pages.dev/cards/25
18,Mage Soldier,43,64,Tiger Axe,1.17%,https://yugioh-fm-db.pages.dev/cards/64
18,Mage Soldier,44,77,Grappler,0.98%,https://yugioh-fm-db.pages.dev/cards/77
18,Mage Soldier,45,115,Kamion Wizard,1.17%,https://yugioh-fm-db.pages.dev/cards/115
18,Mage Soldier,46,119,Trial of Nightmares,1.17%,https://yugioh-fm-db.pages.dev/cards/119
18,Mage Soldier,47,163,Lisark,0.59%,https://yugioh-fm-db.pages.dev/cards/163
18,Mage Soldier,48,164,Lord of Zemia,1.95%,https://yugioh-fm-db.pages.dev/cards/164
18,Mage Soldier,49,233,Dark Titan of Terror,2.34%,https://yugioh-fm-db.pages.dev/cards/233
18,Mage Soldier,50,272,Mavelus,0.59%,https://yugioh-fm-db.pages.dev/cards/272
18,Mage Soldier,51,291,Fireyarou,0.98%,https://yugioh-fm-db.pages.dev/cards/291
18,Mage Soldier,52,445,Guardian of the Sea,0.98%,https://yugioh-fm-db.pages.dev/cards/445
18,Mage Soldier,53,456,Minomushi Warrior,0.98%,https://yugioh-fm-db.pages.dev/cards/456
18,Mage Soldier,54,502,D. Human,1.17%,https://yugioh-fm-db.pages.dev/cards/502
18,Mage Soldier,55,514,Brave Scizzar,0.98%,https://yugioh-fm-db.pages.dev/cards/514
18,Mage Soldier,56,608,Shining Friendship,1.17%,https://yugioh-fm-db.pages.dev/cards/608
18,Mage Soldier,57,162,Tainted Wisdom,0.10%,https://yugioh-fm-db.pages.dev/cards/162
18,Mage Soldier,58,435,Water Girl,0.78%,https://yugioh-fm-db.pages.dev/cards/435
18,Mage Soldier,59,480,Kuwagata a,0.78%,https://yugioh-fm-db.pages.dev/cards/480
18,Mage Soldier,60,607,Great Bill,0.78%,https://yugioh-fm-db.pages.dev/cards/607
18,Mage Soldier,61,3,Hitotsu-me Giant,0.59%,https://yugioh-fm-db.pages.dev/cards/3
18,Mage Soldier,62,13,Tyhone,0.59%,https://yugioh-fm-db.pages.dev/cards/13
18,Mage Soldier,63,53,Killer Needle,0.59%,https://yugioh-fm-db.pages.dev/cards/53
18,Mage Soldier,64,54,Gokibore,0.59%,https://yugioh-fm-db.pages.dev/cards/54
18,Mage Soldier,65,70,Fiend Kraken,0.59%,https://yugioh-fm-db.pages.dev/cards/70
18,Mage Soldier,66,109,Goddess with the Third Eye,0.59%,https://yugioh-fm-db.pages.dev/cards/109
18,Mage Soldier,67,112,That Which Feeds on Life,1.17%,https://yugioh-fm-db.pages.dev/cards/112
18,Mage Soldier,68,151,Rhaimundos of the Red Sword,0.98%,https://yugioh-fm-db.pages.dev/cards/151
18,Mage Soldier,69,169,Dark King of the Abyss,0.05%,https://yugioh-fm-db.pages.dev/cards/169
18,Mage Soldier,70,171,Big Eye,1.17%,https://yugioh-fm-db.pages.dev/cards/171
18,Mage Soldier,71,194,Terra the Terrible,1.95%,https://yugioh-fm-db.pages.dev/cards/194
18,Mage Soldier,72,201,Frenzied Panda,0.59%,https://yugioh-fm-db.pages.dev/cards/201
18,Mage Soldier,73,216,Dryad,0.59%,https://yugioh-fm-db.pages.dev/cards/216
18,Mage Soldier,74,241,Dark Assailant,1.17%,https://yugioh-fm-db.pages.dev/cards/241
18,Mage Soldier,75,248,Master & Expert,0.59%,https://yugioh-fm-db.pages.dev/cards/248
18,Mage Soldier,76,256,Dimensional Warrior,0.59%,https://yugioh-fm-db.pages.dev/cards/256
18,Mage Soldier,77,287,Ogre of the Black Shadow,0.59%,https://yugioh-fm-db.pages.dev/cards/287
18,Mage Soldier,78,361,Flying Penguin,0.59%,https://yugioh-fm-db.pages.dev/cards/361
18,Mage Soldier,79,412,Giga-tech Wolf,0.59%,https://yugioh-fm-db.pages.dev/cards/412
18,Mage Soldier,80,457,Stone Ghost,0.59%,https://yugioh-fm-db.pages.dev/cards/457
18,Mage Soldier,81,459,Tripwire Beast,0.98%,https://yugioh-fm-db.pages.dev/cards/459
18,Mage Soldier,82,552,Winged Dragon #2,0.59%,https://yugioh-fm-db.pages.dev/cards/552
18,Mage Soldier,83,561,Lesser Dragon,0.59%,https://yugioh-fm-db.pages.dev/cards/561
18,Mage Soldier,84,623,The Thing That Hides in the Mud,0.98%,https://yugioh-fm-db.pages.dev/cards/623
18,Mage Soldier,85,88,Metal Guardian,0.05%,https://yugioh-fm-db.pages.dev/cards/88
18,Mage Soldier,86,535,Kamakiriman,0.78%,https://yugioh-fm-db.pages.dev/cards/535
18,Mage Soldier,87,634,Night Lizard,0.98%,https://yugioh-fm-db.pages.dev/cards/634
18,Mage Soldier,88,76,Krokodilus,0.98%,https://yugioh-fm-db.pages.dev/cards/76
18,Mage Soldier,89,186,Fiend Refrection #2,0.98%,https://yugioh-fm-db.pages.dev/cards/186
18,Mage Soldier,90,269,Versago the Destroyer,0.05%,https://yugioh-fm-db.pages.dev/cards/269
18,Mage Soldier,91,293,Masaki the Legendary Swordsman,0.59%,https://yugioh-fm-db.pages.dev/cards/293
18,Mage Soldier,92,384,Dark Rabbit,0.59%,https://yugioh-fm-db.pages.dev/cards/384
18,Mage Soldier,93,474,Sea Kamen,1.17%,https://yugioh-fm-db.pages.dev/cards/474
18,Mage Soldier,94,515,The Statue of Easter Island,0.98%,https://yugioh-fm-db.pages.dev/cards/515
18,Mage Soldier,95,574,Witch of the Black Forest,0.98%,https://yugioh-fm-db.pages.dev/cards/574
18,Mage Soldier,96,603,Fairy Dragon,0.98%,https://yugioh-fm-db.pages.dev/cards/603
18,Mage Soldier,97,616,Hourglass of Courage,0.98%,https://yugioh-fm-db.pages.dev/cards/616
18,Mage Soldier,98,600,Key Mace #2,1.56%,https://yugioh-fm-db.pages.dev/cards/600
18,Mage Soldier,99,5,Ryu-kishin,0.05%,https://yugioh-fm-db.pages.dev/cards/5
18,Mage Soldier,100,48,Sangan,0.05%,https://yugioh-fm-db.pages.dev/cards/48
18,Mage Soldier,101,166,Mysterious Puppeteer,0.98%,https://yugioh-fm-db.pages.dev/cards/166
18,Mage Soldier,102,175,Ancient Brain,0.05%,https://yugioh-fm-db.pages.dev/cards/175
18,Mage Soldier,103,178,Claw Reacher,0.05%,https://yugioh-fm-db.pages.dev/cards/178
18,Mage Soldier,104,181,Dark Shade,0.05%,https://yugioh-fm-db.pages.dev/cards/181
18,Mage Soldier,105,193,Turtle Tiger,0.98%,https://yugioh-fm-db.pages.dev/cards/193
18,Mage Soldier,106,196,Arma Knight,0.59%,https://yugioh-fm-db.pages.dev/cards/196
18,Mage Soldier,107,236,Guardian of the Labyrinth,0.59%,https://yugioh-fm-db.pages.dev/cards/236
18,Mage Soldier,108,259,Ancient Sorcerer,0.98%,https://yugioh-fm-db.pages.dev/cards/259
18,Mage Soldier,109,279,King Fog,0.05%,https://yugioh-fm-db.pages.dev/cards/279
18,Mage Soldier,110,406,Yaiba Robo,0.98%,https://yugioh-fm-db.pages.dev/cards/406
18,Mage Soldier,111,455,Barrel Rock,0.98%,https://yugioh-fm-db.pages.dev/cards/455
18,Mage Soldier,112,496,Wilmee,0.59%,https://yugioh-fm-db.pages.dev/cards/496
18,Mage Soldier,113,620,Snakeyashi,0.59%,https://yugioh-fm-db.pages.dev/cards/620
18,Mage Soldier,114,560,Invader from Another Dimension,2.15%,https://yugioh-fm-db.pages.dev/cards/560
18,Mage Soldier,115,583,Weather Report,0.98%,https://yugioh-fm-db.pages.dev/cards/583
18,Mage Soldier,116,83,Castle of Dark Illusions,0.05%,https://yugioh-fm-db.pages.dev/cards/83
18,Mage Soldier,117,102,Mask of Darkness,0.05%,https://yugioh-fm-db.pages.dev/cards/102
18,Mage Soldier,118,146,Temple of Skulls,0.59%,https://yugioh-fm-db.pages.dev/cards/146
18,Mage Soldier,119,220,Masked Sorcerer,0.98%,https://yugioh-fm-db.pages.dev/cards/220
18,Mage Soldier,120,271,Megirus Light,0.05%,https://yugioh-fm-db.pages.dev/cards/271
18,Mage Soldier,121,418,Golgoil,0.98%,https://yugioh-fm-db.pages.dev/cards/418
18,Mage Soldier,122,497,Yado Karu,0.59%,https://yugioh-fm-db.pages.dev/cards/497
18,Mage Soldier,123,615,Armored Starfish,0.78%,https://yugioh-fm-db.pages.dev/cards/615
18,Mage Soldier,124,103,Job-change Mirror,0.20%,https://yugioh-fm-db.pages.dev/cards/103
18,Mage Soldier,125,148,The Shadow Who Controls the Dark,0.05%,https://yugioh-fm-db.pages.dev/cards/148
18,Mage Soldier,126,222,Midnight Fiend,0.05%,https://yugioh-fm-db.pages.dev/cards/222
18,Mage Soldier,127,245,Meda Bat,0.05%,https://yugioh-fm-db.pages.dev/cards/245
18,Mage Soldier,128,280,Protector of the Throne,0.98%,https://yugioh-fm-db.pages.dev/cards/280
18,Mage Soldier,129,381,Toon Alligator,1.17%,https://yugioh-fm-db.pages.dev/cards/381
18,Mage Soldier,130,490,Needle Ball,0.05%,https://yugioh-fm-db.pages.dev/cards/490
18,Mage Soldier,131,121,Sleeping Lion,1.17%,https://yugioh-fm-db.pages.dev/cards/121
18,Mage Soldier,132,240,The Drdek,0.05%,https://yugioh-fm-db.pages.dev/cards/240
18,Mage Soldier,133,261,Wicked Mirror,0.05%,https://yugioh-fm-db.pages.dev/cards/261
18,Mage Soldier,134,611,Hiro's Shadow Scout,0.05%,https://yugioh-fm-db.pages.dev/cards/611
18,Mage Soldier,135,173,Dark Prisoner,0.05%,https://yugioh-fm-db.pages.dev/cards/173
18,Mage Soldier,136,232,Madjinn Gunn,0.05%,https://yugioh-fm-db.pages.dev/cards/232
18,Mage Soldier,137,242,Candle of Fate,0.05%,https://yugioh-fm-db.pages.dev/cards/242
18,Mage Soldier,138,288,Dark Artist,0.05%,https://yugioh-fm-db.pages.dev/cards/288
18,Mage Soldier,139,295,Bio Plant,0.05%,https://yugioh-fm-db.pages.dev/cards/295
18,Mage Soldier,140,563,Wretched Ghost of the Attic,0.05%,https://yugioh-fm-db.pages.dev/cards/563
18,Mage Soldier,141,137,Mystery Hand,0.05%,https://yugioh-fm-db.pages.dev/cards/137
18,Mage Soldier,142,254,Embryonic Beast,0.05%,https://yugioh-fm-db.pages.dev/cards/254
18,Mage Soldier,143,255,Prevent Rat,0.98%,https://yugioh-fm-db.pages.dev/cards/255
18,Mage Soldier,144,504,Fungi of the Musk,0.05%,https://yugioh-fm-db.pages.dev/cards/504
18,Mage Soldier,145,58,Kuriboh,0.05%,https://yugioh-fm-db.pages.dev/cards/58
18,Mage Soldier,146,277,Gorgon Egg,0.05%,https://yugioh-fm-db.pages.dev/cards/277
18,Mage Soldier,147,402,Monster Eye,0.05%,https://yugioh-fm-db.pages.dev/cards/402
18,Mage Soldier,148,335,Yami,0.59%,https://yugioh-fm-db.pages.dev/cards/335
18,Mage Soldier,149,341,Soul of the Pure,1.17%,https://yugioh-fm-db.pages.dev/cards/341
18,Mage Soldier,150,346,Ookazi,0.59%,https://yugioh-fm-db.pages.dev/cards/346
22,High Mage Secmeton,1,710,Crab Turtle,2.34%,https://yugioh-fm-db.pages.dev/cards/710
22,High Mage Secmeton,2,35,Dark Magician,1.95%,https://yugioh-fm-db.pages.dev/cards/35
22,High Mage Secmeton,3,373,Suijin,1.95%,https://yugioh-fm-db.pages.dev/cards/373
22,High Mage Secmeton,4,372,Kazejin,1.95%,https://yugioh-fm-db.pages.dev/cards/372
22,High Mage Secmeton,5,442,Aqua Dragon,1.95%,https://yugioh-fm-db.pages.dev/cards/442
22,High Mage Secmeton,6,223,Roaring Ocean Snake,1.56%,https://yugioh-fm-db.pages.dev/cards/223
22,High Mage Secmeton,7,565,Man-eating Black Shark,1.17%,https://yugioh-fm-db.pages.dev/cards/565
22,High Mage Secmeton,8,443,Sea King Dragon,1.56%,https://yugioh-fm-db.pages.dev/cards/443
22,High Mage Secmeton,9,551,Dark Elf,0.10%,https://yugioh-fm-db.pages.dev/cards/551
22,High Mage Secmeton,10,437,Deepsea Shark,1.17%,https://yugioh-fm-db.pages.dev/cards/437
22,High Mage Secmeton,11,458,Kaminari Attack,1.17%,https://yugioh-fm-db.pages.dev/cards/458
22,High Mage Secmeton,12,520,Turtle Bird,1.56%,https://yugioh-fm-db.pages.dev/cards/520
22,High Mage Secmeton,13,532,Gemini Elf,0.10%,https://yugioh-fm-db.pages.dev/cards/532
22,High Mage Secmeton,14,639,Amphibious Bugroth,1.17%,https://yugioh-fm-db.pages.dev/cards/639
22,High Mage Secmeton,15,14,Battle Steer,1.17%,https://yugioh-fm-db.pages.dev/cards/14
22,High Mage Secmeton,16,73,Kairyu-shin,1.17%,https://yugioh-fm-db.pages.dev/cards/73
22,High Mage Secmeton,17,90,Gyakutenno Megami,1.56%,https://yugioh-fm-db.pages.dev/cards/90
22,High Mage Secmeton,18,126,Orion the Battle King,1.17%,https://yugioh-fm-db.pages.dev/cards/126
22,High Mage Secmeton,19,379,La Jinn the Mystical Genie,0.10%,https://yugioh-fm-db.pages.dev/cards/379
22,High Mage Secmeton,20,440,7 Colored Fish,0.10%,https://yugioh-fm-db.pages.dev/cards/440
22,High Mage Secmeton,21,441,Mech Bass,1.17%,https://yugioh-fm-db.pages.dev/cards/441
22,High Mage Secmeton,22,447,Giant Red Seasnake,0.10%,https://yugioh-fm-db.pages.dev/cards/447
22,High Mage Secmeton,23,487,Flower Wolf,1.17%,https://yugioh-fm-db.pages.dev/cards/487
22,High Mage Secmeton,24,508,Cyber Saurus,1.17%,https://yugioh-fm-db.pages.dev/cards/508
22,High Mage Secmeton,25,523,The Bistro Butcher,0.10%,https://yugioh-fm-db.pages.dev/cards/523
22,High Mage Secmeton,26,582,Dark Witch,1.17%,https://yugioh-fm-db.pages.dev/cards/582
22,High Mage Secmeton,27,495,Musician King,1.17%,https://yugioh-fm-db.pages.dev/cards/495
22,High Mage Secmeton,28,78,Axe Raider,0.39%,https://yugioh-fm-db.pages.dev/cards/78
22,High Mage Secmeton,29,106,Spirit of the Winds,1.17%,https://yugioh-fm-db.pages.dev/cards/106
22,High Mage Secmeton,30,124,Ancient Tool,1.17%,https://yugioh-fm-db.pages.dev/cards/124
22,High Mage Secmeton,31,127,Ansatsu,0.10%,https://yugioh-fm-db.pages.dev/cards/127
22,High Mage Secmeton,32,150,Akihiron,1.17%,https://yugioh-fm-db.pages.dev/cards/150
22,High Mage Secmeton,33,204,Mabarrel,1.17%,https://yugioh-fm-db.pages.dev/cards/204
22,High Mage Secmeton,34,491,Peacock,1.17%,https://yugioh-fm-db.pages.dev/cards/491
22,High Mage Secmeton,35,617,Marine Beast,1.17%,https://yugioh-fm-db.pages.dev/cards/617
22,High Mage Secmeton,36,439,Bottom Dweller,1.17%,https://yugioh-fm-db.pages.dev/cards/439
22,High Mage Secmeton,37,619,Rock Spirit,1.17%,https://yugioh-fm-db.pages.dev/cards/619
22,High Mage Secmeton,38,621,Succubus Knight,0.10%,https://yugioh-fm-db.pages.dev/cards/621
22,High Mage Secmeton,39,624,High Tide Gyojin,1.17%,https://yugioh-fm-db.pages.dev/cards/624
22,High Mage Secmeton,40,87,Dark Chimera,1.17%,https://yugioh-fm-db.pages.dev/cards/87
22,High Mage Secmeton,41,32,Two-headed King Rex,0.39%,https://yugioh-fm-db.pages.dev/cards/32
22,High Mage Secmeton,42,44,Rogue Doll,0.39%,https://yugioh-fm-db.pages.dev/cards/44
22,High Mage Secmeton,43,60,Great White,0.10%,https://yugioh-fm-db.pages.dev/cards/60
22,High Mage Secmeton,44,81,Crawling Dragon #2,0.20%,https://yugioh-fm-db.pages.dev/cards/81
22,High Mage Secmeton,45,94,Crawling Dragon,1.17%,https://yugioh-fm-db.pages.dev/cards/94
22,High Mage Secmeton,46,111,Doma The Angel of Silence,1.17%,https://yugioh-fm-db.pages.dev/cards/111
22,High Mage Secmeton,47,131,Octoberser,1.17%,https://yugioh-fm-db.pages.dev/cards/131
22,High Mage Secmeton,48,368,Shadow Ghoul,0.10%,https://yugioh-fm-db.pages.dev/cards/368
22,High Mage Secmeton,49,377,Ryu-kishin Powered,0.10%,https://yugioh-fm-db.pages.dev/cards/377
22,High Mage Secmeton,50,425,Thunder Dragon,1.17%,https://yugioh-fm-db.pages.dev/cards/425
22,High Mage Secmeton,51,448,Spike Seadra,0.10%,https://yugioh-fm-db.pages.dev/cards/448
22,High Mage Secmeton,52,507,Crazy Fish,0.10%,https://yugioh-fm-db.pages.dev/cards/507
22,High Mage Secmeton,53,519,Fire Kraken,1.17%,https://yugioh-fm-db.pages.dev/cards/519
22,High Mage Secmeton,54,596,Ghoul with an Appetite,0.10%,https://yugioh-fm-db.pages.dev/cards/596
22,High Mage Secmeton,55,614,Hunter Spider,1.17%,https://yugioh-fm-db.pages.dev/cards/614
22,High Mage Secmeton,56,622,Ill Witch,1.17%,https://yugioh-fm-db.pages.dev/cards/622
22,High Mage Secmeton,57,625,Fairy of the Fountain,0.10%,https://yugioh-fm-db.pages.dev/cards/625
22,High Mage Secmeton,58,632,Stone Ogre Grotto,1.17%,https://yugioh-fm-db.pages.dev/cards/632
22,High Mage Secmeton,59,636,Blue-winged Crown,0.10%,https://yugioh-fm-db.pages.dev/cards/636
22,High Mage Secmeton,60,648,Machine Attacker,0.10%,https://yugioh-fm-db.pages.dev/cards/648
22,High Mage Secmeton,61,396,Ocubeam,1.17%,https://yugioh-fm-db.pages.dev/cards/396
22,High Mage Secmeton,62,493,Maha Vailo,0.10%,https://yugioh-fm-db.pages.dev/cards/493
22,High Mage Secmeton,63,494,Rainbow Marine Mermaid,1.17%,https://yugioh-fm-db.pages.dev/cards/494
22,High Mage Secmeton,64,498,Morinphen,0.10%,https://yugioh-fm-db.pages.dev/cards/498
22,High Mage Secmeton,65,599,Violent Rain,0.10%,https://yugioh-fm-db.pages.dev/cards/599
22,High Mage Secmeton,66,93,Zanki,1.17%,https://yugioh-fm-db.pages.dev/cards/93
22,High Mage Secmeton,67,230,Rare Fish,0.10%,https://yugioh-fm-db.pages.dev/cards/230
22,High Mage Secmeton,68,353,Takriminos,0.10%,https://yugioh-fm-db.pages.dev/cards/353
22,High Mage Secmeton,69,413,Cyber Soldier,1.17%,https://yugioh-fm-db.pages.dev/cards/413
22,High Mage Secmeton,70,462,The Immortal of Thunder,0.10%,https://yugioh-fm-db.pages.dev/cards/462
22,High Mage Secmeton,71,631,Maiden of the Moonlight,0.10%,https://yugioh-fm-db.pages.dev/cards/631
22,High Mage Secmeton,72,647,Hyosube,0.10%,https://yugioh-fm-db.pages.dev/cards/647
22,High Mage Secmeton,73,405,Saber Slasher,0.10%,https://yugioh-fm-db.pages.dev/cards/405
22,High Mage Secmeton,74,433,Ancient Elf,0.10%,https://yugioh-fm-db.pages.dev/cards/433
22,High Mage Secmeton,75,518,Boulder Tortoise,1.56%,https://yugioh-fm-db.pages.dev/cards/518
22,High Mage Secmeton,76,249,Water Omotics,0.10%,https://yugioh-fm-db.pages.dev/cards/249
22,High Mage Secmeton,77,352,Kanan the Swordmistress,0.10%,https://yugioh-fm-db.pages.dev/cards/352
22,High Mage Secmeton,78,363,Fairy's Gift,0.10%,https://yugioh-fm-db.pages.dev/cards/363
22,High Mage Secmeton,79,430,Water Magician,0.10%,https://yugioh-fm-db.pages.dev/cards/430
22,High Mage Secmeton,80,460,Bolt Escargot,0.10%,https://yugioh-fm-db.pages.dev/cards/460
22,High Mage Secmeton,81,542,Misairuzame,1.17%,https://yugioh-fm-db.pages.dev/cards/542
22,High Mage Secmeton,82,557,Steel Ogre Grotto #1,1.17%,https://yugioh-fm-db.pages.dev/cards/557
22,High Mage Secmeton,83,593,Giant Turtle Who Feeds on Flames,1.17%,https://yugioh-fm-db.pages.dev/cards/593
22,High Mage Secmeton,84,633,Winged Egg of New Life,1.17%,https://yugioh-fm-db.pages.dev/cards/633
22,High Mage Secmeton,85,86,Barox,0.10%,https://yugioh-fm-db.pages.dev/cards/86
22,High Mage Secmeton,86,404,Tatsunootoshigo,0.10%,https://yugioh-fm-db.pages.dev/cards/404
22,High Mage Secmeton,87,543,Tongyo,0.10%,https://yugioh-fm-db.pages.dev/cards/543
22,High Mage Secmeton,88,550,Behegon,0.10%,https://yugioh-fm-db.pages.dev/cards/550
22,High Mage Secmeton,89,578,Leo Wizard,0.10%,https://yugioh-fm-db.pages.dev/cards/578
22,High Mage Secmeton,90,641,Invader of the Throne,1.17%,https://yugioh-fm-db.pages.dev/cards/641
22,High Mage Secmeton,91,91,Mystic Horseman,0.10%,https://yugioh-fm-db.pages.dev/cards/91
22,High Mage Secmeton,92,115,Kamion Wizard,0.10%,https://yugioh-fm-db.pages.dev/cards/115
22,High Mage Secmeton,93,351,Yaranzo,0.10%,https://yugioh-fm-db.pages.dev/cards/351
22,High Mage Secmeton,94,445,Guardian of the Sea,0.10%,https://yugioh-fm-db.pages.dev/cards/445
22,High Mage Secmeton,95,517,Sand Stone,0.10%,https://yugioh-fm-db.pages.dev/cards/517
22,High Mage Secmeton,96,525,Spirit of the Mountain,1.17%,https://yugioh-fm-db.pages.dev/cards/525
22,High Mage Secmeton,97,608,Shining Friendship,0.10%,https://yugioh-fm-db.pages.dev/cards/608
22,High Mage Secmeton,98,626,Amazon of the Seas,0.10%,https://yugioh-fm-db.pages.dev/cards/626
22,High Mage Secmeton,99,646,Gruesome Goo,0.10%,https://yugioh-fm-db.pages.dev/cards/646
22,High Mage Secmeton,100,435,Water Girl,0.10%,https://yugioh-fm-db.pages.dev/cards/435
22,High Mage Secmeton,101,449,"30,000-Year White Turtle",1.17%,https://yugioh-fm-db.pages.dev/cards/449
22,High Mage Secmeton,102,546,Wow Warrior,0.10%,https://yugioh-fm-db.pages.dev/cards/546
22,High Mage Secmeton,103,42,Illusionist Faceless Mage,1.17%,https://yugioh-fm-db.pages.dev/cards/42
22,High Mage Secmeton,104,70,Fiend Kraken,0.39%,https://yugioh-fm-db.pages.dev/cards/70
22,High Mage Secmeton,105,71,Jellyfish,0.39%,https://yugioh-fm-db.pages.dev/cards/71
22,High Mage Secmeton,106,109,Goddess with the Third Eye,0.10%,https://yugioh-fm-db.pages.dev/cards/109
22,High Mage Secmeton,107,128,LaMoon,0.10%,https://yugioh-fm-db.pages.dev/cards/128
22,High Mage Secmeton,108,213,Aqua Madoor,1.17%,https://yugioh-fm-db.pages.dev/cards/213
22,High Mage Secmeton,109,216,Dryad,0.10%,https://yugioh-fm-db.pages.dev/cards/216
22,High Mage Secmeton,110,251,Enchanting Mermaid,0.10%,https://yugioh-fm-db.pages.dev/cards/251
22,High Mage Secmeton,111,284,Tao the Chanter,0.10%,https://yugioh-fm-db.pages.dev/cards/284
22,High Mage Secmeton,112,361,Flying Penguin,0.10%,https://yugioh-fm-db.pages.dev/cards/361
22,High Mage Secmeton,113,450,Kappa Avenger,0.10%,https://yugioh-fm-db.pages.dev/cards/450
22,High Mage Secmeton,114,459,Tripwire Beast,0.10%,https://yugioh-fm-db.pages.dev/cards/459
22,High Mage Secmeton,115,468,Queen Bird,1.17%,https://yugioh-fm-db.pages.dev/cards/468
22,High Mage Secmeton,116,431,Ice Water,0.10%,https://yugioh-fm-db.pages.dev/cards/431
22,High Mage Secmeton,117,474,Sea Kamen,0.10%,https://yugioh-fm-db.pages.dev/cards/474
22,High Mage Secmeton,118,574,Witch of the Black Forest,0.10%,https://yugioh-fm-db.pages.dev/cards/574
22,High Mage Secmeton,119,616,Hourglass of Courage,0.10%,https://yugioh-fm-db.pages.dev/cards/616
22,High Mage Secmeton,120,89,Catapult Turtle,1.17%,https://yugioh-fm-db.pages.dev/cards/89
22,High Mage Secmeton,121,140,Toad Master,0.10%,https://yugioh-fm-db.pages.dev/cards/140
22,High Mage Secmeton,122,193,Turtle Tiger,0.10%,https://yugioh-fm-db.pages.dev/cards/193
22,High Mage Secmeton,123,196,Arma Knight,0.10%,https://yugioh-fm-db.pages.dev/cards/196
22,High Mage Secmeton,124,258,Beastking of the Swamps,0.10%,https://yugioh-fm-db.pages.dev/cards/258
22,High Mage Secmeton,125,259,Ancient Sorcerer,0.10%,https://yugioh-fm-db.pages.dev/cards/259
22,High Mage Secmeton,126,276,Ray & Temperature,0.10%,https://yugioh-fm-db.pages.dev/cards/276
22,High Mage Secmeton,127,584,Binding Chain,0.10%,https://yugioh-fm-db.pages.dev/cards/584
22,High Mage Secmeton,128,583,Weather Report,0.10%,https://yugioh-fm-db.pages.dev/cards/583
22,High Mage Secmeton,129,83,Castle of Dark Illusions,0.10%,https://yugioh-fm-db.pages.dev/cards/83
22,High Mage Secmeton,130,220,Masked Sorcerer,0.10%,https://yugioh-fm-db.pages.dev/cards/220
22,High Mage Secmeton,131,497,Yado Karu,0.10%,https://yugioh-fm-db.pages.dev/cards/497
22,High Mage Secmeton,132,615,Armored Starfish,0.10%,https://yugioh-fm-db.pages.dev/cards/615
22,High Mage Secmeton,133,2,Mystical Elf,0.39%,https://yugioh-fm-db.pages.dev/cards/2
22,High Mage Secmeton,134,170,Spirit of the Harp,0.10%,https://yugioh-fm-db.pages.dev/cards/170
22,High Mage Secmeton,135,601,Tenderness,0.10%,https://yugioh-fm-db.pages.dev/cards/601
22,High Mage Secmeton,136,34,Saggi the Dark Clown,0.10%,https://yugioh-fm-db.pages.dev/cards/34
22,High Mage Secmeton,137,311,Black Pendant,1.95%,https://yugioh-fm-db.pages.dev/cards/311
22,High Mage Secmeton,138,315,Dragon Treasure,1.95%,https://yugioh-fm-db.pages.dev/cards/315
22,High Mage Secmeton,139,323,Book of Secret Arts,1.95%,https://yugioh-fm-db.pages.dev/cards/323
22,High Mage Secmeton,140,328,Power of Kaishin,3.91%,https://yugioh-fm-db.pages.dev/cards/328
22,High Mage Secmeton,141,334,Umi,3.52%,https://yugioh-fm-db.pages.dev/cards/334
22,High Mage Secmeton,142,337,Raigeki,1.95%,https://yugioh-fm-db.pages.dev/cards/337
22,High Mage Secmeton,143,362,Millennium Shield,1.17%,https://yugioh-fm-db.pages.dev/cards/362
22,High Mage Secmeton,144,366,Labyrinth Wall,1.17%,https://yugioh-fm-db.pages.dev/cards/366
22,High Mage Secmeton,145,672,Harpie's Feather Duster,1.95%,https://yugioh-fm-db.pages.dev/cards/672
23,Forest Mage,1,367,Jirai Gumo,1.17%,https://yugioh-fm-db.pages.dev/cards/367
23,Forest Mage,2,529,Flame Cerebrus,0.10%,https://yugioh-fm-db.pages.dev/cards/529
23,Forest Mage,3,92,Rabid Horseman,1.56%,https://yugioh-fm-db.pages.dev/cards/92
23,Forest Mage,4,483,Garvas,1.56%,https://yugioh-fm-db.pages.dev/cards/483
23,Forest Mage,5,594,Rose Spectre of Dunn,0.10%,https://yugioh-fm-db.pages.dev/cards/594
23,Forest Mage,6,473,Vermillion Sparrow,0.10%,https://yugioh-fm-db.pages.dev/cards/473
23,Forest Mage,7,533,Kwagar Hercules,1.17%,https://yugioh-fm-db.pages.dev/cards/533
23,Forest Mage,8,627,Nekogal #2,1.17%,https://yugioh-fm-db.pages.dev/cards/627
23,Forest Mage,9,14,Battle Steer,1.56%,https://yugioh-fm-db.pages.dev/cards/14
23,Forest Mage,10,68,Garoozis,1.56%,https://yugioh-fm-db.pages.dev/cards/68
23,Forest Mage,11,375,Dungeon Worm,1.56%,https://yugioh-fm-db.pages.dev/cards/375
23,Forest Mage,12,382,Rude Kaiser,1.56%,https://yugioh-fm-db.pages.dev/cards/382
23,Forest Mage,13,487,Flower Wolf,1.56%,https://yugioh-fm-db.pages.dev/cards/487
23,Forest Mage,14,575,Ancient One of the Deep Forest,1.17%,https://yugioh-fm-db.pages.dev/cards/575
23,Forest Mage,15,638,Queen of Autumn Leaves,0.10%,https://yugioh-fm-db.pages.dev/cards/638
23,Forest Mage,16,403,Leogun,1.56%,https://yugioh-fm-db.pages.dev/cards/403
23,Forest Mage,17,26,Battle Ox,1.17%,https://yugioh-fm-db.pages.dev/cards/26
23,Forest Mage,18,528,Togex,1.17%,https://yugioh-fm-db.pages.dev/cards/528
23,Forest Mage,19,614,Hunter Spider,1.17%,https://yugioh-fm-db.pages.dev/cards/614
23,Forest Mage,20,52,Hercules Beetle,1.56%,https://yugioh-fm-db.pages.dev/cards/52
23,Forest Mage,21,55,Giant Flea,1.17%,https://yugioh-fm-db.pages.dev/cards/55
23,Forest Mage,22,597,Pale Beast,1.17%,https://yugioh-fm-db.pages.dev/cards/597
23,Forest Mage,23,637,Trent,0.10%,https://yugioh-fm-db.pages.dev/cards/637
23,Forest Mage,24,23,The Wicked Worm Beast,0.78%,https://yugioh-fm-db.pages.dev/cards/23
23,Forest Mage,25,511,Bean Soldier,0.10%,https://yugioh-fm-db.pages.dev/cards/511
23,Forest Mage,26,404,Tatsunootoshigo,1.17%,https://yugioh-fm-db.pages.dev/cards/404
23,Forest Mage,27,64,Tiger Axe,1.17%,https://yugioh-fm-db.pages.dev/cards/64
23,Forest Mage,28,91,Mystic Horseman,1.17%,https://yugioh-fm-db.pages.dev/cards/91
23,Forest Mage,29,163,Lisark,1.17%,https://yugioh-fm-db.pages.dev/cards/163
23,Forest Mage,30,291,Fireyarou,0.10%,https://yugioh-fm-db.pages.dev/cards/291
23,Forest Mage,31,587,Mon Larvas,1.17%,https://yugioh-fm-db.pages.dev/cards/587
23,Forest Mage,32,480,Kuwagata a,1.17%,https://yugioh-fm-db.pages.dev/cards/480
23,Forest Mage,33,607,Great Bill,1.17%,https://yugioh-fm-db.pages.dev/cards/607
23,Forest Mage,34,3,Hitotsu-me Giant,0.78%,https://yugioh-fm-db.pages.dev/cards/3
23,Forest Mage,35,27,Beaver Warrior,0.78%,https://yugioh-fm-db.pages.dev/cards/27
23,Forest Mage,36,46,Griffore,0.78%,https://yugioh-fm-db.pages.dev/cards/46
23,Forest Mage,37,47,Torike,1.17%,https://yugioh-fm-db.pages.dev/cards/47
23,Forest Mage,38,49,Big Insect,1.17%,https://yugioh-fm-db.pages.dev/cards/49
23,Forest Mage,39,53,Killer Needle,1.17%,https://yugioh-fm-db.pages.dev/cards/53
23,Forest Mage,40,54,Gokibore,1.17%,https://yugioh-fm-db.pages.dev/cards/54
23,Forest Mage,41,61,Wolf,1.17%,https://yugioh-fm-db.pages.dev/cards/61
23,Forest Mage,42,65,Silver Fang,1.17%,https://yugioh-fm-db.pages.dev/cards/65
23,Forest Mage,43,201,Frenzied Panda,1.17%,https://yugioh-fm-db.pages.dev/cards/201
23,Forest Mage,44,248,Master & Expert,1.17%,https://yugioh-fm-db.pages.dev/cards/248
23,Forest Mage,45,287,Ogre of the Black Shadow,1.17%,https://yugioh-fm-db.pages.dev/cards/287
23,Forest Mage,46,567,Darkworld Thorns,0.10%,https://yugioh-fm-db.pages.dev/cards/567
23,Forest Mage,47,535,Kamakiriman,1.17%,https://yugioh-fm-db.pages.dev/cards/535
23,Forest Mage,48,642,Mystical Sheep #1,1.17%,https://yugioh-fm-db.pages.dev/cards/642
23,Forest Mage,49,76,Krokodilus,0.10%,https://yugioh-fm-db.pages.dev/cards/76
23,Forest Mage,50,133,Charubin the Fire Knight,0.10%,https://yugioh-fm-db.pages.dev/cards/133
23,Forest Mage,51,246,One Who Hunts Souls,1.17%,https://yugioh-fm-db.pages.dev/cards/246
23,Forest Mage,52,252,Nekogal #1,1.17%,https://yugioh-fm-db.pages.dev/cards/252
23,Forest Mage,53,384,Dark Rabbit,1.17%,https://yugioh-fm-db.pages.dev/cards/384
23,Forest Mage,54,489,Barrel Lily,0.10%,https://yugioh-fm-db.pages.dev/cards/489
23,Forest Mage,55,576,Giant Scorpion of the Tundra,1.17%,https://yugioh-fm-db.pages.dev/cards/576
23,Forest Mage,56,219,Solitude,1.17%,https://yugioh-fm-db.pages.dev/cards/219
23,Forest Mage,57,478,Insect Soldiers of the Sky,1.17%,https://yugioh-fm-db.pages.dev/cards/478
23,Forest Mage,58,496,Wilmee,1.17%,https://yugioh-fm-db.pages.dev/cards/496
23,Forest Mage,59,620,Snakeyashi,0.10%,https://yugioh-fm-db.pages.dev/cards/620
23,Forest Mage,60,477,Alinsection,1.17%,https://yugioh-fm-db.pages.dev/cards/477
23,Forest Mage,61,629,Armored Rat,1.17%,https://yugioh-fm-db.pages.dev/cards/629
23,Forest Mage,62,116,Nightmare Scorpion,1.17%,https://yugioh-fm-db.pages.dev/cards/116
23,Forest Mage,63,189,Fusionist,1.17%,https://yugioh-fm-db.pages.dev/cards/189
23,Forest Mage,64,588,Living Vase,0.10%,https://yugioh-fm-db.pages.dev/cards/588
23,Forest Mage,65,640,Acid Crawler,1.17%,https://yugioh-fm-db.pages.dev/cards/640
23,Forest Mage,66,481,Burglar,1.17%,https://yugioh-fm-db.pages.dev/cards/481
23,Forest Mage,67,534,Minar,1.17%,https://yugioh-fm-db.pages.dev/cards/534
23,Forest Mage,68,113,Dark Gray,1.17%,https://yugioh-fm-db.pages.dev/cards/113
23,Forest Mage,69,155,Larvas,1.17%,https://yugioh-fm-db.pages.dev/cards/155
23,Forest Mage,70,180,Arlownay,0.10%,https://yugioh-fm-db.pages.dev/cards/180
23,Forest Mage,71,188,Synchar,1.17%,https://yugioh-fm-db.pages.dev/cards/188
23,Forest Mage,72,282,Mystical Sheep #2,1.17%,https://yugioh-fm-db.pages.dev/cards/282
23,Forest Mage,73,479,Cockroach Knight,1.17%,https://yugioh-fm-db.pages.dev/cards/479
23,Forest Mage,74,121,Sleeping Lion,1.17%,https://yugioh-fm-db.pages.dev/cards/121
23,Forest Mage,75,141,Spiked Snail,1.17%,https://yugioh-fm-db.pages.dev/cards/141
23,Forest Mage,76,221,Kumootoko,1.17%,https://yugioh-fm-db.pages.dev/cards/221
23,Forest Mage,77,29,Mountain Warrior,0.78%,https://yugioh-fm-db.pages.dev/cards/29
23,Forest Mage,78,273,Ancient Tree of Enlightenment,0.10%,https://yugioh-fm-db.pages.dev/cards/273
23,Forest Mage,79,255,Prevent Rat,1.17%,https://yugioh-fm-db.pages.dev/cards/255
23,Forest Mage,80,274,Green Phantom King,0.10%,https://yugioh-fm-db.pages.dev/cards/274
23,Forest Mage,81,40,Dragon Piper,0.10%,https://yugioh-fm-db.pages.dev/cards/40
23,Forest Mage,82,72,Cocoon of Evolution,1.17%,https://yugioh-fm-db.pages.dev/cards/72
23,Forest Mage,83,330,Forest,7.81%,https://yugioh-fm-db.pages.dev/cards/330
23,Forest Mage,84,348,Swords of Revealing Light,2.34%,https://yugioh-fm-db.pages.dev/cards/348
23,Forest Mage,85,662,Eradicating Aerosol,5.86%,https://yugioh-fm-db.pages.dev/cards/662
23,Forest Mage,86,689,Reverse Trap,2.34%,https://yugioh-fm-db.pages.dev/cards/689
23,Forest Mage,87,690,Fake Trap,2.25%,https://yugioh-fm-db.pages.dev/cards/690
21,Ocean Mage,1,223,Roaring Ocean Snake,2.34%,https://yugioh-fm-db.pages.dev/cards/223
21,Ocean Mage,2,565,Man-eating Black Shark,2.34%,https://yugioh-fm-db.pages.dev/cards/565
21,Ocean Mage,3,443,Sea King Dragon,2.34%,https://yugioh-fm-db.pages.dev/cards/443
21,Ocean Mage,4,437,Deepsea Shark,2.34%,https://yugioh-fm-db.pages.dev/cards/437
21,Ocean Mage,5,458,Kaminari Attack,2.34%,https://yugioh-fm-db.pages.dev/cards/458
21,Ocean Mage,6,520,Turtle Bird,2.34%,https://yugioh-fm-db.pages.dev/cards/520
21,Ocean Mage,7,639,Amphibious Bugroth,2.34%,https://yugioh-fm-db.pages.dev/cards/639
21,Ocean Mage,8,73,Kairyu-shin,2.34%,https://yugioh-fm-db.pages.dev/cards/73
21,Ocean Mage,9,400,Emperor of the Land and Sea,2.34%,https://yugioh-fm-db.pages.dev/cards/400
21,Ocean Mage,10,440,7 Colored Fish,0.78%,https://yugioh-fm-db.pages.dev/cards/440
21,Ocean Mage,11,441,Mech Bass,2.34%,https://yugioh-fm-db.pages.dev/cards/441
21,Ocean Mage,12,447,Giant Red Seasnake,0.78%,https://yugioh-fm-db.pages.dev/cards/447
21,Ocean Mage,13,150,Akihiron,2.34%,https://yugioh-fm-db.pages.dev/cards/150
21,Ocean Mage,14,617,Marine Beast,2.34%,https://yugioh-fm-db.pages.dev/cards/617
21,Ocean Mage,15,439,Bottom Dweller,2.34%,https://yugioh-fm-db.pages.dev/cards/439
21,Ocean Mage,16,624,High Tide Gyojin,0.78%,https://yugioh-fm-db.pages.dev/cards/624
21,Ocean Mage,17,60,Great White,0.39%,https://yugioh-fm-db.pages.dev/cards/60
21,Ocean Mage,18,131,Octoberser,2.34%,https://yugioh-fm-db.pages.dev/cards/131
21,Ocean Mage,19,425,Thunder Dragon,2.34%,https://yugioh-fm-db.pages.dev/cards/425
21,Ocean Mage,20,448,Spike Seadra,0.78%,https://yugioh-fm-db.pages.dev/cards/448
21,Ocean Mage,21,507,Crazy Fish,0.78%,https://yugioh-fm-db.pages.dev/cards/507
21,Ocean Mage,22,519,Fire Kraken,2.34%,https://yugioh-fm-db.pages.dev/cards/519
21,Ocean Mage,23,625,Fairy of the Fountain,0.78%,https://yugioh-fm-db.pages.dev/cards/625
21,Ocean Mage,24,494,Rainbow Marine Mermaid,2.34%,https://yugioh-fm-db.pages.dev/cards/494
21,Ocean Mage,25,599,Violent Rain,0.39%,https://yugioh-fm-db.pages.dev/cards/599
21,Ocean Mage,26,51,Armored Lizard,0.78%,https://yugioh-fm-db.pages.dev/cards/51
21,Ocean Mage,27,230,Rare Fish,0.78%,https://yugioh-fm-db.pages.dev/cards/230
21,Ocean Mage,28,353,Takriminos,0.78%,https://yugioh-fm-db.pages.dev/cards/353
21,Ocean Mage,29,462,The Immortal of Thunder,0.78%,https://yugioh-fm-db.pages.dev/cards/462
21,Ocean Mage,30,647,Hyosube,0.39%,https://yugioh-fm-db.pages.dev/cards/647
21,Ocean Mage,31,518,Boulder Tortoise,2.34%,https://yugioh-fm-db.pages.dev/cards/518
21,Ocean Mage,32,249,Water Omotics,0.78%,https://yugioh-fm-db.pages.dev/cards/249
21,Ocean Mage,33,430,Water Magician,0.39%,https://yugioh-fm-db.pages.dev/cards/430
21,Ocean Mage,34,460,Bolt Escargot,0.78%,https://yugioh-fm-db.pages.dev/cards/460
21,Ocean Mage,35,542,Misairuzame,2.34%,https://yugioh-fm-db.pages.dev/cards/542
21,Ocean Mage,36,593,Giant Turtle Who Feeds on Flames,2.34%,https://yugioh-fm-db.pages.dev/cards/593
21,Ocean Mage,37,630,Ancient Lizard Warrior,0.39%,https://yugioh-fm-db.pages.dev/cards/630
21,Ocean Mage,38,543,Tongyo,0.39%,https://yugioh-fm-db.pages.dev/cards/543
21,Ocean Mage,39,550,Behegon,0.39%,https://yugioh-fm-db.pages.dev/cards/550
21,Ocean Mage,40,77,Grappler,0.39%,https://yugioh-fm-db.pages.dev/cards/77
21,Ocean Mage,41,445,Guardian of the Sea,0.39%,https://yugioh-fm-db.pages.dev/cards/445
21,Ocean Mage,42,626,Amazon of the Seas,0.78%,https://yugioh-fm-db.pages.dev/cards/626
21,Ocean Mage,43,646,Gruesome Goo,0.39%,https://yugioh-fm-db.pages.dev/cards/646
21,Ocean Mage,44,435,Water Girl,0.39%,https://yugioh-fm-db.pages.dev/cards/435
21,Ocean Mage,45,449,"30,000-Year White Turtle",2.34%,https://yugioh-fm-db.pages.dev/cards/449
21,Ocean Mage,46,546,Wow Warrior,0.39%,https://yugioh-fm-db.pages.dev/cards/546
21,Ocean Mage,47,70,Fiend Kraken,0.39%,https://yugioh-fm-db.pages.dev/cards/70
21,Ocean Mage,48,71,Jellyfish,0.39%,https://yugioh-fm-db.pages.dev/cards/71
21,Ocean Mage,49,251,Enchanting Mermaid,0.39%,https://yugioh-fm-db.pages.dev/cards/251
21,Ocean Mage,50,361,Flying Penguin,0.39%,https://yugioh-fm-db.pages.dev/cards/361
21,Ocean Mage,51,450,Kappa Avenger,0.39%,https://yugioh-fm-db.pages.dev/cards/450
21,Ocean Mage,52,459,Tripwire Beast,0.39%,https://yugioh-fm-db.pages.dev/cards/459
21,Ocean Mage,53,566,Yormungarde,0.39%,https://yugioh-fm-db.pages.dev/cards/566
21,Ocean Mage,54,431,Ice Water,0.39%,https://yugioh-fm-db.pages.dev/cards/431
21,Ocean Mage,55,634,Night Lizard,0.39%,https://yugioh-fm-db.pages.dev/cards/634
21,Ocean Mage,56,76,Krokodilus,0.39%,https://yugioh-fm-db.pages.dev/cards/76
21,Ocean Mage,57,432,Waterdragon Fairy,0.10%,https://yugioh-fm-db.pages.dev/cards/432
21,Ocean Mage,58,461,Bolt Penguin,0.39%,https://yugioh-fm-db.pages.dev/cards/461
21,Ocean Mage,59,474,Sea Kamen,0.39%,https://yugioh-fm-db.pages.dev/cards/474
21,Ocean Mage,60,446,Aqua Snake,0.10%,https://yugioh-fm-db.pages.dev/cards/446
21,Ocean Mage,61,89,Catapult Turtle,1.95%,https://yugioh-fm-db.pages.dev/cards/89
21,Ocean Mage,62,140,Toad Master,0.39%,https://yugioh-fm-db.pages.dev/cards/140
21,Ocean Mage,63,193,Turtle Tiger,0.39%,https://yugioh-fm-db.pages.dev/cards/193
21,Ocean Mage,64,196,Arma Knight,0.39%,https://yugioh-fm-db.pages.dev/cards/196
21,Ocean Mage,65,258,Beastking of the Swamps,0.39%,https://yugioh-fm-db.pages.dev/cards/258
21,Ocean Mage,66,270,Wetha,0.10%,https://yugioh-fm-db.pages.dev/cards/270
21,Ocean Mage,67,583,Weather Report,0.39%,https://yugioh-fm-db.pages.dev/cards/583
21,Ocean Mage,68,605,Liquid Beast,0.39%,https://yugioh-fm-db.pages.dev/cards/605
21,Ocean Mage,69,199,Penguin Knight,0.10%,https://yugioh-fm-db.pages.dev/cards/199
21,Ocean Mage,70,205,Dorover,0.10%,https://yugioh-fm-db.pages.dev/cards/205
21,Ocean Mage,71,206,Twin Long Rods #1,0.10%,https://yugioh-fm-db.pages.dev/cards/206
21,Ocean Mage,72,243,Water Element,0.10%,https://yugioh-fm-db.pages.dev/cards/243
21,Ocean Mage,73,247,Root Water,0.10%,https://yugioh-fm-db.pages.dev/cards/247
21,Ocean Mage,74,497,Yado Karu,0.78%,https://yugioh-fm-db.pages.dev/cards/497
21,Ocean Mage,75,569,Drooling Lizard,0.39%,https://yugioh-fm-db.pages.dev/cards/569
21,Ocean Mage,76,610,Electric Lizard,2.34%,https://yugioh-fm-db.pages.dev/cards/610
21,Ocean Mage,77,615,Armored Starfish,0.39%,https://yugioh-fm-db.pages.dev/cards/615
21,Ocean Mage,78,177,Monsturtle,0.10%,https://yugioh-fm-db.pages.dev/cards/177
21,Ocean Mage,79,381,Toon Alligator,0.39%,https://yugioh-fm-db.pages.dev/cards/381
21,Ocean Mage,80,463,Electric Snake,0.29%,https://yugioh-fm-db.pages.dev/cards/463
21,Ocean Mage,81,590,Beaked Snake,0.39%,https://yugioh-fm-db.pages.dev/cards/590
21,Ocean Mage,82,503,Turtle Raccoon,0.39%,https://yugioh-fm-db.pages.dev/cards/503
21,Ocean Mage,83,436,White Dolphin,2.34%,https://yugioh-fm-db.pages.dev/cards/436
21,Ocean Mage,84,334,Umi,7.81%,https://yugioh-fm-db.pages.dev/cards/334
21,Ocean Mage,85,348,Swords of Revealing Light,2.34%,https://yugioh-fm-db.pages.dev/cards/348
21,Ocean Mage,86,664,Eternal Draught,5.86%,https://yugioh-fm-db.pages.dev/cards/664
21,Ocean Mage,87,700,Fortress Whale's Oath,2.34%,https://yugioh-fm-db.pages.dev/cards/700
24,High Mage Anubisius,1,67,Perfectly Ultimate Great Moth,2.34%,https://yugioh-fm-db.pages.dev/cards/67
24,High Mage Anubisius,2,57,Great Moth,2.34%,https://yugioh-fm-db.pages.dev/cards/57
24,High Mage Anubisius,3,717,Javelin Beetle,2.34%,https://yugioh-fm-db.pages.dev/cards/717
24,High Mage Anubisius,4,367,Jirai Gumo,0.20%,https://yugioh-fm-db.pages.dev/cards/367
24,High Mage Anubisius,5,529,Flame Cerebrus,2.34%,https://yugioh-fm-db.pages.dev/cards/529
24,High Mage Anubisius,6,92,Rabid Horseman,2.34%,https://yugioh-fm-db.pages.dev/cards/92
24,High Mage Anubisius,7,453,Millennium Golem,2.34%,https://yugioh-fm-db.pages.dev/cards/453
24,High Mage Anubisius,8,483,Garvas,2.34%,https://yugioh-fm-db.pages.dev/cards/483
24,High Mage Anubisius,9,594,Rose Spectre of Dunn,2.34%,https://yugioh-fm-db.pages.dev/cards/594
24,High Mage Anubisius,10,473,Vermillion Sparrow,1.56%,https://yugioh-fm-db.pages.dev/cards/473
24,High Mage Anubisius,11,533,Kwagar Hercules,2.34%,https://yugioh-fm-db.pages.dev/cards/533
24,High Mage Anubisius,12,627,Nekogal #2,2.34%,https://yugioh-fm-db.pages.dev/cards/627
24,High Mage Anubisius,13,14,Battle Steer,1.56%,https://yugioh-fm-db.pages.dev/cards/14
24,High Mage Anubisius,14,68,Garoozis,1.56%,https://yugioh-fm-db.pages.dev/cards/68
24,High Mage Anubisius,15,375,Dungeon Worm,1.56%,https://yugioh-fm-db.pages.dev/cards/375
24,High Mage Anubisius,16,382,Rude Kaiser,1.56%,https://yugioh-fm-db.pages.dev/cards/382
24,High Mage Anubisius,17,487,Flower Wolf,1.56%,https://yugioh-fm-db.pages.dev/cards/487
24,High Mage Anubisius,18,575,Ancient One of the Deep Forest,2.34%,https://yugioh-fm-db.pages.dev/cards/575
24,High Mage Anubisius,19,638,Queen of Autumn Leaves,1.56%,https://yugioh-fm-db.pages.dev/cards/638
24,High Mage Anubisius,20,403,Leogun,1.56%,https://yugioh-fm-db.pages.dev/cards/403
24,High Mage Anubisius,21,26,Battle Ox,0.78%,https://yugioh-fm-db.pages.dev/cards/26
24,High Mage Anubisius,22,60,Great White,0.20%,https://yugioh-fm-db.pages.dev/cards/60
24,High Mage Anubisius,23,234,Beautiful Headhuntress,0.20%,https://yugioh-fm-db.pages.dev/cards/234
24,High Mage Anubisius,24,528,Togex,1.56%,https://yugioh-fm-db.pages.dev/cards/528
24,High Mage Anubisius,25,614,Hunter Spider,1.56%,https://yugioh-fm-db.pages.dev/cards/614
24,High Mage Anubisius,26,599,Violent Rain,0.20%,https://yugioh-fm-db.pages.dev/cards/599
24,High Mage Anubisius,27,10,Blackland Fire Dragon,0.20%,https://yugioh-fm-db.pages.dev/cards/10
24,High Mage Anubisius,28,52,Hercules Beetle,1.56%,https://yugioh-fm-db.pages.dev/cards/52
24,High Mage Anubisius,29,55,Giant Flea,0.78%,https://yugioh-fm-db.pages.dev/cards/55
24,High Mage Anubisius,30,80,Uraby,0.20%,https://yugioh-fm-db.pages.dev/cards/80
24,High Mage Anubisius,31,597,Pale Beast,0.78%,https://yugioh-fm-db.pages.dev/cards/597
24,High Mage Anubisius,32,637,Trent,1.56%,https://yugioh-fm-db.pages.dev/cards/637
24,High Mage Anubisius,33,647,Hyosube,0.20%,https://yugioh-fm-db.pages.dev/cards/647
24,High Mage Anubisius,34,23,The Wicked Worm Beast,0.20%,https://yugioh-fm-db.pages.dev/cards/23
24,High Mage Anubisius,35,165,The Judgement Hand,0.20%,https://yugioh-fm-db.pages.dev/cards/165
24,High Mage Anubisius,36,225,Fiend Sword,0.20%,https://yugioh-fm-db.pages.dev/cards/225
24,High Mage Anubisius,37,363,Fairy's Gift,0.20%,https://yugioh-fm-db.pages.dev/cards/363
24,High Mage Anubisius,38,430,Water Magician,0.20%,https://yugioh-fm-db.pages.dev/cards/430
24,High Mage Anubisius,39,511,Bean Soldier,0.78%,https://yugioh-fm-db.pages.dev/cards/511
24,High Mage Anubisius,40,404,Tatsunootoshigo,0.78%,https://yugioh-fm-db.pages.dev/cards/404
24,High Mage Anubisius,41,543,Tongyo,0.20%,https://yugioh-fm-db.pages.dev/cards/543
24,High Mage Anubisius,42,550,Behegon,0.20%,https://yugioh-fm-db.pages.dev/cards/550
24,High Mage Anubisius,43,643,Disk Magician,0.20%,https://yugioh-fm-db.pages.dev/cards/643
24,High Mage Anubisius,44,25,Horn Imp,0.20%,https://yugioh-fm-db.pages.dev/cards/25
24,High Mage Anubisius,45,64,Tiger Axe,0.20%,https://yugioh-fm-db.pages.dev/cards/64
24,High Mage Anubisius,46,91,Mystic Horseman,0.78%,https://yugioh-fm-db.pages.dev/cards/91
24,High Mage Anubisius,47,115,Kamion Wizard,0.20%,https://yugioh-fm-db.pages.dev/cards/115
24,High Mage Anubisius,48,119,Trial of Nightmares,0.20%,https://yugioh-fm-db.pages.dev/cards/119
24,High Mage Anubisius,49,163,Lisark,0.78%,https://yugioh-fm-db.pages.dev/cards/163
24,High Mage Anubisius,50,164,Lord of Zemia,0.20%,https://yugioh-fm-db.pages.dev/cards/164
24,High Mage Anubisius,51,233,Dark Titan of Terror,0.20%,https://yugioh-fm-db.pages.dev/cards/233
24,High Mage Anubisius,52,272,Mavelus,0.20%,https://yugioh-fm-db.pages.dev/cards/272
24,High Mage Anubisius,53,291,Fireyarou,0.20%,https://yugioh-fm-db.pages.dev/cards/291
24,High Mage Anubisius,54,445,Guardian of the Sea,0.20%,https://yugioh-fm-db.pages.dev/cards/445
24,High Mage Anubisius,55,502,D. Human,0.20%,https://yugioh-fm-db.pages.dev/cards/502
24,High Mage Anubisius,56,514,Brave Scizzar,0.20%,https://yugioh-fm-db.pages.dev/cards/514
24,High Mage Anubisius,57,570,Trakadon,0.20%,https://yugioh-fm-db.pages.dev/cards/570
24,High Mage Anubisius,58,587,Mon Larvas,0.78%,https://yugioh-fm-db.pages.dev/cards/587
24,High Mage Anubisius,59,608,Shining Friendship,0.20%,https://yugioh-fm-db.pages.dev/cards/608
24,High Mage Anubisius,60,162,Tainted Wisdom,0.20%,https://yugioh-fm-db.pages.dev/cards/162
24,High Mage Anubisius,61,435,Water Girl,0.20%,https://yugioh-fm-db.pages.dev/cards/435
24,High Mage Anubisius,62,480,Kuwagata a,0.20%,https://yugioh-fm-db.pages.dev/cards/480
24,High Mage Anubisius,63,546,Wow Warrior,0.20%,https://yugioh-fm-db.pages.dev/cards/546
24,High Mage Anubisius,64,607,Great Bill,0.20%,https://yugioh-fm-db.pages.dev/cards/607
24,High Mage Anubisius,65,3,Hitotsu-me Giant,0.20%,https://yugioh-fm-db.pages.dev/cards/3
24,High Mage Anubisius,66,27,Beaver Warrior,0.78%,https://yugioh-fm-db.pages.dev/cards/27
24,High Mage Anubisius,67,30,Zombie Warrior,0.20%,https://yugioh-fm-db.pages.dev/cards/30
24,High Mage Anubisius,68,46,Griffore,0.78%,https://yugioh-fm-db.pages.dev/cards/46
24,High Mage Anubisius,69,49,Big Insect,0.78%,https://yugioh-fm-db.pages.dev/cards/49
24,High Mage Anubisius,70,53,Killer Needle,0.20%,https://yugioh-fm-db.pages.dev/cards/53
24,High Mage Anubisius,71,54,Gokibore,0.78%,https://yugioh-fm-db.pages.dev/cards/54
24,High Mage Anubisius,72,59,Mammoth Graveyard,0.20%,https://yugioh-fm-db.pages.dev/cards/59
24,High Mage Anubisius,73,61,Wolf,0.20%,https://yugioh-fm-db.pages.dev/cards/61
24,High Mage Anubisius,74,65,Silver Fang,0.20%,https://yugioh-fm-db.pages.dev/cards/65
24,High Mage Anubisius,75,109,Goddess with the Third Eye,0.20%,https://yugioh-fm-db.pages.dev/cards/109
24,High Mage Anubisius,76,112,That Which Feeds on Life,0.20%,https://yugioh-fm-db.pages.dev/cards/112
24,High Mage Anubisius,77,120,Dream Clown,0.20%,https://yugioh-fm-db.pages.dev/cards/120
24,High Mage Anubisius,78,132,The 13th Grave,0.20%,https://yugioh-fm-db.pages.dev/cards/132
24,High Mage Anubisius,79,169,Dark King of the Abyss,0.20%,https://yugioh-fm-db.pages.dev/cards/169
24,High Mage Anubisius,80,171,Big Eye,0.20%,https://yugioh-fm-db.pages.dev/cards/171
24,High Mage Anubisius,81,201,Frenzied Panda,0.20%,https://yugioh-fm-db.pages.dev/cards/201
24,High Mage Anubisius,82,241,Dark Assailant,0.20%,https://yugioh-fm-db.pages.dev/cards/241
24,High Mage Anubisius,83,248,Master & Expert,0.20%,https://yugioh-fm-db.pages.dev/cards/248
24,High Mage Anubisius,84,251,Enchanting Mermaid,0.20%,https://yugioh-fm-db.pages.dev/cards/251
24,High Mage Anubisius,85,256,Dimensional Warrior,0.20%,https://yugioh-fm-db.pages.dev/cards/256
24,High Mage Anubisius,86,284,Tao the Chanter,0.20%,https://yugioh-fm-db.pages.dev/cards/284
24,High Mage Anubisius,87,287,Ogre of the Black Shadow,0.78%,https://yugioh-fm-db.pages.dev/cards/287
24,High Mage Anubisius,88,294,Dragoness the Wicked Knight,0.20%,https://yugioh-fm-db.pages.dev/cards/294
24,High Mage Anubisius,89,299,Sonic Maid,0.20%,https://yugioh-fm-db.pages.dev/cards/299
24,High Mage Anubisius,90,354,Stuffed Animal,0.20%,https://yugioh-fm-db.pages.dev/cards/354
24,High Mage Anubisius,91,361,Flying Penguin,0.20%,https://yugioh-fm-db.pages.dev/cards/361
24,High Mage Anubisius,92,450,Kappa Avenger,0.20%,https://yugioh-fm-db.pages.dev/cards/450
24,High Mage Anubisius,93,457,Stone Ghost,0.20%,https://yugioh-fm-db.pages.dev/cards/457
24,High Mage Anubisius,94,552,Winged Dragon #2,0.20%,https://yugioh-fm-db.pages.dev/cards/552
24,High Mage Anubisius,95,561,Lesser Dragon,0.20%,https://yugioh-fm-db.pages.dev/cards/561
24,High Mage Anubisius,96,566,Yormungarde,0.20%,https://yugioh-fm-db.pages.dev/cards/566
24,High Mage Anubisius,97,567,Darkworld Thorns,0.20%,https://yugioh-fm-db.pages.dev/cards/567
24,High Mage Anubisius,98,535,Kamakiriman,0.20%,https://yugioh-fm-db.pages.dev/cards/535
24,High Mage Anubisius,99,76,Krokodilus,0.20%,https://yugioh-fm-db.pages.dev/cards/76
24,High Mage Anubisius,100,110,Hero of the East,0.20%,https://yugioh-fm-db.pages.dev/cards/110
24,High Mage Anubisius,101,138,Dragon Statue,0.20%,https://yugioh-fm-db.pages.dev/cards/138
24,High Mage Anubisius,102,246,One Who Hunts Souls,0.20%,https://yugioh-fm-db.pages.dev/cards/246
24,High Mage Anubisius,103,252,Nekogal #1,0.20%,https://yugioh-fm-db.pages.dev/cards/252
24,High Mage Anubisius,104,269,Versago the Destroyer,0.20%,https://yugioh-fm-db.pages.dev/cards/269
24,High Mage Anubisius,105,290,Moon Envoy,0.20%,https://yugioh-fm-db.pages.dev/cards/290
24,High Mage Anubisius,106,293,Masaki the Legendary Swordsman,0.20%,https://yugioh-fm-db.pages.dev/cards/293
24,High Mage Anubisius,107,384,Dark Rabbit,0.78%,https://yugioh-fm-db.pages.dev/cards/384
24,High Mage Anubisius,108,474,Sea Kamen,0.20%,https://yugioh-fm-db.pages.dev/cards/474
24,High Mage Anubisius,109,574,Witch of the Black Forest,0.20%,https://yugioh-fm-db.pages.dev/cards/574
24,High Mage Anubisius,110,576,Giant Scorpion of the Tundra,0.20%,https://yugioh-fm-db.pages.dev/cards/576
24,High Mage Anubisius,111,603,Fairy Dragon,0.20%,https://yugioh-fm-db.pages.dev/cards/603
24,High Mage Anubisius,112,616,Hourglass of Courage,0.20%,https://yugioh-fm-db.pages.dev/cards/616
24,High Mage Anubisius,113,219,Solitude,0.20%,https://yugioh-fm-db.pages.dev/cards/219
24,High Mage Anubisius,114,600,Key Mace #2,0.20%,https://yugioh-fm-db.pages.dev/cards/600
24,High Mage Anubisius,115,118,Supporter in the Shadows,0.20%,https://yugioh-fm-db.pages.dev/cards/118
24,High Mage Anubisius,116,140,Toad Master,0.20%,https://yugioh-fm-db.pages.dev/cards/140
24,High Mage Anubisius,117,181,Dark Shade,0.20%,https://yugioh-fm-db.pages.dev/cards/181
24,High Mage Anubisius,118,196,Arma Knight,0.20%,https://yugioh-fm-db.pages.dev/cards/196
24,High Mage Anubisius,119,236,Guardian of the Labyrinth,0.20%,https://yugioh-fm-db.pages.dev/cards/236
24,High Mage Anubisius,120,258,Beastking of the Swamps,0.20%,https://yugioh-fm-db.pages.dev/cards/258
24,High Mage Anubisius,121,259,Ancient Sorcerer,0.20%,https://yugioh-fm-db.pages.dev/cards/259
24,High Mage Anubisius,122,276,Ray & Temperature,0.20%,https://yugioh-fm-db.pages.dev/cards/276
24,High Mage Anubisius,123,406,Yaiba Robo,0.20%,https://yugioh-fm-db.pages.dev/cards/406
24,High Mage Anubisius,124,455,Barrel Rock,0.20%,https://yugioh-fm-db.pages.dev/cards/455
24,High Mage Anubisius,125,496,Wilmee,0.20%,https://yugioh-fm-db.pages.dev/cards/496
24,High Mage Anubisius,126,584,Binding Chain,0.20%,https://yugioh-fm-db.pages.dev/cards/584
24,High Mage Anubisius,127,620,Snakeyashi,0.20%,https://yugioh-fm-db.pages.dev/cards/620
24,High Mage Anubisius,128,560,Invader from Another Dimension,0.20%,https://yugioh-fm-db.pages.dev/cards/560
24,High Mage Anubisius,129,146,Temple of Skulls,0.20%,https://yugioh-fm-db.pages.dev/cards/146
24,High Mage Anubisius,130,153,Dokuroizo the Grim Reaper,0.20%,https://yugioh-fm-db.pages.dev/cards/153
24,High Mage Anubisius,131,220,Masked Sorcerer,0.20%,https://yugioh-fm-db.pages.dev/cards/220
24,High Mage Anubisius,132,235,Wodan the Resident of the Forest,0.20%,https://yugioh-fm-db.pages.dev/cards/235
24,High Mage Anubisius,133,414,Shovel Crusher,0.20%,https://yugioh-fm-db.pages.dev/cards/414
24,High Mage Anubisius,134,588,Living Vase,0.20%,https://yugioh-fm-db.pages.dev/cards/588
24,High Mage Anubisius,135,615,Armored Starfish,0.20%,https://yugioh-fm-db.pages.dev/cards/615
24,High Mage Anubisius,136,28,Rock Ogre Grotto #1,0.20%,https://yugioh-fm-db.pages.dev/cards/28
24,High Mage Anubisius,137,103,Job-change Mirror,0.20%,https://yugioh-fm-db.pages.dev/cards/103
24,High Mage Anubisius,138,231,Wood Clown,0.20%,https://yugioh-fm-db.pages.dev/cards/231
24,High Mage Anubisius,139,250,Hyo,0.20%,https://yugioh-fm-db.pages.dev/cards/250
24,High Mage Anubisius,140,257,Stone Armadiller,0.20%,https://yugioh-fm-db.pages.dev/cards/257
24,High Mage Anubisius,141,262,The Little Swordsman of Aile,0.20%,https://yugioh-fm-db.pages.dev/cards/262
24,High Mage Anubisius,142,280,Protector of the Throne,0.20%,https://yugioh-fm-db.pages.dev/cards/280
24,High Mage Anubisius,143,381,Toon Alligator,0.20%,https://yugioh-fm-db.pages.dev/cards/381
24,High Mage Anubisius,144,121,Sleeping Lion,0.20%,https://yugioh-fm-db.pages.dev/cards/121
24,High Mage Anubisius,145,141,Spiked Snail,0.20%,https://yugioh-fm-db.pages.dev/cards/141
24,High Mage Anubisius,146,172,Armaill,0.20%,https://yugioh-fm-db.pages.dev/cards/172
24,High Mage Anubisius,147,221,Kumootoko,0.20%,https://yugioh-fm-db.pages.dev/cards/221
24,High Mage Anubisius,148,263,Rock Ogre Grotto #2,0.20%,https://yugioh-fm-db.pages.dev/cards/263
24,High Mage Anubisius,149,296,One-eyed Shield Dragon,0.20%,https://yugioh-fm-db.pages.dev/cards/296
24,High Mage Anubisius,150,601,Tenderness,0.20%,https://yugioh-fm-db.pages.dev/cards/601
24,High Mage Anubisius,151,34,Saggi the Dark Clown,0.20%,https://yugioh-fm-db.pages.dev/cards/34
24,High Mage Anubisius,152,273,Ancient Tree of Enlightenment,0.20%,https://yugioh-fm-db.pages.dev/cards/273
24,High Mage Anubisius,153,288,Dark Artist,0.20%,https://yugioh-fm-db.pages.dev/cards/288
24,High Mage Anubisius,154,255,Prevent Rat,0.20%,https://yugioh-fm-db.pages.dev/cards/255
24,High Mage Anubisius,155,274,Green Phantom King,0.20%,https://yugioh-fm-db.pages.dev/cards/274
24,High Mage Anubisius,156,40,Dragon Piper,0.20%,https://yugioh-fm-db.pages.dev/cards/40
24,High Mage Anubisius,157,72,Cocoon of Evolution,0.20%,https://yugioh-fm-db.pages.dev/cards/72
24,High Mage Anubisius,158,304,Axe of Despair,1.17%,https://yugioh-fm-db.pages.dev/cards/304
24,High Mage Anubisius,159,305,Laser Cannon Armor,1.17%,https://yugioh-fm-db.pages.dev/cards/305
24,High Mage Anubisius,160,306,Insect Armor with Laser Cannon,1.17%,https://yugioh-fm-db.pages.dev/cards/306
24,High Mage Anubisius,161,308,Beast Fangs,3.52%,https://yugioh-fm-db.pages.dev/cards/308
24,High Mage Anubisius,162,310,Vile Germs,3.52%,https://yugioh-fm-db.pages.dev/cards/310
24,High Mage Anubisius,163,319,Mystical Moon,3.52%,https://yugioh-fm-db.pages.dev/cards/319
24,High Mage Anubisius,164,330,Forest,3.52%,https://yugioh-fm-db.pages.dev/cards/330
24,High Mage Anubisius,165,348,Swords of Revealing Light,1.17%,https://yugioh-fm-db.pages.dev/cards/348
24,High Mage Anubisius,166,672,Harpie's Feather Duster,1.17%,https://yugioh-fm-db.pages.dev/cards/672
24,High Mage Anubisius,167,678,Revival of Sennen Genjin,1.17%,https://yugioh-fm-db.pages.dev/cards/678
25,Mountain Mage,1,465,Punished Eagle,1.56%,https://yugioh-fm-db.pages.dev/cards/465
25,Mountain Mage,2,571,B. Dragon Jungle King,1.56%,https://yugioh-fm-db.pages.dev/cards/571
25,Mountain Mage,3,39,Curse of Dragon,1.56%,https://yugioh-fm-db.pages.dev/cards/39
25,Mountain Mage,4,383,Parrot Dragon,1.56%,https://yugioh-fm-db.pages.dev/cards/383
25,Mountain Mage,5,522,Monstrous Bird,1.56%,https://yugioh-fm-db.pages.dev/cards/522
25,Mountain Mage,6,424,Sky Dragon,1.56%,https://yugioh-fm-db.pages.dev/cards/424
25,Mountain Mage,7,458,Kaminari Attack,1.56%,https://yugioh-fm-db.pages.dev/cards/458
25,Mountain Mage,8,521,Skullbird,1.56%,https://yugioh-fm-db.pages.dev/cards/521
25,Mountain Mage,9,577,Crow Goblin,1.56%,https://yugioh-fm-db.pages.dev/cards/577
25,Mountain Mage,10,464,Wing Eagle,1.56%,https://yugioh-fm-db.pages.dev/cards/464
25,Mountain Mage,11,491,Peacock,1.56%,https://yugioh-fm-db.pages.dev/cards/491
25,Mountain Mage,12,555,Tyhone #2,1.56%,https://yugioh-fm-db.pages.dev/cards/555
25,Mountain Mage,13,94,Crawling Dragon,1.56%,https://yugioh-fm-db.pages.dev/cards/94
25,Mountain Mage,14,357,Yamadron,1.56%,https://yugioh-fm-db.pages.dev/cards/357
25,Mountain Mage,15,425,Thunder Dragon,1.56%,https://yugioh-fm-db.pages.dev/cards/425
25,Mountain Mage,16,636,Blue-winged Crown,1.56%,https://yugioh-fm-db.pages.dev/cards/636
25,Mountain Mage,17,466,Skull Red Bird,1.56%,https://yugioh-fm-db.pages.dev/cards/466
25,Mountain Mage,18,10,Blackland Fire Dragon,1.56%,https://yugioh-fm-db.pages.dev/cards/10
25,Mountain Mage,19,31,Koumori Dragon,1.56%,https://yugioh-fm-db.pages.dev/cards/31
25,Mountain Mage,20,125,Faith Bird,1.56%,https://yugioh-fm-db.pages.dev/cards/125
25,Mountain Mage,21,168,Darkfire Dragon,3.13%,https://yugioh-fm-db.pages.dev/cards/168
25,Mountain Mage,22,462,The Immortal of Thunder,1.56%,https://yugioh-fm-db.pages.dev/cards/462
25,Mountain Mage,23,581,Takuhee,1.56%,https://yugioh-fm-db.pages.dev/cards/581
25,Mountain Mage,24,7,Winged Dragon #1,1.56%,https://yugioh-fm-db.pages.dev/cards/7
25,Mountain Mage,25,117,Spirit of the Books,1.56%,https://yugioh-fm-db.pages.dev/cards/117
25,Mountain Mage,26,460,Bolt Escargot,1.56%,https://yugioh-fm-db.pages.dev/cards/460
25,Mountain Mage,27,62,Harpie Lady,1.56%,https://yugioh-fm-db.pages.dev/cards/62
25,Mountain Mage,28,272,Mavelus,1.56%,https://yugioh-fm-db.pages.dev/cards/272
25,Mountain Mage,29,595,Fiend Refrection #1,1.56%,https://yugioh-fm-db.pages.dev/cards/595
25,Mountain Mage,30,4,Baby Dragon,1.17%,https://yugioh-fm-db.pages.dev/cards/4
25,Mountain Mage,31,13,Tyhone,1.56%,https://yugioh-fm-db.pages.dev/cards/13
25,Mountain Mage,32,294,Dragoness the Wicked Knight,3.13%,https://yugioh-fm-db.pages.dev/cards/294
25,Mountain Mage,33,459,Tripwire Beast,1.56%,https://yugioh-fm-db.pages.dev/cards/459
25,Mountain Mage,34,468,Queen Bird,1.56%,https://yugioh-fm-db.pages.dev/cards/468
25,Mountain Mage,35,552,Winged Dragon #2,1.56%,https://yugioh-fm-db.pages.dev/cards/552
25,Mountain Mage,36,561,Lesser Dragon,1.56%,https://yugioh-fm-db.pages.dev/cards/561
25,Mountain Mage,37,186,Fiend Refrection #2,1.56%,https://yugioh-fm-db.pages.dev/cards/186
25,Mountain Mage,38,461,Bolt Penguin,1.56%,https://yugioh-fm-db.pages.dev/cards/461
25,Mountain Mage,39,603,Fairy Dragon,1.56%,https://yugioh-fm-db.pages.dev/cards/603
25,Mountain Mage,40,45,Oscillo Hero #2,1.17%,https://yugioh-fm-db.pages.dev/cards/45
25,Mountain Mage,41,122,Yamatano Dragon Scroll,1.56%,https://yugioh-fm-db.pages.dev/cards/122
25,Mountain Mage,42,298,Wicked Dragon with the Ersatz Head,1.56%,https://yugioh-fm-db.pages.dev/cards/298
25,Mountain Mage,43,538,Niwatori,1.56%,https://yugioh-fm-db.pages.dev/cards/538
25,Mountain Mage,44,610,Electric Lizard,1.56%,https://yugioh-fm-db.pages.dev/cards/610
25,Mountain Mage,45,300,Kurama,1.56%,https://yugioh-fm-db.pages.dev/cards/300
25,Mountain Mage,46,463,Electric Snake,1.56%,https://yugioh-fm-db.pages.dev/cards/463
25,Mountain Mage,47,604,Obese Marmot of Nefariousness,3.13%,https://yugioh-fm-db.pages.dev/cards/604
25,Mountain Mage,48,296,One-eyed Shield Dragon,1.56%,https://yugioh-fm-db.pages.dev/cards/296
25,Mountain Mage,49,320,Stop Defense,3.13%,https://yugioh-fm-db.pages.dev/cards/320
25,Mountain Mage,50,329,Dragon Capture Jar,5.86%,https://yugioh-fm-db.pages.dev/cards/329
25,Mountain Mage,51,332,Mountain,7.81%,https://yugioh-fm-db.pages.dev/cards/332
25,Mountain Mage,52,348,Swords of Revealing Light,1.95%,https://yugioh-fm-db.pages.dev/cards/348
25,Mountain Mage,53,691,Revived of Serpent Night Dragon,2.34%,https://yugioh-fm-db.pages.dev/cards/691
26,High Mage Atenza,1,713,Meteor B. Dragon,0.05%,https://yugioh-fm-db.pages.dev/cards/713
26,High Mage Atenza,2,217,B. Skull Dragon,1.56%,https://yugioh-fm-db.pages.dev/cards/217
26,High Mage Atenza,3,613,Twin-headed Thunder Dragon,1.56%,https://yugioh-fm-db.pages.dev/cards/613
26,High Mage Atenza,4,37,Gaia the Dragon Champion,1.56%,https://yugioh-fm-db.pages.dev/cards/37
26,High Mage Atenza,5,371,Sanga of the Thunder,1.56%,https://yugioh-fm-db.pages.dev/cards/371
26,High Mage Atenza,6,358,Seiyaryu,1.56%,https://yugioh-fm-db.pages.dev/cards/358
26,High Mage Atenza,7,69,Thousand Dragon,1.56%,https://yugioh-fm-db.pages.dev/cards/69
26,High Mage Atenza,8,706,Serpent Night Dragon,1.56%,https://yugioh-fm-db.pages.dev/cards/706
26,High Mage Atenza,9,427,Kaiser Dragon,1.56%,https://yugioh-fm-db.pages.dev/cards/427
26,High Mage Atenza,10,467,Crimson Sunbird,1.56%,https://yugioh-fm-db.pages.dev/cards/467
26,High Mage Atenza,11,711,Mikazukinoyaiba,1.56%,https://yugioh-fm-db.pages.dev/cards/711
26,High Mage Atenza,12,465,Punished Eagle,1.56%,https://yugioh-fm-db.pages.dev/cards/465
26,High Mage Atenza,13,571,B. Dragon Jungle King,1.56%,https://yugioh-fm-db.pages.dev/cards/571
26,High Mage Atenza,14,39,Curse of Dragon,1.56%,https://yugioh-fm-db.pages.dev/cards/39
26,High Mage Atenza,15,383,Parrot Dragon,1.56%,https://yugioh-fm-db.pages.dev/cards/383
26,High Mage Atenza,16,386,Harpie's Pet Dragon,1.56%,https://yugioh-fm-db.pages.dev/cards/386
26,High Mage Atenza,17,522,Monstrous Bird,1.56%,https://yugioh-fm-db.pages.dev/cards/522
26,High Mage Atenza,18,551,Dark Elf,0.29%,https://yugioh-fm-db.pages.dev/cards/551
26,High Mage Atenza,19,63,Harpie Lady Sisters,1.56%,https://yugioh-fm-db.pages.dev/cards/63
26,High Mage Atenza,20,424,Sky Dragon,1.56%,https://yugioh-fm-db.pages.dev/cards/424
26,High Mage Atenza,21,458,Kaminari Attack,1.56%,https://yugioh-fm-db.pages.dev/cards/458
26,High Mage Atenza,22,521,Skullbird,1.56%,https://yugioh-fm-db.pages.dev/cards/521
26,High Mage Atenza,23,532,Gemini Elf,0.29%,https://yugioh-fm-db.pages.dev/cards/532
26,High Mage Atenza,24,415,Mechanicalchacer,0.59%,https://yugioh-fm-db.pages.dev/cards/415
26,High Mage Atenza,25,577,Crow Goblin,1.56%,https://yugioh-fm-db.pages.dev/cards/577
26,High Mage Atenza,26,379,La Jinn the Mystical Genie,0.29%,https://yugioh-fm-db.pages.dev/cards/379
26,High Mage Atenza,27,440,7 Colored Fish,0.59%,https://yugioh-fm-db.pages.dev/cards/440
26,High Mage Atenza,28,447,Giant Red Seasnake,0.59%,https://yugioh-fm-db.pages.dev/cards/447
26,High Mage Atenza,29,464,Wing Eagle,1.56%,https://yugioh-fm-db.pages.dev/cards/464
26,High Mage Atenza,30,523,The Bistro Butcher,0.29%,https://yugioh-fm-db.pages.dev/cards/523
26,High Mage Atenza,31,712,Meteor Dragon,0.05%,https://yugioh-fm-db.pages.dev/cards/712
26,High Mage Atenza,32,26,Battle Ox,0.59%,https://yugioh-fm-db.pages.dev/cards/26
26,High Mage Atenza,33,491,Peacock,1.56%,https://yugioh-fm-db.pages.dev/cards/491
26,High Mage Atenza,34,555,Tyhone #2,0.59%,https://yugioh-fm-db.pages.dev/cards/555
26,High Mage Atenza,35,32,Two-headed King Rex,0.29%,https://yugioh-fm-db.pages.dev/cards/32
26,High Mage Atenza,36,44,Rogue Doll,0.59%,https://yugioh-fm-db.pages.dev/cards/44
26,High Mage Atenza,37,60,Great White,0.29%,https://yugioh-fm-db.pages.dev/cards/60
26,High Mage Atenza,38,81,Crawling Dragon #2,0.29%,https://yugioh-fm-db.pages.dev/cards/81
26,High Mage Atenza,39,94,Crawling Dragon,1.56%,https://yugioh-fm-db.pages.dev/cards/94
26,High Mage Atenza,40,234,Beautiful Headhuntress,0.29%,https://yugioh-fm-db.pages.dev/cards/234
26,High Mage Atenza,41,377,Ryu-kishin Powered,0.29%,https://yugioh-fm-db.pages.dev/cards/377
26,High Mage Atenza,42,425,Thunder Dragon,1.56%,https://yugioh-fm-db.pages.dev/cards/425
26,High Mage Atenza,43,507,Crazy Fish,0.29%,https://yugioh-fm-db.pages.dev/cards/507
26,High Mage Atenza,44,596,Ghoul with an Appetite,0.29%,https://yugioh-fm-db.pages.dev/cards/596
26,High Mage Atenza,45,625,Fairy of the Fountain,0.59%,https://yugioh-fm-db.pages.dev/cards/625
26,High Mage Atenza,46,636,Blue-winged Crown,0.59%,https://yugioh-fm-db.pages.dev/cards/636
26,High Mage Atenza,47,466,Skull Red Bird,0.59%,https://yugioh-fm-db.pages.dev/cards/466
26,High Mage Atenza,48,10,Blackland Fire Dragon,0.59%,https://yugioh-fm-db.pages.dev/cards/10
26,High Mage Atenza,49,31,Koumori Dragon,0.59%,https://yugioh-fm-db.pages.dev/cards/31
26,High Mage Atenza,50,36,The Snake Hair,0.59%,https://yugioh-fm-db.pages.dev/cards/36
26,High Mage Atenza,51,43,Karbonala Warrior,0.59%,https://yugioh-fm-db.pages.dev/cards/43
26,High Mage Atenza,52,51,Armored Lizard,0.59%,https://yugioh-fm-db.pages.dev/cards/51
26,High Mage Atenza,53,55,Giant Flea,0.59%,https://yugioh-fm-db.pages.dev/cards/55
26,High Mage Atenza,54,66,Kojikocy,0.59%,https://yugioh-fm-db.pages.dev/cards/66
26,High Mage Atenza,55,125,Faith Bird,0.59%,https://yugioh-fm-db.pages.dev/cards/125
26,High Mage Atenza,56,168,Darkfire Dragon,0.59%,https://yugioh-fm-db.pages.dev/cards/168
26,High Mage Atenza,57,230,Rare Fish,0.59%,https://yugioh-fm-db.pages.dev/cards/230
26,High Mage Atenza,58,275,Ground Attacker Bugroth,0.29%,https://yugioh-fm-db.pages.dev/cards/275
26,High Mage Atenza,59,281,Mystic Clown,0.29%,https://yugioh-fm-db.pages.dev/cards/281
26,High Mage Atenza,60,353,Takriminos,0.59%,https://yugioh-fm-db.pages.dev/cards/353
26,High Mage Atenza,61,454,Destroyer Golem,0.29%,https://yugioh-fm-db.pages.dev/cards/454
26,High Mage Atenza,62,462,The Immortal of Thunder,0.29%,https://yugioh-fm-db.pages.dev/cards/462
26,High Mage Atenza,63,597,Pale Beast,0.59%,https://yugioh-fm-db.pages.dev/cards/597
26,High Mage Atenza,64,631,Maiden of the Moonlight,0.29%,https://yugioh-fm-db.pages.dev/cards/631
26,High Mage Atenza,65,647,Hyosube,0.29%,https://yugioh-fm-db.pages.dev/cards/647
26,High Mage Atenza,66,433,Ancient Elf,0.29%,https://yugioh-fm-db.pages.dev/cards/433
26,High Mage Atenza,67,581,Takuhee,0.29%,https://yugioh-fm-db.pages.dev/cards/581
26,High Mage Atenza,68,649,Hibikime,0.29%,https://yugioh-fm-db.pages.dev/cards/649
26,High Mage Atenza,69,7,Winged Dragon #1,0.29%,https://yugioh-fm-db.pages.dev/cards/7
26,High Mage Atenza,70,41,Celtic Guardian,0.29%,https://yugioh-fm-db.pages.dev/cards/41
26,High Mage Atenza,71,117,Spirit of the Books,0.29%,https://yugioh-fm-db.pages.dev/cards/117
26,High Mage Atenza,72,136,Witty Phantom,0.29%,https://yugioh-fm-db.pages.dev/cards/136
26,High Mage Atenza,73,149,Lord of the Lamp,0.29%,https://yugioh-fm-db.pages.dev/cards/149
26,High Mage Atenza,74,249,Water Omotics,0.29%,https://yugioh-fm-db.pages.dev/cards/249
26,High Mage Atenza,75,297,Cyber Soldier of Darkworld,0.29%,https://yugioh-fm-db.pages.dev/cards/297
26,High Mage Atenza,76,352,Kanan the Swordmistress,0.29%,https://yugioh-fm-db.pages.dev/cards/352
26,High Mage Atenza,77,363,Fairy's Gift,0.29%,https://yugioh-fm-db.pages.dev/cards/363
26,High Mage Atenza,78,430,Water Magician,0.29%,https://yugioh-fm-db.pages.dev/cards/430
26,High Mage Atenza,79,460,Bolt Escargot,0.29%,https://yugioh-fm-db.pages.dev/cards/460
26,High Mage Atenza,80,511,Bean Soldier,0.29%,https://yugioh-fm-db.pages.dev/cards/511
26,High Mage Atenza,81,512,Cannon Soldier,0.29%,https://yugioh-fm-db.pages.dev/cards/512
26,High Mage Atenza,82,630,Ancient Lizard Warrior,0.29%,https://yugioh-fm-db.pages.dev/cards/630
26,High Mage Atenza,83,95,Crass Clown,0.29%,https://yugioh-fm-db.pages.dev/cards/95
26,High Mage Atenza,84,578,Leo Wizard,0.29%,https://yugioh-fm-db.pages.dev/cards/578
26,High Mage Atenza,85,6,Feral Imp,0.29%,https://yugioh-fm-db.pages.dev/cards/6
26,High Mage Atenza,86,62,Harpie Lady,0.29%,https://yugioh-fm-db.pages.dev/cards/62
26,High Mage Atenza,87,64,Tiger Axe,0.29%,https://yugioh-fm-db.pages.dev/cards/64
26,High Mage Atenza,88,77,Grappler,0.29%,https://yugioh-fm-db.pages.dev/cards/77
26,High Mage Atenza,89,115,Kamion Wizard,0.29%,https://yugioh-fm-db.pages.dev/cards/115
26,High Mage Atenza,90,163,Lisark,0.29%,https://yugioh-fm-db.pages.dev/cards/163
26,High Mage Atenza,91,233,Dark Titan of Terror,0.29%,https://yugioh-fm-db.pages.dev/cards/233
26,High Mage Atenza,92,272,Mavelus,0.10%,https://yugioh-fm-db.pages.dev/cards/272
26,High Mage Atenza,93,351,Yaranzo,0.29%,https://yugioh-fm-db.pages.dev/cards/351
26,High Mage Atenza,94,456,Minomushi Warrior,0.29%,https://yugioh-fm-db.pages.dev/cards/456
26,High Mage Atenza,95,470,Magical Ghost,0.29%,https://yugioh-fm-db.pages.dev/cards/470
26,High Mage Atenza,96,502,D. Human,0.29%,https://yugioh-fm-db.pages.dev/cards/502
26,High Mage Atenza,97,587,Mon Larvas,0.29%,https://yugioh-fm-db.pages.dev/cards/587
26,High Mage Atenza,98,595,Fiend Refrection #1,0.29%,https://yugioh-fm-db.pages.dev/cards/595
26,High Mage Atenza,99,608,Shining Friendship,0.29%,https://yugioh-fm-db.pages.dev/cards/608
26,High Mage Atenza,100,626,Amazon of the Seas,0.29%,https://yugioh-fm-db.pages.dev/cards/626
26,High Mage Atenza,101,607,Great Bill,0.29%,https://yugioh-fm-db.pages.dev/cards/607
26,High Mage Atenza,102,13,Tyhone,0.29%,https://yugioh-fm-db.pages.dev/cards/13
26,High Mage Atenza,103,27,Beaver Warrior,0.29%,https://yugioh-fm-db.pages.dev/cards/27
26,High Mage Atenza,104,46,Griffore,0.29%,https://yugioh-fm-db.pages.dev/cards/46
26,High Mage Atenza,105,47,Torike,0.59%,https://yugioh-fm-db.pages.dev/cards/47
26,High Mage Atenza,106,49,Big Insect,0.29%,https://yugioh-fm-db.pages.dev/cards/49
26,High Mage Atenza,107,54,Gokibore,0.29%,https://yugioh-fm-db.pages.dev/cards/54
26,High Mage Atenza,108,70,Fiend Kraken,0.29%,https://yugioh-fm-db.pages.dev/cards/70
26,High Mage Atenza,109,71,Jellyfish,0.29%,https://yugioh-fm-db.pages.dev/cards/71
26,High Mage Atenza,110,151,Rhaimundos of the Red Sword,0.29%,https://yugioh-fm-db.pages.dev/cards/151
26,High Mage Atenza,111,194,Terra the Terrible,0.29%,https://yugioh-fm-db.pages.dev/cards/194
26,High Mage Atenza,112,216,Dryad,0.29%,https://yugioh-fm-db.pages.dev/cards/216
26,High Mage Atenza,113,241,Dark Assailant,0.29%,https://yugioh-fm-db.pages.dev/cards/241
26,High Mage Atenza,114,287,Ogre of the Black Shadow,0.29%,https://yugioh-fm-db.pages.dev/cards/287
26,High Mage Atenza,115,412,Giga-tech Wolf,0.29%,https://yugioh-fm-db.pages.dev/cards/412
26,High Mage Atenza,116,459,Tripwire Beast,0.29%,https://yugioh-fm-db.pages.dev/cards/459
26,High Mage Atenza,117,468,Queen Bird,1.56%,https://yugioh-fm-db.pages.dev/cards/468
26,High Mage Atenza,118,552,Winged Dragon #2,0.20%,https://yugioh-fm-db.pages.dev/cards/552
26,High Mage Atenza,119,561,Lesser Dragon,0.29%,https://yugioh-fm-db.pages.dev/cards/561
26,High Mage Atenza,120,623,The Thing That Hides in the Mud,0.29%,https://yugioh-fm-db.pages.dev/cards/623
26,High Mage Atenza,121,535,Kamakiriman,0.29%,https://yugioh-fm-db.pages.dev/cards/535
26,High Mage Atenza,122,634,Night Lizard,0.29%,https://yugioh-fm-db.pages.dev/cards/634
26,High Mage Atenza,123,186,Fiend Refrection #2,0.29%,https://yugioh-fm-db.pages.dev/cards/186
26,High Mage Atenza,124,384,Dark Rabbit,0.29%,https://yugioh-fm-db.pages.dev/cards/384
26,High Mage Atenza,125,474,Sea Kamen,0.29%,https://yugioh-fm-db.pages.dev/cards/474
26,High Mage Atenza,126,515,The Statue of Easter Island,0.29%,https://yugioh-fm-db.pages.dev/cards/515
26,High Mage Atenza,127,603,Fairy Dragon,0.29%,https://yugioh-fm-db.pages.dev/cards/603
26,High Mage Atenza,128,166,Mysterious Puppeteer,0.29%,https://yugioh-fm-db.pages.dev/cards/166
26,High Mage Atenza,129,193,Turtle Tiger,0.29%,https://yugioh-fm-db.pages.dev/cards/193
26,High Mage Atenza,130,583,Weather Report,0.05%,https://yugioh-fm-db.pages.dev/cards/583
26,High Mage Atenza,131,418,Golgoil,0.05%,https://yugioh-fm-db.pages.dev/cards/418
26,High Mage Atenza,132,497,Yado Karu,0.05%,https://yugioh-fm-db.pages.dev/cards/497
26,High Mage Atenza,133,416,Blocker,0.05%,https://yugioh-fm-db.pages.dev/cards/416
26,High Mage Atenza,134,2,Mystical Elf,0.05%,https://yugioh-fm-db.pages.dev/cards/2
26,High Mage Atenza,135,170,Spirit of the Harp,0.05%,https://yugioh-fm-db.pages.dev/cards/170
26,High Mage Atenza,136,381,Toon Alligator,0.05%,https://yugioh-fm-db.pages.dev/cards/381
26,High Mage Atenza,137,121,Sleeping Lion,0.05%,https://yugioh-fm-db.pages.dev/cards/121
26,High Mage Atenza,138,296,One-eyed Shield Dragon,0.05%,https://yugioh-fm-db.pages.dev/cards/296
26,High Mage Atenza,139,255,Prevent Rat,0.05%,https://yugioh-fm-db.pages.dev/cards/255
26,High Mage Atenza,140,315,Dragon Treasure,2.34%,https://yugioh-fm-db.pages.dev/cards/315
26,High Mage Atenza,141,318,Elegant Egotist,1.95%,https://yugioh-fm-db.pages.dev/cards/318
26,High Mage Atenza,142,324,Invigoration,2.34%,https://yugioh-fm-db.pages.dev/cards/324
26,High Mage Atenza,143,327,Follow Wind,3.52%,https://yugioh-fm-db.pages.dev/cards/327
26,High Mage Atenza,144,332,Mountain,3.52%,https://yugioh-fm-db.pages.dev/cards/332
26,High Mage Atenza,145,337,Raigeki,2.34%,https://yugioh-fm-db.pages.dev/cards/337
26,High Mage Atenza,146,348,Swords of Revealing Light,1.95%,https://yugioh-fm-db.pages.dev/cards/348
26,High Mage Atenza,147,669,Shadow Spell,2.34%,https://yugioh-fm-db.pages.dev/cards/669
26,High Mage Atenza,148,672,Harpie's Feather Duster,2.34%,https://yugioh-fm-db.pages.dev/cards/672
26,High Mage Atenza,149,680,Curse of Tri-Horned Dragon,0.39%,https://yugioh-fm-db.pages.dev/cards/680
27,Desert Mage,1,509,Bracchio-raidus,1.95%,https://yugioh-fm-db.pages.dev/cards/509
27,Desert Mage,2,564,Great Mammoth of Goldfine,1.95%,https://yugioh-fm-db.pages.dev/cards/564
27,Desert Mage,3,531,Mystical Sand,1.95%,https://yugioh-fm-db.pages.dev/cards/531
27,Desert Mage,4,482,Pragtical,1.95%,https://yugioh-fm-db.pages.dev/cards/482
27,Desert Mage,5,79,Megazowler,1.95%,https://yugioh-fm-db.pages.dev/cards/79
27,Desert Mage,6,99,Pumpking the King of Ghosts,1.95%,https://yugioh-fm-db.pages.dev/cards/99
27,Desert Mage,7,11,Sword Arm of Dragon,1.95%,https://yugioh-fm-db.pages.dev/cards/11
27,Desert Mage,8,545,Skelgon,1.95%,https://yugioh-fm-db.pages.dev/cards/545
27,Desert Mage,9,32,Two-headed King Rex,1.95%,https://yugioh-fm-db.pages.dev/cards/32
27,Desert Mage,10,81,Crawling Dragon #2,1.95%,https://yugioh-fm-db.pages.dev/cards/81
27,Desert Mage,11,97,Dragon Zombie,1.95%,https://yugioh-fm-db.pages.dev/cards/97
27,Desert Mage,12,368,Shadow Ghoul,1.95%,https://yugioh-fm-db.pages.dev/cards/368
27,Desert Mage,13,596,Ghoul with an Appetite,1.95%,https://yugioh-fm-db.pages.dev/cards/596
27,Desert Mage,14,632,Stone Ogre Grotto,1.95%,https://yugioh-fm-db.pages.dev/cards/632
27,Desert Mage,15,36,The Snake Hair,1.95%,https://yugioh-fm-db.pages.dev/cards/36
27,Desert Mage,16,80,Uraby,1.95%,https://yugioh-fm-db.pages.dev/cards/80
27,Desert Mage,17,96,Armored Zombie,1.95%,https://yugioh-fm-db.pages.dev/cards/96
27,Desert Mage,18,454,Destroyer Golem,1.95%,https://yugioh-fm-db.pages.dev/cards/454
27,Desert Mage,19,74,Giant Soldier of Stone,0.98%,https://yugioh-fm-db.pages.dev/cards/74
27,Desert Mage,20,351,Yaranzo,0.98%,https://yugioh-fm-db.pages.dev/cards/351
27,Desert Mage,21,456,Minomushi Warrior,0.98%,https://yugioh-fm-db.pages.dev/cards/456
27,Desert Mage,22,470,Magical Ghost,0.98%,https://yugioh-fm-db.pages.dev/cards/470
27,Desert Mage,23,517,Sand Stone,0.98%,https://yugioh-fm-db.pages.dev/cards/517
27,Desert Mage,24,570,Trakadon,0.98%,https://yugioh-fm-db.pages.dev/cards/570
27,Desert Mage,25,30,Zombie Warrior,0.98%,https://yugioh-fm-db.pages.dev/cards/30
27,Desert Mage,26,59,Mammoth Graveyard,0.98%,https://yugioh-fm-db.pages.dev/cards/59
27,Desert Mage,27,132,The 13th Grave,0.98%,https://yugioh-fm-db.pages.dev/cards/132
27,Desert Mage,28,241,Dark Assailant,0.98%,https://yugioh-fm-db.pages.dev/cards/241
27,Desert Mage,29,457,Stone Ghost,0.98%,https://yugioh-fm-db.pages.dev/cards/457
27,Desert Mage,30,623,The Thing That Hides in the Mud,0.98%,https://yugioh-fm-db.pages.dev/cards/623
27,Desert Mage,31,359,Three-legged Zombies,0.98%,https://yugioh-fm-db.pages.dev/cards/359
27,Desert Mage,32,515,The Statue of Easter Island,0.98%,https://yugioh-fm-db.pages.dev/cards/515
27,Desert Mage,33,539,Corroding Shark,0.98%,https://yugioh-fm-db.pages.dev/cards/539
27,Desert Mage,34,573,Little D,0.98%,https://yugioh-fm-db.pages.dev/cards/573
27,Desert Mage,35,215,Flame Ghost,0.98%,https://yugioh-fm-db.pages.dev/cards/215
27,Desert Mage,36,228,Wood Remains,0.98%,https://yugioh-fm-db.pages.dev/cards/228
27,Desert Mage,37,455,Barrel Rock,0.98%,https://yugioh-fm-db.pages.dev/cards/455
27,Desert Mage,38,568,Anthrosaurus,0.98%,https://yugioh-fm-db.pages.dev/cards/568
27,Desert Mage,39,139,Blue-eyed Silver Zombie,0.98%,https://yugioh-fm-db.pages.dev/cards/139
27,Desert Mage,40,146,Temple of Skulls,0.98%,https://yugioh-fm-db.pages.dev/cards/146
27,Desert Mage,41,153,Dokuroizo the Grim Reaper,0.98%,https://yugioh-fm-db.pages.dev/cards/153
27,Desert Mage,42,218,Two-mouth Darkruler,0.98%,https://yugioh-fm-db.pages.dev/cards/218
27,Desert Mage,43,244,Dissolverock,0.98%,https://yugioh-fm-db.pages.dev/cards/244
27,Desert Mage,44,28,Rock Ogre Grotto #1,0.98%,https://yugioh-fm-db.pages.dev/cards/28
27,Desert Mage,45,257,Stone Armadiller,0.98%,https://yugioh-fm-db.pages.dev/cards/257
27,Desert Mage,46,479,Cockroach Knight,0.98%,https://yugioh-fm-db.pages.dev/cards/479
27,Desert Mage,47,505,Prisman,0.98%,https://yugioh-fm-db.pages.dev/cards/505
27,Desert Mage,48,108,Graveyard and the Hand of Invitation,0.98%,https://yugioh-fm-db.pages.dev/cards/108
27,Desert Mage,49,263,Rock Ogre Grotto #2,0.98%,https://yugioh-fm-db.pages.dev/cards/263
27,Desert Mage,50,485,Korogashi,0.98%,https://yugioh-fm-db.pages.dev/cards/485
27,Desert Mage,51,331,Wasteland,7.81%,https://yugioh-fm-db.pages.dev/cards/331
27,Desert Mage,52,348,Swords of Revealing Light,2.34%,https://yugioh-fm-db.pages.dev/cards/348
27,Desert Mage,53,366,Labyrinth Wall,1.95%,https://yugioh-fm-db.pages.dev/cards/366
27,Desert Mage,54,656,Eternal Rest,6.25%,https://yugioh-fm-db.pages.dev/cards/656
27,Desert Mage,55,663,Breath of Light,6.25%,https://yugioh-fm-db.pages.dev/cards/663
27,Desert Mage,56,688,Bad Reaction to Simochi,2.93%,https://yugioh-fm-db.pages.dev/cards/688
27,Desert Mage,57,690,Fake Trap,2.93%,https://yugioh-fm-db.pages.dev/cards/690
27,Desert Mage,58,699,Revival of Skeleton Rider,3.13%,https://yugioh-fm-db.pages.dev/cards/699
28,High Mage Martis,1,391,Zoa,1.56%,https://yugioh-fm-db.pages.dev/cards/391
28,High Mage Martis,2,22,Summoned Skull,1.56%,https://yugioh-fm-db.pages.dev/cards/22
28,High Mage Martis,3,35,Dark Magician,1.56%,https://yugioh-fm-db.pages.dev/cards/35
28,High Mage Martis,4,372,Kazejin,1.56%,https://yugioh-fm-db.pages.dev/cards/372
28,High Mage Martis,5,385,Bickuribox,1.56%,https://yugioh-fm-db.pages.dev/cards/385
28,High Mage Martis,6,33,Judge Man,1.56%,https://yugioh-fm-db.pages.dev/cards/33
28,High Mage Martis,7,471,Soul Hunter,1.56%,https://yugioh-fm-db.pages.dev/cards/471
28,High Mage Martis,8,509,Bracchio-raidus,1.56%,https://yugioh-fm-db.pages.dev/cards/509
28,High Mage Martis,9,564,Great Mammoth of Goldfine,1.56%,https://yugioh-fm-db.pages.dev/cards/564
28,High Mage Martis,10,401,Ushi Oni,1.56%,https://yugioh-fm-db.pages.dev/cards/401
28,High Mage Martis,11,472,Air Eater,1.56%,https://yugioh-fm-db.pages.dev/cards/472
28,High Mage Martis,12,531,Mystical Sand,1.56%,https://yugioh-fm-db.pages.dev/cards/531
28,High Mage Martis,13,85,King of Yamimakai,0.59%,https://yugioh-fm-db.pages.dev/cards/85
28,High Mage Martis,14,92,Rabid Horseman,0.59%,https://yugioh-fm-db.pages.dev/cards/92
28,High Mage Martis,15,378,Swordstalker,1.56%,https://yugioh-fm-db.pages.dev/cards/378
28,High Mage Martis,16,426,Stone D.,1.56%,https://yugioh-fm-db.pages.dev/cards/426
28,High Mage Martis,17,453,Millennium Golem,1.56%,https://yugioh-fm-db.pages.dev/cards/453
28,High Mage Martis,18,500,Dragon Seeker,1.56%,https://yugioh-fm-db.pages.dev/cards/500
28,High Mage Martis,19,551,Dark Elf,0.59%,https://yugioh-fm-db.pages.dev/cards/551
28,High Mage Martis,20,482,Pragtical,1.56%,https://yugioh-fm-db.pages.dev/cards/482
28,High Mage Martis,21,532,Gemini Elf,0.59%,https://yugioh-fm-db.pages.dev/cards/532
28,High Mage Martis,22,719,Dokurorider,1.95%,https://yugioh-fm-db.pages.dev/cards/719
28,High Mage Martis,23,79,Megazowler,1.56%,https://yugioh-fm-db.pages.dev/cards/79
28,High Mage Martis,24,90,Gyakutenno Megami,1.56%,https://yugioh-fm-db.pages.dev/cards/90
28,High Mage Martis,25,99,Pumpking the King of Ghosts,1.17%,https://yugioh-fm-db.pages.dev/cards/99
28,High Mage Martis,26,379,La Jinn the Mystical Genie,0.59%,https://yugioh-fm-db.pages.dev/cards/379
28,High Mage Martis,27,523,The Bistro Butcher,0.59%,https://yugioh-fm-db.pages.dev/cards/523
28,High Mage Martis,28,11,Sword Arm of Dragon,1.56%,https://yugioh-fm-db.pages.dev/cards/11
28,High Mage Martis,29,495,Musician King,1.56%,https://yugioh-fm-db.pages.dev/cards/495
28,High Mage Martis,30,526,Neck Hunter,1.56%,https://yugioh-fm-db.pages.dev/cards/526
28,High Mage Martis,31,26,Battle Ox,0.59%,https://yugioh-fm-db.pages.dev/cards/26
28,High Mage Martis,32,106,Spirit of the Winds,0.59%,https://yugioh-fm-db.pages.dev/cards/106
28,High Mage Martis,33,204,Mabarrel,0.59%,https://yugioh-fm-db.pages.dev/cards/204
28,High Mage Martis,34,545,Skelgon,1.56%,https://yugioh-fm-db.pages.dev/cards/545
28,High Mage Martis,35,619,Rock Spirit,1.56%,https://yugioh-fm-db.pages.dev/cards/619
28,High Mage Martis,36,650,Whiptail Crow,1.56%,https://yugioh-fm-db.pages.dev/cards/650
28,High Mage Martis,37,87,Dark Chimera,0.59%,https://yugioh-fm-db.pages.dev/cards/87
28,High Mage Martis,38,32,Two-headed King Rex,1.17%,https://yugioh-fm-db.pages.dev/cards/32
28,High Mage Martis,39,44,Rogue Doll,0.59%,https://yugioh-fm-db.pages.dev/cards/44
28,High Mage Martis,40,81,Crawling Dragon #2,1.17%,https://yugioh-fm-db.pages.dev/cards/81
28,High Mage Martis,41,368,Shadow Ghoul,1.17%,https://yugioh-fm-db.pages.dev/cards/368
28,High Mage Martis,42,377,Ryu-kishin Powered,0.59%,https://yugioh-fm-db.pages.dev/cards/377
28,High Mage Martis,43,596,Ghoul with an Appetite,1.17%,https://yugioh-fm-db.pages.dev/cards/596
28,High Mage Martis,44,622,Ill Witch,1.56%,https://yugioh-fm-db.pages.dev/cards/622
28,High Mage Martis,45,632,Stone Ogre Grotto,1.56%,https://yugioh-fm-db.pages.dev/cards/632
28,High Mage Martis,46,493,Maha Vailo,0.59%,https://yugioh-fm-db.pages.dev/cards/493
28,High Mage Martis,47,498,Morinphen,0.59%,https://yugioh-fm-db.pages.dev/cards/498
28,High Mage Martis,48,36,The Snake Hair,1.17%,https://yugioh-fm-db.pages.dev/cards/36
28,High Mage Martis,49,80,Uraby,1.17%,https://yugioh-fm-db.pages.dev/cards/80
28,High Mage Martis,50,281,Mystic Clown,0.59%,https://yugioh-fm-db.pages.dev/cards/281
28,High Mage Martis,51,454,Destroyer Golem,1.17%,https://yugioh-fm-db.pages.dev/cards/454
28,High Mage Martis,52,631,Maiden of the Moonlight,0.59%,https://yugioh-fm-db.pages.dev/cards/631
28,High Mage Martis,53,433,Ancient Elf,0.39%,https://yugioh-fm-db.pages.dev/cards/433
28,High Mage Martis,54,23,The Wicked Worm Beast,0.39%,https://yugioh-fm-db.pages.dev/cards/23
28,High Mage Martis,55,136,Witty Phantom,0.39%,https://yugioh-fm-db.pages.dev/cards/136
28,High Mage Martis,56,149,Lord of the Lamp,0.39%,https://yugioh-fm-db.pages.dev/cards/149
28,High Mage Martis,57,363,Fairy's Gift,0.39%,https://yugioh-fm-db.pages.dev/cards/363
28,High Mage Martis,58,84,Reaper of the Cards,0.39%,https://yugioh-fm-db.pages.dev/cards/84
28,High Mage Martis,59,86,Barox,0.39%,https://yugioh-fm-db.pages.dev/cards/86
28,High Mage Martis,60,95,Crass Clown,0.39%,https://yugioh-fm-db.pages.dev/cards/95
28,High Mage Martis,61,578,Leo Wizard,0.39%,https://yugioh-fm-db.pages.dev/cards/578
28,High Mage Martis,62,6,Feral Imp,0.39%,https://yugioh-fm-db.pages.dev/cards/6
28,High Mage Martis,63,25,Horn Imp,0.39%,https://yugioh-fm-db.pages.dev/cards/25
28,High Mage Martis,64,74,Giant Soldier of Stone,0.39%,https://yugioh-fm-db.pages.dev/cards/74
28,High Mage Martis,65,77,Grappler,0.39%,https://yugioh-fm-db.pages.dev/cards/77
28,High Mage Martis,66,91,Mystic Horseman,0.39%,https://yugioh-fm-db.pages.dev/cards/91
28,High Mage Martis,67,115,Kamion Wizard,0.39%,https://yugioh-fm-db.pages.dev/cards/115
28,High Mage Martis,68,119,Trial of Nightmares,0.39%,https://yugioh-fm-db.pages.dev/cards/119
28,High Mage Martis,69,164,Lord of Zemia,0.39%,https://yugioh-fm-db.pages.dev/cards/164
28,High Mage Martis,70,233,Dark Titan of Terror,0.39%,https://yugioh-fm-db.pages.dev/cards/233
28,High Mage Martis,71,351,Yaranzo,0.39%,https://yugioh-fm-db.pages.dev/cards/351
28,High Mage Martis,72,456,Minomushi Warrior,0.39%,https://yugioh-fm-db.pages.dev/cards/456
28,High Mage Martis,73,470,Magical Ghost,0.39%,https://yugioh-fm-db.pages.dev/cards/470
28,High Mage Martis,74,517,Sand Stone,0.39%,https://yugioh-fm-db.pages.dev/cards/517
28,High Mage Martis,75,525,Spirit of the Mountain,0.39%,https://yugioh-fm-db.pages.dev/cards/525
28,High Mage Martis,76,570,Trakadon,0.39%,https://yugioh-fm-db.pages.dev/cards/570
28,High Mage Martis,77,162,Tainted Wisdom,0.39%,https://yugioh-fm-db.pages.dev/cards/162
28,High Mage Martis,78,3,Hitotsu-me Giant,0.39%,https://yugioh-fm-db.pages.dev/cards/3
28,High Mage Martis,79,30,Zombie Warrior,0.39%,https://yugioh-fm-db.pages.dev/cards/30
28,High Mage Martis,80,42,Illusionist Faceless Mage,0.39%,https://yugioh-fm-db.pages.dev/cards/42
28,High Mage Martis,81,59,Mammoth Graveyard,0.39%,https://yugioh-fm-db.pages.dev/cards/59
28,High Mage Martis,82,112,That Which Feeds on Life,0.39%,https://yugioh-fm-db.pages.dev/cards/112
28,High Mage Martis,83,128,LaMoon,0.39%,https://yugioh-fm-db.pages.dev/cards/128
28,High Mage Martis,84,132,The 13th Grave,0.39%,https://yugioh-fm-db.pages.dev/cards/132
28,High Mage Martis,85,169,Dark King of the Abyss,0.39%,https://yugioh-fm-db.pages.dev/cards/169
28,High Mage Martis,86,171,Big Eye,0.39%,https://yugioh-fm-db.pages.dev/cards/171
28,High Mage Martis,87,194,Terra the Terrible,0.39%,https://yugioh-fm-db.pages.dev/cards/194
28,High Mage Martis,88,213,Aqua Madoor,0.39%,https://yugioh-fm-db.pages.dev/cards/213
28,High Mage Martis,89,216,Dryad,0.39%,https://yugioh-fm-db.pages.dev/cards/216
28,High Mage Martis,90,241,Dark Assailant,0.39%,https://yugioh-fm-db.pages.dev/cards/241
28,High Mage Martis,91,284,Tao the Chanter,0.39%,https://yugioh-fm-db.pages.dev/cards/284
28,High Mage Martis,92,457,Stone Ghost,0.39%,https://yugioh-fm-db.pages.dev/cards/457
28,High Mage Martis,93,623,The Thing That Hides in the Mud,0.39%,https://yugioh-fm-db.pages.dev/cards/623
28,High Mage Martis,94,88,Metal Guardian,0.39%,https://yugioh-fm-db.pages.dev/cards/88
28,High Mage Martis,95,269,Versago the Destroyer,0.39%,https://yugioh-fm-db.pages.dev/cards/269
28,High Mage Martis,96,515,The Statue of Easter Island,0.39%,https://yugioh-fm-db.pages.dev/cards/515
28,High Mage Martis,97,574,Witch of the Black Forest,0.39%,https://yugioh-fm-db.pages.dev/cards/574
28,High Mage Martis,98,600,Key Mace #2,0.39%,https://yugioh-fm-db.pages.dev/cards/600
28,High Mage Martis,99,181,Dark Shade,0.39%,https://yugioh-fm-db.pages.dev/cards/181
28,High Mage Martis,100,259,Ancient Sorcerer,0.39%,https://yugioh-fm-db.pages.dev/cards/259
28,High Mage Martis,101,455,Barrel Rock,0.39%,https://yugioh-fm-db.pages.dev/cards/455
28,High Mage Martis,102,560,Invader from Another Dimension,0.10%,https://yugioh-fm-db.pages.dev/cards/560
28,High Mage Martis,103,83,Castle of Dark Illusions,0.10%,https://yugioh-fm-db.pages.dev/cards/83
28,High Mage Martis,104,146,Temple of Skulls,0.10%,https://yugioh-fm-db.pages.dev/cards/146
28,High Mage Martis,105,153,Dokuroizo the Grim Reaper,0.10%,https://yugioh-fm-db.pages.dev/cards/153
28,High Mage Martis,106,220,Masked Sorcerer,0.10%,https://yugioh-fm-db.pages.dev/cards/220
28,High Mage Martis,107,2,Mystical Elf,0.10%,https://yugioh-fm-db.pages.dev/cards/2
28,High Mage Martis,108,28,Rock Ogre Grotto #1,0.10%,https://yugioh-fm-db.pages.dev/cards/28
28,High Mage Martis,109,103,Job-change Mirror,0.10%,https://yugioh-fm-db.pages.dev/cards/103
28,High Mage Martis,110,257,Stone Armadiller,0.10%,https://yugioh-fm-db.pages.dev/cards/257
28,High Mage Martis,111,263,Rock Ogre Grotto #2,0.10%,https://yugioh-fm-db.pages.dev/cards/263
28,High Mage Martis,112,34,Saggi the Dark Clown,0.10%,https://yugioh-fm-db.pages.dev/cards/34
28,High Mage Martis,113,288,Dark Artist,0.10%,https://yugioh-fm-db.pages.dev/cards/288
28,High Mage Martis,114,322,Violet Crystal,3.52%,https://yugioh-fm-db.pages.dev/cards/322
28,High Mage Martis,115,324,Invigoration,2.34%,https://yugioh-fm-db.pages.dev/cards/324
28,High Mage Martis,116,326,Raise Body Heat,2.34%,https://yugioh-fm-db.pages.dev/cards/326
28,High Mage Martis,117,331,Wasteland,3.13%,https://yugioh-fm-db.pages.dev/cards/331
28,High Mage Martis,118,342,Dian Keto the Cure Master,1.95%,https://yugioh-fm-db.pages.dev/cards/342
28,High Mage Martis,119,366,Labyrinth Wall,1.56%,https://yugioh-fm-db.pages.dev/cards/366
28,High Mage Martis,120,672,Harpie's Feather Duster,1.95%,https://yugioh-fm-db.pages.dev/cards/672
30,High Mage Kepura,1,374,Gate Guardian,3.13%,https://yugioh-fm-db.pages.dev/cards/374
30,High Mage Kepura,2,217,B. Skull Dragon,3.13%,https://yugioh-fm-db.pages.dev/cards/217
30,High Mage Kepura,3,37,Gaia the Dragon Champion,3.13%,https://yugioh-fm-db.pages.dev/cards/37
30,High Mage Kepura,4,358,Seiyaryu,3.13%,https://yugioh-fm-db.pages.dev/cards/358
30,High Mage Kepura,5,69,Thousand Dragon,1.56%,https://yugioh-fm-db.pages.dev/cards/69
30,High Mage Kepura,6,82,Red-eyes B. Dragon,1.56%,https://yugioh-fm-db.pages.dev/cards/82
30,High Mage Kepura,7,38,Gaia the Fierce Knight,1.56%,https://yugioh-fm-db.pages.dev/cards/38
30,High Mage Kepura,8,427,Kaiser Dragon,1.56%,https://yugioh-fm-db.pages.dev/cards/427
30,High Mage Kepura,9,33,Judge Man,0.78%,https://yugioh-fm-db.pages.dev/cards/33
30,High Mage Kepura,10,565,Man-eating Black Shark,0.39%,https://yugioh-fm-db.pages.dev/cards/565
30,High Mage Kepura,11,571,B. Dragon Jungle King,0.78%,https://yugioh-fm-db.pages.dev/cards/571
30,High Mage Kepura,12,572,Empress Judge,0.78%,https://yugioh-fm-db.pages.dev/cards/572
30,High Mage Kepura,13,39,Curse of Dragon,0.39%,https://yugioh-fm-db.pages.dev/cards/39
30,High Mage Kepura,14,85,King of Yamimakai,0.39%,https://yugioh-fm-db.pages.dev/cards/85
30,High Mage Kepura,15,92,Rabid Horseman,0.78%,https://yugioh-fm-db.pages.dev/cards/92
30,High Mage Kepura,16,378,Swordstalker,0.78%,https://yugioh-fm-db.pages.dev/cards/378
30,High Mage Kepura,17,383,Parrot Dragon,0.39%,https://yugioh-fm-db.pages.dev/cards/383
30,High Mage Kepura,18,386,Harpie's Pet Dragon,1.56%,https://yugioh-fm-db.pages.dev/cards/386
30,High Mage Kepura,19,701,Performance of Sword,0.78%,https://yugioh-fm-db.pages.dev/cards/701
30,High Mage Kepura,20,424,Sky Dragon,0.78%,https://yugioh-fm-db.pages.dev/cards/424
30,High Mage Kepura,21,437,Deepsea Shark,0.39%,https://yugioh-fm-db.pages.dev/cards/437
30,High Mage Kepura,22,458,Kaminari Attack,0.39%,https://yugioh-fm-db.pages.dev/cards/458
30,High Mage Kepura,23,473,Vermillion Sparrow,0.39%,https://yugioh-fm-db.pages.dev/cards/473
30,High Mage Kepura,24,482,Pragtical,0.39%,https://yugioh-fm-db.pages.dev/cards/482
30,High Mage Kepura,25,520,Turtle Bird,0.78%,https://yugioh-fm-db.pages.dev/cards/520
30,High Mage Kepura,26,521,Skullbird,0.78%,https://yugioh-fm-db.pages.dev/cards/521
30,High Mage Kepura,27,533,Kwagar Hercules,0.78%,https://yugioh-fm-db.pages.dev/cards/533
30,High Mage Kepura,28,618,Warrior of Tradition,0.78%,https://yugioh-fm-db.pages.dev/cards/618
30,High Mage Kepura,29,627,Nekogal #2,0.78%,https://yugioh-fm-db.pages.dev/cards/627
30,High Mage Kepura,30,389,Giltia the D. Knight,0.39%,https://yugioh-fm-db.pages.dev/cards/389
30,High Mage Kepura,31,409,Metal Dragon,0.39%,https://yugioh-fm-db.pages.dev/cards/409
30,High Mage Kepura,32,577,Crow Goblin,0.39%,https://yugioh-fm-db.pages.dev/cards/577
30,High Mage Kepura,33,639,Amphibious Bugroth,0.39%,https://yugioh-fm-db.pages.dev/cards/639
30,High Mage Kepura,34,12,Swamp Battleguard,0.39%,https://yugioh-fm-db.pages.dev/cards/12
30,High Mage Kepura,35,14,Battle Steer,0.39%,https://yugioh-fm-db.pages.dev/cards/14
30,High Mage Kepura,36,15,Flame Swordsman,0.39%,https://yugioh-fm-db.pages.dev/cards/15
30,High Mage Kepura,37,68,Garoozis,0.39%,https://yugioh-fm-db.pages.dev/cards/68
30,High Mage Kepura,38,73,Kairyu-shin,0.39%,https://yugioh-fm-db.pages.dev/cards/73
30,High Mage Kepura,39,90,Gyakutenno Megami,0.78%,https://yugioh-fm-db.pages.dev/cards/90
30,High Mage Kepura,40,126,Orion the Battle King,0.39%,https://yugioh-fm-db.pages.dev/cards/126
30,High Mage Kepura,41,375,Dungeon Worm,0.39%,https://yugioh-fm-db.pages.dev/cards/375
30,High Mage Kepura,42,376,Monster Tamer,0.39%,https://yugioh-fm-db.pages.dev/cards/376
30,High Mage Kepura,43,379,La Jinn the Mystical Genie,0.05%,https://yugioh-fm-db.pages.dev/cards/379
30,High Mage Kepura,44,382,Rude Kaiser,0.39%,https://yugioh-fm-db.pages.dev/cards/382
30,High Mage Kepura,45,400,Emperor of the Land and Sea,0.39%,https://yugioh-fm-db.pages.dev/cards/400
30,High Mage Kepura,46,441,Mech Bass,0.39%,https://yugioh-fm-db.pages.dev/cards/441
30,High Mage Kepura,47,464,Wing Eagle,0.39%,https://yugioh-fm-db.pages.dev/cards/464
30,High Mage Kepura,48,487,Flower Wolf,0.39%,https://yugioh-fm-db.pages.dev/cards/487
30,High Mage Kepura,49,508,Cyber Saurus,0.39%,https://yugioh-fm-db.pages.dev/cards/508
30,High Mage Kepura,50,582,Dark Witch,0.39%,https://yugioh-fm-db.pages.dev/cards/582
30,High Mage Kepura,51,638,Queen of Autumn Leaves,0.39%,https://yugioh-fm-db.pages.dev/cards/638
30,High Mage Kepura,52,403,Leogun,0.39%,https://yugioh-fm-db.pages.dev/cards/403
30,High Mage Kepura,53,434,Beautiful Beast Trainer,0.39%,https://yugioh-fm-db.pages.dev/cards/434
30,High Mage Kepura,54,495,Musician King,0.39%,https://yugioh-fm-db.pages.dev/cards/495
30,High Mage Kepura,55,26,Battle Ox,0.05%,https://yugioh-fm-db.pages.dev/cards/26
30,High Mage Kepura,56,78,Axe Raider,0.05%,https://yugioh-fm-db.pages.dev/cards/78
30,High Mage Kepura,57,106,Spirit of the Winds,0.39%,https://yugioh-fm-db.pages.dev/cards/106
30,High Mage Kepura,58,124,Ancient Tool,0.39%,https://yugioh-fm-db.pages.dev/cards/124
30,High Mage Kepura,59,127,Ansatsu,0.05%,https://yugioh-fm-db.pages.dev/cards/127
30,High Mage Kepura,60,150,Akihiron,0.39%,https://yugioh-fm-db.pages.dev/cards/150
30,High Mage Kepura,61,204,Mabarrel,0.39%,https://yugioh-fm-db.pages.dev/cards/204
30,High Mage Kepura,62,419,Giganto,0.39%,https://yugioh-fm-db.pages.dev/cards/419
30,High Mage Kepura,63,491,Peacock,0.39%,https://yugioh-fm-db.pages.dev/cards/491
30,High Mage Kepura,64,545,Skelgon,0.78%,https://yugioh-fm-db.pages.dev/cards/545
30,High Mage Kepura,65,555,Tyhone #2,0.78%,https://yugioh-fm-db.pages.dev/cards/555
30,High Mage Kepura,66,617,Marine Beast,0.39%,https://yugioh-fm-db.pages.dev/cards/617
30,High Mage Kepura,67,423,Dice Armadillo,0.39%,https://yugioh-fm-db.pages.dev/cards/423
30,High Mage Kepura,68,439,Bottom Dweller,0.39%,https://yugioh-fm-db.pages.dev/cards/439
30,High Mage Kepura,69,513,Guardian of the Throne Room,0.39%,https://yugioh-fm-db.pages.dev/cards/513
30,High Mage Kepura,70,619,Rock Spirit,0.39%,https://yugioh-fm-db.pages.dev/cards/619
30,High Mage Kepura,71,621,Succubus Knight,0.05%,https://yugioh-fm-db.pages.dev/cards/621
30,High Mage Kepura,72,650,Whiptail Crow,0.39%,https://yugioh-fm-db.pages.dev/cards/650
30,High Mage Kepura,73,87,Dark Chimera,0.39%,https://yugioh-fm-db.pages.dev/cards/87
30,High Mage Kepura,74,94,Crawling Dragon,0.39%,https://yugioh-fm-db.pages.dev/cards/94
30,High Mage Kepura,75,111,Doma The Angel of Silence,0.39%,https://yugioh-fm-db.pages.dev/cards/111
30,High Mage Kepura,76,131,Octoberser,0.39%,https://yugioh-fm-db.pages.dev/cards/131
30,High Mage Kepura,77,234,Beautiful Headhuntress,0.05%,https://yugioh-fm-db.pages.dev/cards/234
30,High Mage Kepura,78,369,Wall Shadow,3.13%,https://yugioh-fm-db.pages.dev/cards/369
30,High Mage Kepura,79,377,Ryu-kishin Powered,0.05%,https://yugioh-fm-db.pages.dev/cards/377
30,High Mage Kepura,80,425,Thunder Dragon,0.39%,https://yugioh-fm-db.pages.dev/cards/425
30,High Mage Kepura,81,438,Metal Fish,0.39%,https://yugioh-fm-db.pages.dev/cards/438
30,High Mage Kepura,82,519,Fire Kraken,0.39%,https://yugioh-fm-db.pages.dev/cards/519
30,High Mage Kepura,83,528,Togex,0.39%,https://yugioh-fm-db.pages.dev/cards/528
30,High Mage Kepura,84,614,Hunter Spider,0.39%,https://yugioh-fm-db.pages.dev/cards/614
30,High Mage Kepura,85,622,Ill Witch,0.39%,https://yugioh-fm-db.pages.dev/cards/622
30,High Mage Kepura,86,632,Stone Ogre Grotto,0.39%,https://yugioh-fm-db.pages.dev/cards/632
30,High Mage Kepura,87,396,Ocubeam,0.39%,https://yugioh-fm-db.pages.dev/cards/396
30,High Mage Kepura,88,494,Rainbow Marine Mermaid,0.39%,https://yugioh-fm-db.pages.dev/cards/494
30,High Mage Kepura,89,554,Lava Battleguard,0.39%,https://yugioh-fm-db.pages.dev/cards/554
30,High Mage Kepura,90,10,Blackland Fire Dragon,0.05%,https://yugioh-fm-db.pages.dev/cards/10
30,High Mage Kepura,91,31,Koumori Dragon,0.05%,https://yugioh-fm-db.pages.dev/cards/31
30,High Mage Kepura,92,43,Karbonala Warrior,0.05%,https://yugioh-fm-db.pages.dev/cards/43
30,High Mage Kepura,93,52,Hercules Beetle,0.39%,https://yugioh-fm-db.pages.dev/cards/52
30,High Mage Kepura,94,66,Kojikocy,0.05%,https://yugioh-fm-db.pages.dev/cards/66
30,High Mage Kepura,95,93,Zanki,0.39%,https://yugioh-fm-db.pages.dev/cards/93
30,High Mage Kepura,96,168,Darkfire Dragon,0.05%,https://yugioh-fm-db.pages.dev/cards/168
30,High Mage Kepura,97,286,Gatekeeper,0.39%,https://yugioh-fm-db.pages.dev/cards/286
30,High Mage Kepura,98,355,Megasonic Eye,0.39%,https://yugioh-fm-db.pages.dev/cards/355
30,High Mage Kepura,99,413,Cyber Soldier,0.39%,https://yugioh-fm-db.pages.dev/cards/413
30,High Mage Kepura,100,637,Trent,0.39%,https://yugioh-fm-db.pages.dev/cards/637
30,High Mage Kepura,101,649,Hibikime,0.05%,https://yugioh-fm-db.pages.dev/cards/649
30,High Mage Kepura,102,7,Winged Dragon #1,0.05%,https://yugioh-fm-db.pages.dev/cards/7
30,High Mage Kepura,103,23,The Wicked Worm Beast,0.05%,https://yugioh-fm-db.pages.dev/cards/23
30,High Mage Kepura,104,41,Celtic Guardian,0.05%,https://yugioh-fm-db.pages.dev/cards/41
30,High Mage Kepura,105,165,The Judgement Hand,0.05%,https://yugioh-fm-db.pages.dev/cards/165
30,High Mage Kepura,106,225,Fiend Sword,0.05%,https://yugioh-fm-db.pages.dev/cards/225
30,High Mage Kepura,107,352,Kanan the Swordmistress,0.05%,https://yugioh-fm-db.pages.dev/cards/352
30,High Mage Kepura,108,542,Misairuzame,0.39%,https://yugioh-fm-db.pages.dev/cards/542
30,High Mage Kepura,109,557,Steel Ogre Grotto #1,0.39%,https://yugioh-fm-db.pages.dev/cards/557
30,High Mage Kepura,110,593,Giant Turtle Who Feeds on Flames,0.39%,https://yugioh-fm-db.pages.dev/cards/593
30,High Mage Kepura,111,633,Winged Egg of New Life,0.39%,https://yugioh-fm-db.pages.dev/cards/633
30,High Mage Kepura,112,84,Reaper of the Cards,0.39%,https://yugioh-fm-db.pages.dev/cards/84
30,High Mage Kepura,113,641,Invader of the Throne,0.39%,https://yugioh-fm-db.pages.dev/cards/641
30,High Mage Kepura,114,64,Tiger Axe,0.05%,https://yugioh-fm-db.pages.dev/cards/64
30,High Mage Kepura,115,74,Giant Soldier of Stone,0.39%,https://yugioh-fm-db.pages.dev/cards/74
30,High Mage Kepura,116,77,Grappler,0.05%,https://yugioh-fm-db.pages.dev/cards/77
30,High Mage Kepura,117,91,Mystic Horseman,0.05%,https://yugioh-fm-db.pages.dev/cards/91
30,High Mage Kepura,118,502,D. Human,0.05%,https://yugioh-fm-db.pages.dev/cards/502
30,High Mage Kepura,119,525,Spirit of the Mountain,0.39%,https://yugioh-fm-db.pages.dev/cards/525
30,High Mage Kepura,120,449,"30,000-Year White Turtle",0.39%,https://yugioh-fm-db.pages.dev/cards/449
30,High Mage Kepura,121,553,Mushroom Man #2,0.05%,https://yugioh-fm-db.pages.dev/cards/553
30,High Mage Kepura,122,3,Hitotsu-me Giant,0.05%,https://yugioh-fm-db.pages.dev/cards/3
30,High Mage Kepura,123,27,Beaver Warrior,0.05%,https://yugioh-fm-db.pages.dev/cards/27
30,High Mage Kepura,124,42,Illusionist Faceless Mage,0.39%,https://yugioh-fm-db.pages.dev/cards/42
30,High Mage Kepura,125,120,Dream Clown,0.05%,https://yugioh-fm-db.pages.dev/cards/120
30,High Mage Kepura,126,151,Rhaimundos of the Red Sword,0.05%,https://yugioh-fm-db.pages.dev/cards/151
30,High Mage Kepura,127,213,Aqua Madoor,0.39%,https://yugioh-fm-db.pages.dev/cards/213
30,High Mage Kepura,128,256,Dimensional Warrior,0.05%,https://yugioh-fm-db.pages.dev/cards/256
30,High Mage Kepura,129,287,Ogre of the Black Shadow,0.05%,https://yugioh-fm-db.pages.dev/cards/287
30,High Mage Kepura,130,294,Dragoness the Wicked Knight,0.05%,https://yugioh-fm-db.pages.dev/cards/294
30,High Mage Kepura,131,299,Sonic Maid,0.05%,https://yugioh-fm-db.pages.dev/cards/299
30,High Mage Kepura,132,354,Stuffed Animal,0.05%,https://yugioh-fm-db.pages.dev/cards/354
30,High Mage Kepura,133,468,Queen Bird,0.39%,https://yugioh-fm-db.pages.dev/cards/468
30,High Mage Kepura,134,561,Lesser Dragon,0.05%,https://yugioh-fm-db.pages.dev/cards/561
30,High Mage Kepura,135,88,Metal Guardian,0.39%,https://yugioh-fm-db.pages.dev/cards/88
30,High Mage Kepura,136,110,Hero of the East,0.05%,https://yugioh-fm-db.pages.dev/cards/110
30,High Mage Kepura,137,138,Dragon Statue,0.05%,https://yugioh-fm-db.pages.dev/cards/138
30,High Mage Kepura,138,246,One Who Hunts Souls,0.05%,https://yugioh-fm-db.pages.dev/cards/246
30,High Mage Kepura,139,290,Moon Envoy,0.05%,https://yugioh-fm-db.pages.dev/cards/290
30,High Mage Kepura,140,293,Masaki the Legendary Swordsman,0.05%,https://yugioh-fm-db.pages.dev/cards/293
30,High Mage Kepura,141,603,Fairy Dragon,0.05%,https://yugioh-fm-db.pages.dev/cards/603
30,High Mage Kepura,142,219,Solitude,0.05%,https://yugioh-fm-db.pages.dev/cards/219
30,High Mage Kepura,143,89,Catapult Turtle,0.39%,https://yugioh-fm-db.pages.dev/cards/89
30,High Mage Kepura,144,118,Supporter in the Shadows,0.05%,https://yugioh-fm-db.pages.dev/cards/118
30,High Mage Kepura,145,166,Mysterious Puppeteer,0.05%,https://yugioh-fm-db.pages.dev/cards/166
30,High Mage Kepura,146,236,Guardian of the Labyrinth,0.05%,https://yugioh-fm-db.pages.dev/cards/236
30,High Mage Kepura,147,235,Wodan the Resident of the Forest,0.05%,https://yugioh-fm-db.pages.dev/cards/235
30,High Mage Kepura,148,239,Vishwar Randi,0.05%,https://yugioh-fm-db.pages.dev/cards/239
30,High Mage Kepura,149,231,Wood Clown,0.05%,https://yugioh-fm-db.pages.dev/cards/231
30,High Mage Kepura,150,262,The Little Swordsman of Aile,0.05%,https://yugioh-fm-db.pages.dev/cards/262
30,High Mage Kepura,151,280,Protector of the Throne,0.05%,https://yugioh-fm-db.pages.dev/cards/280
30,High Mage Kepura,152,172,Armaill,0.05%,https://yugioh-fm-db.pages.dev/cards/172
30,High Mage Kepura,153,296,One-eyed Shield Dragon,0.05%,https://yugioh-fm-db.pages.dev/cards/296
30,High Mage Kepura,154,34,Saggi the Dark Clown,0.05%,https://yugioh-fm-db.pages.dev/cards/34
30,High Mage Kepura,155,301,Legendary Sword,5.86%,https://yugioh-fm-db.pages.dev/cards/301
30,High Mage Kepura,156,302,Sword of Dark Destruction,5.86%,https://yugioh-fm-db.pages.dev/cards/302
30,High Mage Kepura,157,304,Axe of Despair,3.91%,https://yugioh-fm-db.pages.dev/cards/304
30,High Mage Kepura,158,333,Sogen,4.88%,https://yugioh-fm-db.pages.dev/cards/333
30,High Mage Kepura,159,348,Swords of Revealing Light,2.34%,https://yugioh-fm-db.pages.dev/cards/348
30,High Mage Kepura,160,362,Millennium Shield,0.39%,https://yugioh-fm-db.pages.dev/cards/362
30,High Mage Kepura,161,366,Labyrinth Wall,0.39%,https://yugioh-fm-db.pages.dev/cards/366
30,High Mage Kepura,162,672,Harpie's Feather Duster,2.34%,https://yugioh-fm-db.pages.dev/cards/672
30,High Mage Kepura,163,684,Invisible Wire,2.34%,https://yugioh-fm-db.pages.dev/cards/684
30,High Mage Kepura,164,690,Fake Trap,2.34%,https://yugioh-fm-db.pages.dev/cards/690
30,High Mage Kepura,165,697,Garma Sword Oath,1.56%,https://yugioh-fm-db.pages.dev/cards/697
29,Meadow Mage,1,33,Judge Man,1.56%,https://yugioh-fm-db.pages.dev/cards/33
29,Meadow Mage,2,572,Empress Judge,1.56%,https://yugioh-fm-db.pages.dev/cards/572
29,Meadow Mage,3,92,Rabid Horseman,1.56%,https://yugioh-fm-db.pages.dev/cards/92
29,Meadow Mage,4,378,Swordstalker,1.56%,https://yugioh-fm-db.pages.dev/cards/378
29,Meadow Mage,5,618,Warrior of Tradition,1.56%,https://yugioh-fm-db.pages.dev/cards/618
29,Meadow Mage,6,627,Nekogal #2,1.56%,https://yugioh-fm-db.pages.dev/cards/627
29,Meadow Mage,7,389,Giltia the D. Knight,1.56%,https://yugioh-fm-db.pages.dev/cards/389
29,Meadow Mage,8,12,Swamp Battleguard,1.56%,https://yugioh-fm-db.pages.dev/cards/12
29,Meadow Mage,9,14,Battle Steer,1.56%,https://yugioh-fm-db.pages.dev/cards/14
29,Meadow Mage,10,15,Flame Swordsman,1.56%,https://yugioh-fm-db.pages.dev/cards/15
29,Meadow Mage,11,68,Garoozis,1.56%,https://yugioh-fm-db.pages.dev/cards/68
29,Meadow Mage,12,376,Monster Tamer,1.56%,https://yugioh-fm-db.pages.dev/cards/376
29,Meadow Mage,13,382,Rude Kaiser,1.56%,https://yugioh-fm-db.pages.dev/cards/382
29,Meadow Mage,14,434,Beautiful Beast Trainer,1.56%,https://yugioh-fm-db.pages.dev/cards/434
29,Meadow Mage,15,26,Battle Ox,1.17%,https://yugioh-fm-db.pages.dev/cards/26
29,Meadow Mage,16,78,Axe Raider,1.17%,https://yugioh-fm-db.pages.dev/cards/78
29,Meadow Mage,17,127,Ansatsu,1.17%,https://yugioh-fm-db.pages.dev/cards/127
29,Meadow Mage,18,621,Succubus Knight,1.17%,https://yugioh-fm-db.pages.dev/cards/621
29,Meadow Mage,19,234,Beautiful Headhuntress,1.17%,https://yugioh-fm-db.pages.dev/cards/234
29,Meadow Mage,20,554,Lava Battleguard,1.56%,https://yugioh-fm-db.pages.dev/cards/554
29,Meadow Mage,21,43,Karbonala Warrior,1.17%,https://yugioh-fm-db.pages.dev/cards/43
29,Meadow Mage,22,66,Kojikocy,1.17%,https://yugioh-fm-db.pages.dev/cards/66
29,Meadow Mage,23,93,Zanki,1.56%,https://yugioh-fm-db.pages.dev/cards/93
29,Meadow Mage,24,649,Hibikime,1.17%,https://yugioh-fm-db.pages.dev/cards/649
29,Meadow Mage,25,41,Celtic Guardian,1.17%,https://yugioh-fm-db.pages.dev/cards/41
29,Meadow Mage,26,165,The Judgement Hand,1.17%,https://yugioh-fm-db.pages.dev/cards/165
29,Meadow Mage,27,225,Fiend Sword,1.17%,https://yugioh-fm-db.pages.dev/cards/225
29,Meadow Mage,28,352,Kanan the Swordmistress,1.17%,https://yugioh-fm-db.pages.dev/cards/352
29,Meadow Mage,29,641,Invader of the Throne,1.56%,https://yugioh-fm-db.pages.dev/cards/641
29,Meadow Mage,30,64,Tiger Axe,1.17%,https://yugioh-fm-db.pages.dev/cards/64
29,Meadow Mage,31,502,D. Human,1.17%,https://yugioh-fm-db.pages.dev/cards/502
29,Meadow Mage,32,553,Mushroom Man #2,1.17%,https://yugioh-fm-db.pages.dev/cards/553
29,Meadow Mage,33,559,Oscillo Hero,0.78%,https://yugioh-fm-db.pages.dev/cards/559
29,Meadow Mage,34,3,Hitotsu-me Giant,1.17%,https://yugioh-fm-db.pages.dev/cards/3
29,Meadow Mage,35,27,Beaver Warrior,1.17%,https://yugioh-fm-db.pages.dev/cards/27
29,Meadow Mage,36,120,Dream Clown,1.17%,https://yugioh-fm-db.pages.dev/cards/120
29,Meadow Mage,37,151,Rhaimundos of the Red Sword,1.17%,https://yugioh-fm-db.pages.dev/cards/151
29,Meadow Mage,38,256,Dimensional Warrior,1.17%,https://yugioh-fm-db.pages.dev/cards/256
29,Meadow Mage,39,287,Ogre of the Black Shadow,1.17%,https://yugioh-fm-db.pages.dev/cards/287
29,Meadow Mage,40,294,Dragoness the Wicked Knight,1.17%,https://yugioh-fm-db.pages.dev/cards/294
29,Meadow Mage,41,299,Sonic Maid,1.17%,https://yugioh-fm-db.pages.dev/cards/299
29,Meadow Mage,42,354,Stuffed Animal,1.17%,https://yugioh-fm-db.pages.dev/cards/354
29,Meadow Mage,43,110,Hero of the East,1.17%,https://yugioh-fm-db.pages.dev/cards/110
29,Meadow Mage,44,138,Dragon Statue,1.17%,https://yugioh-fm-db.pages.dev/cards/138
29,Meadow Mage,45,246,One Who Hunts Souls,1.17%,https://yugioh-fm-db.pages.dev/cards/246
29,Meadow Mage,46,290,Moon Envoy,1.17%,https://yugioh-fm-db.pages.dev/cards/290
29,Meadow Mage,47,293,Masaki the Legendary Swordsman,1.17%,https://yugioh-fm-db.pages.dev/cards/293
29,Meadow Mage,48,219,Solitude,1.17%,https://yugioh-fm-db.pages.dev/cards/219
29,Meadow Mage,49,118,Supporter in the Shadows,1.17%,https://yugioh-fm-db.pages.dev/cards/118
29,Meadow Mage,50,166,Mysterious Puppeteer,1.17%,https://yugioh-fm-db.pages.dev/cards/166
29,Meadow Mage,51,236,Guardian of the Labyrinth,1.17%,https://yugioh-fm-db.pages.dev/cards/236
29,Meadow Mage,52,226,Skull Stalker,0.78%,https://yugioh-fm-db.pages.dev/cards/226
29,Meadow Mage,53,235,Wodan the Resident of the Forest,1.17%,https://yugioh-fm-db.pages.dev/cards/235
29,Meadow Mage,54,239,Vishwar Randi,0.78%,https://yugioh-fm-db.pages.dev/cards/239
29,Meadow Mage,55,266,Princess of Tsurugi,0.78%,https://yugioh-fm-db.pages.dev/cards/266
29,Meadow Mage,56,231,Wood Clown,1.17%,https://yugioh-fm-db.pages.dev/cards/231
29,Meadow Mage,57,250,Hyo,1.17%,https://yugioh-fm-db.pages.dev/cards/250
29,Meadow Mage,58,262,The Little Swordsman of Aile,1.17%,https://yugioh-fm-db.pages.dev/cards/262
29,Meadow Mage,59,280,Protector of the Throne,1.17%,https://yugioh-fm-db.pages.dev/cards/280
29,Meadow Mage,60,100,Battle Warrior,0.78%,https://yugioh-fm-db.pages.dev/cards/100
29,Meadow Mage,61,172,Armaill,1.17%,https://yugioh-fm-db.pages.dev/cards/172
29,Meadow Mage,62,29,Mountain Warrior,0.78%,https://yugioh-fm-db.pages.dev/cards/29
29,Meadow Mage,63,295,Bio Plant,0.78%,https://yugioh-fm-db.pages.dev/cards/295
29,Meadow Mage,64,547,Griggle,1.56%,https://yugioh-fm-db.pages.dev/cards/547
29,Meadow Mage,65,320,Stop Defense,1.56%,https://yugioh-fm-db.pages.dev/cards/320
29,Meadow Mage,66,333,Sogen,7.81%,https://yugioh-fm-db.pages.dev/cards/333
29,Meadow Mage,67,348,Swords of Revealing Light,1.56%,https://yugioh-fm-db.pages.dev/cards/348
29,Meadow Mage,68,362,Millennium Shield,1.56%,https://yugioh-fm-db.pages.dev/cards/362
29,Meadow Mage,69,653,Warrior Elimination,6.25%,https://yugioh-fm-db.pages.dev/cards/653
29,Meadow Mage,70,677,Hamburger Recipe,1.95%,https://yugioh-fm-db.pages.dev/cards/677
34,Guardian Neku,1,707,Skull Knight,3.13%,https://yugioh-fm-db.pages.dev/cards/707
34,Guardian Neku,2,391,Zoa,2.34%,https://yugioh-fm-db.pages.dev/cards/391
34,Guardian Neku,3,22,Summoned Skull,1.56%,https://yugioh-fm-db.pages.dev/cards/22
34,Guardian Neku,4,35,Dark Magician,2.34%,https://yugioh-fm-db.pages.dev/cards/35
34,Guardian Neku,5,372,Kazejin,2.34%,https://yugioh-fm-db.pages.dev/cards/372
34,Guardian Neku,6,385,Bickuribox,2.34%,https://yugioh-fm-db.pages.dev/cards/385
34,Guardian Neku,7,471,Soul Hunter,2.34%,https://yugioh-fm-db.pages.dev/cards/471
34,Guardian Neku,8,401,Ushi Oni,2.34%,https://yugioh-fm-db.pages.dev/cards/401
34,Guardian Neku,9,365,Fiend's Mirror,3.13%,https://yugioh-fm-db.pages.dev/cards/365
34,Guardian Neku,10,472,Air Eater,1.56%,https://yugioh-fm-db.pages.dev/cards/472
34,Guardian Neku,11,85,King of Yamimakai,1.56%,https://yugioh-fm-db.pages.dev/cards/85
34,Guardian Neku,12,500,Dragon Seeker,2.34%,https://yugioh-fm-db.pages.dev/cards/500
34,Guardian Neku,13,551,Dark Elf,0.78%,https://yugioh-fm-db.pages.dev/cards/551
34,Guardian Neku,14,532,Gemini Elf,0.78%,https://yugioh-fm-db.pages.dev/cards/532
34,Guardian Neku,15,379,La Jinn the Mystical Genie,0.78%,https://yugioh-fm-db.pages.dev/cards/379
34,Guardian Neku,16,440,7 Colored Fish,0.78%,https://yugioh-fm-db.pages.dev/cards/440
34,Guardian Neku,17,447,Giant Red Seasnake,0.78%,https://yugioh-fm-db.pages.dev/cards/447
34,Guardian Neku,18,523,The Bistro Butcher,0.78%,https://yugioh-fm-db.pages.dev/cards/523
34,Guardian Neku,19,495,Musician King,1.56%,https://yugioh-fm-db.pages.dev/cards/495
34,Guardian Neku,20,526,Neck Hunter,1.56%,https://yugioh-fm-db.pages.dev/cards/526
34,Guardian Neku,21,106,Spirit of the Winds,1.56%,https://yugioh-fm-db.pages.dev/cards/106
34,Guardian Neku,22,204,Mabarrel,1.56%,https://yugioh-fm-db.pages.dev/cards/204
34,Guardian Neku,23,619,Rock Spirit,1.56%,https://yugioh-fm-db.pages.dev/cards/619
34,Guardian Neku,24,650,Whiptail Crow,1.56%,https://yugioh-fm-db.pages.dev/cards/650
34,Guardian Neku,25,87,Dark Chimera,1.56%,https://yugioh-fm-db.pages.dev/cards/87
34,Guardian Neku,26,44,Rogue Doll,0.78%,https://yugioh-fm-db.pages.dev/cards/44
34,Guardian Neku,27,377,Ryu-kishin Powered,0.78%,https://yugioh-fm-db.pages.dev/cards/377
34,Guardian Neku,28,622,Ill Witch,1.56%,https://yugioh-fm-db.pages.dev/cards/622
34,Guardian Neku,29,493,Maha Vailo,0.78%,https://yugioh-fm-db.pages.dev/cards/493
34,Guardian Neku,30,498,Morinphen,0.78%,https://yugioh-fm-db.pages.dev/cards/498
34,Guardian Neku,31,125,Faith Bird,0.39%,https://yugioh-fm-db.pages.dev/cards/125
34,Guardian Neku,32,275,Ground Attacker Bugroth,0.39%,https://yugioh-fm-db.pages.dev/cards/275
34,Guardian Neku,33,281,Mystic Clown,0.39%,https://yugioh-fm-db.pages.dev/cards/281
34,Guardian Neku,34,454,Destroyer Golem,0.78%,https://yugioh-fm-db.pages.dev/cards/454
34,Guardian Neku,35,631,Maiden of the Moonlight,0.39%,https://yugioh-fm-db.pages.dev/cards/631
34,Guardian Neku,36,433,Ancient Elf,0.39%,https://yugioh-fm-db.pages.dev/cards/433
34,Guardian Neku,37,7,Winged Dragon #1,0.39%,https://yugioh-fm-db.pages.dev/cards/7
34,Guardian Neku,38,41,Celtic Guardian,0.39%,https://yugioh-fm-db.pages.dev/cards/41
34,Guardian Neku,39,117,Spirit of the Books,0.39%,https://yugioh-fm-db.pages.dev/cards/117
34,Guardian Neku,40,136,Witty Phantom,0.39%,https://yugioh-fm-db.pages.dev/cards/136
34,Guardian Neku,41,149,Lord of the Lamp,0.39%,https://yugioh-fm-db.pages.dev/cards/149
34,Guardian Neku,42,249,Water Omotics,0.39%,https://yugioh-fm-db.pages.dev/cards/249
34,Guardian Neku,43,297,Cyber Soldier of Darkworld,0.39%,https://yugioh-fm-db.pages.dev/cards/297
34,Guardian Neku,44,630,Ancient Lizard Warrior,0.39%,https://yugioh-fm-db.pages.dev/cards/630
34,Guardian Neku,45,84,Reaper of the Cards,1.56%,https://yugioh-fm-db.pages.dev/cards/84
34,Guardian Neku,46,86,Barox,0.39%,https://yugioh-fm-db.pages.dev/cards/86
34,Guardian Neku,47,95,Crass Clown,0.39%,https://yugioh-fm-db.pages.dev/cards/95
34,Guardian Neku,48,578,Leo Wizard,0.39%,https://yugioh-fm-db.pages.dev/cards/578
34,Guardian Neku,49,6,Feral Imp,0.39%,https://yugioh-fm-db.pages.dev/cards/6
34,Guardian Neku,50,77,Grappler,0.39%,https://yugioh-fm-db.pages.dev/cards/77
34,Guardian Neku,51,163,Lisark,0.39%,https://yugioh-fm-db.pages.dev/cards/163
34,Guardian Neku,52,456,Minomushi Warrior,0.39%,https://yugioh-fm-db.pages.dev/cards/456
34,Guardian Neku,53,525,Spirit of the Mountain,1.56%,https://yugioh-fm-db.pages.dev/cards/525
34,Guardian Neku,54,607,Great Bill,0.39%,https://yugioh-fm-db.pages.dev/cards/607
34,Guardian Neku,55,13,Tyhone,0.39%,https://yugioh-fm-db.pages.dev/cards/13
34,Guardian Neku,56,42,Illusionist Faceless Mage,1.56%,https://yugioh-fm-db.pages.dev/cards/42
34,Guardian Neku,57,54,Gokibore,0.39%,https://yugioh-fm-db.pages.dev/cards/54
34,Guardian Neku,58,70,Fiend Kraken,0.39%,https://yugioh-fm-db.pages.dev/cards/70
34,Guardian Neku,59,128,LaMoon,0.39%,https://yugioh-fm-db.pages.dev/cards/128
34,Guardian Neku,60,151,Rhaimundos of the Red Sword,0.39%,https://yugioh-fm-db.pages.dev/cards/151
34,Guardian Neku,61,194,Terra the Terrible,0.39%,https://yugioh-fm-db.pages.dev/cards/194
34,Guardian Neku,62,213,Aqua Madoor,1.56%,https://yugioh-fm-db.pages.dev/cards/213
34,Guardian Neku,63,216,Dryad,0.39%,https://yugioh-fm-db.pages.dev/cards/216
34,Guardian Neku,64,287,Ogre of the Black Shadow,0.39%,https://yugioh-fm-db.pages.dev/cards/287
34,Guardian Neku,65,412,Giga-tech Wolf,0.39%,https://yugioh-fm-db.pages.dev/cards/412
34,Guardian Neku,66,459,Tripwire Beast,0.39%,https://yugioh-fm-db.pages.dev/cards/459
34,Guardian Neku,67,623,The Thing That Hides in the Mud,0.39%,https://yugioh-fm-db.pages.dev/cards/623
34,Guardian Neku,68,88,Metal Guardian,1.56%,https://yugioh-fm-db.pages.dev/cards/88
34,Guardian Neku,69,535,Kamakiriman,0.39%,https://yugioh-fm-db.pages.dev/cards/535
34,Guardian Neku,70,186,Fiend Refrection #2,0.39%,https://yugioh-fm-db.pages.dev/cards/186
34,Guardian Neku,71,269,Versago the Destroyer,1.56%,https://yugioh-fm-db.pages.dev/cards/269
34,Guardian Neku,72,384,Dark Rabbit,0.39%,https://yugioh-fm-db.pages.dev/cards/384
34,Guardian Neku,73,515,The Statue of Easter Island,0.39%,https://yugioh-fm-db.pages.dev/cards/515
34,Guardian Neku,74,166,Mysterious Puppeteer,0.39%,https://yugioh-fm-db.pages.dev/cards/166
34,Guardian Neku,75,178,Claw Reacher,1.56%,https://yugioh-fm-db.pages.dev/cards/178
34,Guardian Neku,76,193,Turtle Tiger,0.39%,https://yugioh-fm-db.pages.dev/cards/193
34,Guardian Neku,77,83,Castle of Dark Illusions,0.39%,https://yugioh-fm-db.pages.dev/cards/83
34,Guardian Neku,78,418,Golgoil,0.39%,https://yugioh-fm-db.pages.dev/cards/418
34,Guardian Neku,79,497,Yado Karu,0.39%,https://yugioh-fm-db.pages.dev/cards/497
34,Guardian Neku,80,2,Mystical Elf,0.39%,https://yugioh-fm-db.pages.dev/cards/2
34,Guardian Neku,81,288,Dark Artist,1.56%,https://yugioh-fm-db.pages.dev/cards/288
34,Guardian Neku,82,255,Prevent Rat,0.39%,https://yugioh-fm-db.pages.dev/cards/255
34,Guardian Neku,83,320,Stop Defense,5.86%,https://yugioh-fm-db.pages.dev/cards/320
34,Guardian Neku,84,335,Yami,7.81%,https://yugioh-fm-db.pages.dev/cards/335
34,Guardian Neku,85,348,Swords of Revealing Light,3.13%,https://yugioh-fm-db.pages.dev/cards/348
34,Guardian Neku,86,672,Harpie's Feather Duster,3.91%,https://yugioh-fm-db.pages.dev/cards/672
34,Guardian Neku,87,694,Resurrection of Chakra,1.56%,https://yugioh-fm-db.pages.dev/cards/694
32,Seto 2nd,1,374,Gate Guardian,3.13%,https://yugioh-fm-db.pages.dev/cards/374
32,Seto 2nd,2,713,Meteor B. Dragon,0.05%,https://yugioh-fm-db.pages.dev/cards/713
32,Seto 2nd,3,217,B. Skull Dragon,0.05%,https://yugioh-fm-db.pages.dev/cards/217
32,Seto 2nd,4,1,Blue-eyes White Dragon,2.34%,https://yugioh-fm-db.pages.dev/cards/1
32,Seto 2nd,5,364,Black Luster Soldier,2.34%,https://yugioh-fm-db.pages.dev/cards/364
32,Seto 2nd,6,392,Metalzoa,2.34%,https://yugioh-fm-db.pages.dev/cards/392
32,Seto 2nd,7,613,Twin-headed Thunder Dragon,1.17%,https://yugioh-fm-db.pages.dev/cards/613
32,Seto 2nd,8,37,Gaia the Dragon Champion,1.17%,https://yugioh-fm-db.pages.dev/cards/37
32,Seto 2nd,9,371,Sanga of the Thunder,1.17%,https://yugioh-fm-db.pages.dev/cards/371
32,Seto 2nd,10,391,Zoa,1.17%,https://yugioh-fm-db.pages.dev/cards/391
32,Seto 2nd,11,22,Summoned Skull,0.39%,https://yugioh-fm-db.pages.dev/cards/22
32,Seto 2nd,12,35,Dark Magician,1.17%,https://yugioh-fm-db.pages.dev/cards/35
32,Seto 2nd,13,358,Seiyaryu,1.17%,https://yugioh-fm-db.pages.dev/cards/358
32,Seto 2nd,14,373,Suijin,1.17%,https://yugioh-fm-db.pages.dev/cards/373
32,Seto 2nd,15,69,Thousand Dragon,1.17%,https://yugioh-fm-db.pages.dev/cards/69
32,Seto 2nd,16,82,Red-eyes B. Dragon,1.17%,https://yugioh-fm-db.pages.dev/cards/82
32,Seto 2nd,17,370,Labyrinth Tank,1.17%,https://yugioh-fm-db.pages.dev/cards/370
32,Seto 2nd,18,372,Kazejin,1.17%,https://yugioh-fm-db.pages.dev/cards/372
32,Seto 2nd,19,38,Gaia the Fierce Knight,1.17%,https://yugioh-fm-db.pages.dev/cards/38
32,Seto 2nd,20,385,Bickuribox,1.17%,https://yugioh-fm-db.pages.dev/cards/385
32,Seto 2nd,21,427,Kaiser Dragon,1.17%,https://yugioh-fm-db.pages.dev/cards/427
32,Seto 2nd,22,467,Crimson Sunbird,1.17%,https://yugioh-fm-db.pages.dev/cards/467
32,Seto 2nd,23,442,Aqua Dragon,1.17%,https://yugioh-fm-db.pages.dev/cards/442
32,Seto 2nd,24,33,Judge Man,0.39%,https://yugioh-fm-db.pages.dev/cards/33
32,Seto 2nd,25,390,Launcher Spider,0.78%,https://yugioh-fm-db.pages.dev/cards/390
32,Seto 2nd,26,407,Machine King,1.17%,https://yugioh-fm-db.pages.dev/cards/407
32,Seto 2nd,27,471,Soul Hunter,1.17%,https://yugioh-fm-db.pages.dev/cards/471
32,Seto 2nd,28,509,Bracchio-raidus,1.17%,https://yugioh-fm-db.pages.dev/cards/509
32,Seto 2nd,29,564,Great Mammoth of Goldfine,1.17%,https://yugioh-fm-db.pages.dev/cards/564
32,Seto 2nd,30,401,Ushi Oni,1.17%,https://yugioh-fm-db.pages.dev/cards/401
32,Seto 2nd,31,223,Roaring Ocean Snake,0.39%,https://yugioh-fm-db.pages.dev/cards/223
32,Seto 2nd,32,465,Punished Eagle,0.39%,https://yugioh-fm-db.pages.dev/cards/465
32,Seto 2nd,33,529,Flame Cerebrus,0.39%,https://yugioh-fm-db.pages.dev/cards/529
32,Seto 2nd,34,531,Mystical Sand,0.39%,https://yugioh-fm-db.pages.dev/cards/531
32,Seto 2nd,35,571,B. Dragon Jungle King,0.39%,https://yugioh-fm-db.pages.dev/cards/571
32,Seto 2nd,36,572,Empress Judge,0.39%,https://yugioh-fm-db.pages.dev/cards/572
32,Seto 2nd,37,39,Curse of Dragon,0.39%,https://yugioh-fm-db.pages.dev/cards/39
32,Seto 2nd,38,92,Rabid Horseman,0.39%,https://yugioh-fm-db.pages.dev/cards/92
32,Seto 2nd,39,378,Swordstalker,0.39%,https://yugioh-fm-db.pages.dev/cards/378
32,Seto 2nd,40,386,Harpie's Pet Dragon,1.17%,https://yugioh-fm-db.pages.dev/cards/386
32,Seto 2nd,41,426,Stone D.,1.17%,https://yugioh-fm-db.pages.dev/cards/426
32,Seto 2nd,42,453,Millennium Golem,1.17%,https://yugioh-fm-db.pages.dev/cards/453
32,Seto 2nd,43,500,Dragon Seeker,1.17%,https://yugioh-fm-db.pages.dev/cards/500
32,Seto 2nd,44,522,Monstrous Bird,0.39%,https://yugioh-fm-db.pages.dev/cards/522
32,Seto 2nd,45,594,Rose Spectre of Dunn,0.49%,https://yugioh-fm-db.pages.dev/cards/594
32,Seto 2nd,46,63,Harpie Lady Sisters,1.17%,https://yugioh-fm-db.pages.dev/cards/63
32,Seto 2nd,47,618,Warrior of Tradition,0.39%,https://yugioh-fm-db.pages.dev/cards/618
32,Seto 2nd,48,627,Nekogal #2,0.39%,https://yugioh-fm-db.pages.dev/cards/627
32,Seto 2nd,49,645,Royal Guard,1.17%,https://yugioh-fm-db.pages.dev/cards/645
32,Seto 2nd,50,389,Giltia the D. Knight,0.39%,https://yugioh-fm-db.pages.dev/cards/389
32,Seto 2nd,51,12,Swamp Battleguard,0.39%,https://yugioh-fm-db.pages.dev/cards/12
32,Seto 2nd,52,15,Flame Swordsman,0.39%,https://yugioh-fm-db.pages.dev/cards/15
32,Seto 2nd,53,79,Megazowler,0.39%,https://yugioh-fm-db.pages.dev/cards/79
32,Seto 2nd,54,90,Gyakutenno Megami,0.39%,https://yugioh-fm-db.pages.dev/cards/90
32,Seto 2nd,55,99,Pumpking the King of Ghosts,0.39%,https://yugioh-fm-db.pages.dev/cards/99
32,Seto 2nd,56,376,Monster Tamer,0.39%,https://yugioh-fm-db.pages.dev/cards/376
32,Seto 2nd,57,379,La Jinn the Mystical Genie,0.05%,https://yugioh-fm-db.pages.dev/cards/379
32,Seto 2nd,58,712,Meteor Dragon,3.91%,https://yugioh-fm-db.pages.dev/cards/712
32,Seto 2nd,59,434,Beautiful Beast Trainer,0.39%,https://yugioh-fm-db.pages.dev/cards/434
32,Seto 2nd,60,78,Axe Raider,0.05%,https://yugioh-fm-db.pages.dev/cards/78
32,Seto 2nd,61,127,Ansatsu,0.05%,https://yugioh-fm-db.pages.dev/cards/127
32,Seto 2nd,62,621,Succubus Knight,0.05%,https://yugioh-fm-db.pages.dev/cards/621
32,Seto 2nd,63,369,Wall Shadow,0.78%,https://yugioh-fm-db.pages.dev/cards/369
32,Seto 2nd,64,377,Ryu-kishin Powered,0.05%,https://yugioh-fm-db.pages.dev/cards/377
32,Seto 2nd,65,554,Lava Battleguard,0.39%,https://yugioh-fm-db.pages.dev/cards/554
32,Seto 2nd,66,31,Koumori Dragon,0.10%,https://yugioh-fm-db.pages.dev/cards/31
32,Seto 2nd,67,43,Karbonala Warrior,0.10%,https://yugioh-fm-db.pages.dev/cards/43
32,Seto 2nd,68,66,Kojikocy,0.05%,https://yugioh-fm-db.pages.dev/cards/66
32,Seto 2nd,69,93,Zanki,0.39%,https://yugioh-fm-db.pages.dev/cards/93
32,Seto 2nd,70,649,Hibikime,0.05%,https://yugioh-fm-db.pages.dev/cards/649
32,Seto 2nd,71,7,Winged Dragon #1,0.10%,https://yugioh-fm-db.pages.dev/cards/7
32,Seto 2nd,72,41,Celtic Guardian,0.10%,https://yugioh-fm-db.pages.dev/cards/41
32,Seto 2nd,73,352,Kanan the Swordmistress,0.05%,https://yugioh-fm-db.pages.dev/cards/352
32,Seto 2nd,74,641,Invader of the Throne,0.39%,https://yugioh-fm-db.pages.dev/cards/641
32,Seto 2nd,75,6,Feral Imp,0.10%,https://yugioh-fm-db.pages.dev/cards/6
32,Seto 2nd,76,74,Giant Soldier of Stone,0.39%,https://yugioh-fm-db.pages.dev/cards/74
32,Seto 2nd,77,77,Grappler,0.05%,https://yugioh-fm-db.pages.dev/cards/77
32,Seto 2nd,78,91,Mystic Horseman,0.05%,https://yugioh-fm-db.pages.dev/cards/91
32,Seto 2nd,79,27,Beaver Warrior,0.10%,https://yugioh-fm-db.pages.dev/cards/27
32,Seto 2nd,80,46,Griffore,0.10%,https://yugioh-fm-db.pages.dev/cards/46
32,Seto 2nd,81,151,Rhaimundos of the Red Sword,0.05%,https://yugioh-fm-db.pages.dev/cards/151
32,Seto 2nd,82,89,Catapult Turtle,0.39%,https://yugioh-fm-db.pages.dev/cards/89
32,Seto 2nd,83,166,Mysterious Puppeteer,0.05%,https://yugioh-fm-db.pages.dev/cards/166
32,Seto 2nd,84,2,Mystical Elf,0.10%,https://yugioh-fm-db.pages.dev/cards/2
32,Seto 2nd,85,337,Raigeki,3.91%,https://yugioh-fm-db.pages.dev/cards/337
32,Seto 2nd,86,342,Dian Keto the Cure Master,7.81%,https://yugioh-fm-db.pages.dev/cards/342
32,Seto 2nd,87,348,Swords of Revealing Light,1.95%,https://yugioh-fm-db.pages.dev/cards/348
32,Seto 2nd,88,661,Crush Card,3.91%,https://yugioh-fm-db.pages.dev/cards/661
32,Seto 2nd,89,669,Shadow Spell,3.91%,https://yugioh-fm-db.pages.dev/cards/669
32,Seto 2nd,90,672,Harpie's Feather Duster,3.91%,https://yugioh-fm-db.pages.dev/cards/672
32,Seto 2nd,91,675,Ultimate Dragon,3.91%,https://yugioh-fm-db.pages.dev/cards/675
32,Seto 2nd,92,685,Acid Trap Hole,3.91%,https://yugioh-fm-db.pages.dev/cards/685
32,Seto 2nd,93,688,Bad Reaction to Simochi,3.91%,https://yugioh-fm-db.pages.dev/cards/688
32,Seto 2nd,94,690,Fake Trap,3.13%,https://yugioh-fm-db.pages.dev/cards/690
33,Guardian Sebek,1,392,Metalzoa,3.91%,https://yugioh-fm-db.pages.dev/cards/392
33,Guardian Sebek,2,391,Zoa,3.13%,https://yugioh-fm-db.pages.dev/cards/391
33,Guardian Sebek,3,370,Labyrinth Tank,3.13%,https://yugioh-fm-db.pages.dev/cards/370
33,Guardian Sebek,4,356,Super War-lion,3.91%,https://yugioh-fm-db.pages.dev/cards/356
33,Guardian Sebek,5,390,Launcher Spider,3.13%,https://yugioh-fm-db.pages.dev/cards/390
33,Guardian Sebek,6,407,Machine King,3.13%,https://yugioh-fm-db.pages.dev/cards/407
33,Guardian Sebek,7,564,Great Mammoth of Goldfine,3.13%,https://yugioh-fm-db.pages.dev/cards/564
33,Guardian Sebek,8,551,Dark Elf,0.20%,https://yugioh-fm-db.pages.dev/cards/551
33,Guardian Sebek,9,532,Gemini Elf,0.20%,https://yugioh-fm-db.pages.dev/cards/532
33,Guardian Sebek,10,645,Royal Guard,3.13%,https://yugioh-fm-db.pages.dev/cards/645
33,Guardian Sebek,11,409,Metal Dragon,1.37%,https://yugioh-fm-db.pages.dev/cards/409
33,Guardian Sebek,12,415,Mechanicalchacer,0.20%,https://yugioh-fm-db.pages.dev/cards/415
33,Guardian Sebek,13,99,Pumpking the King of Ghosts,1.37%,https://yugioh-fm-db.pages.dev/cards/99
33,Guardian Sebek,14,379,La Jinn the Mystical Genie,0.20%,https://yugioh-fm-db.pages.dev/cards/379
33,Guardian Sebek,15,440,7 Colored Fish,0.20%,https://yugioh-fm-db.pages.dev/cards/440
33,Guardian Sebek,16,441,Mech Bass,1.37%,https://yugioh-fm-db.pages.dev/cards/441
33,Guardian Sebek,17,447,Giant Red Seasnake,0.20%,https://yugioh-fm-db.pages.dev/cards/447
33,Guardian Sebek,18,508,Cyber Saurus,1.37%,https://yugioh-fm-db.pages.dev/cards/508
33,Guardian Sebek,19,523,The Bistro Butcher,0.20%,https://yugioh-fm-db.pages.dev/cards/523
33,Guardian Sebek,20,388,Pendulum Machine,1.37%,https://yugioh-fm-db.pages.dev/cards/388
33,Guardian Sebek,21,408,Giant Mech-soldier,1.37%,https://yugioh-fm-db.pages.dev/cards/408
33,Guardian Sebek,22,26,Battle Ox,0.20%,https://yugioh-fm-db.pages.dev/cards/26
33,Guardian Sebek,23,78,Axe Raider,0.20%,https://yugioh-fm-db.pages.dev/cards/78
33,Guardian Sebek,24,124,Ancient Tool,1.37%,https://yugioh-fm-db.pages.dev/cards/124
33,Guardian Sebek,25,127,Ansatsu,0.20%,https://yugioh-fm-db.pages.dev/cards/127
33,Guardian Sebek,26,419,Giganto,1.37%,https://yugioh-fm-db.pages.dev/cards/419
33,Guardian Sebek,27,545,Skelgon,1.37%,https://yugioh-fm-db.pages.dev/cards/545
33,Guardian Sebek,28,423,Dice Armadillo,1.37%,https://yugioh-fm-db.pages.dev/cards/423
33,Guardian Sebek,29,513,Guardian of the Throne Room,1.37%,https://yugioh-fm-db.pages.dev/cards/513
33,Guardian Sebek,30,621,Succubus Knight,0.20%,https://yugioh-fm-db.pages.dev/cards/621
33,Guardian Sebek,31,624,High Tide Gyojin,0.20%,https://yugioh-fm-db.pages.dev/cards/624
33,Guardian Sebek,32,32,Two-headed King Rex,0.20%,https://yugioh-fm-db.pages.dev/cards/32
33,Guardian Sebek,33,44,Rogue Doll,0.20%,https://yugioh-fm-db.pages.dev/cards/44
33,Guardian Sebek,34,81,Crawling Dragon #2,0.20%,https://yugioh-fm-db.pages.dev/cards/81
33,Guardian Sebek,35,94,Crawling Dragon,1.37%,https://yugioh-fm-db.pages.dev/cards/94
33,Guardian Sebek,36,111,Doma The Angel of Silence,1.37%,https://yugioh-fm-db.pages.dev/cards/111
33,Guardian Sebek,37,131,Octoberser,1.37%,https://yugioh-fm-db.pages.dev/cards/131
33,Guardian Sebek,38,368,Shadow Ghoul,0.20%,https://yugioh-fm-db.pages.dev/cards/368
33,Guardian Sebek,39,377,Ryu-kishin Powered,0.20%,https://yugioh-fm-db.pages.dev/cards/377
33,Guardian Sebek,40,438,Metal Fish,1.37%,https://yugioh-fm-db.pages.dev/cards/438
33,Guardian Sebek,41,448,Spike Seadra,0.20%,https://yugioh-fm-db.pages.dev/cards/448
33,Guardian Sebek,42,507,Crazy Fish,0.20%,https://yugioh-fm-db.pages.dev/cards/507
33,Guardian Sebek,43,596,Ghoul with an Appetite,0.20%,https://yugioh-fm-db.pages.dev/cards/596
33,Guardian Sebek,44,614,Hunter Spider,1.37%,https://yugioh-fm-db.pages.dev/cards/614
33,Guardian Sebek,45,625,Fairy of the Fountain,0.20%,https://yugioh-fm-db.pages.dev/cards/625
33,Guardian Sebek,46,636,Blue-winged Crown,0.20%,https://yugioh-fm-db.pages.dev/cards/636
33,Guardian Sebek,47,648,Machine Attacker,0.20%,https://yugioh-fm-db.pages.dev/cards/648
33,Guardian Sebek,48,466,Skull Red Bird,0.20%,https://yugioh-fm-db.pages.dev/cards/466
33,Guardian Sebek,49,493,Maha Vailo,0.20%,https://yugioh-fm-db.pages.dev/cards/493
33,Guardian Sebek,50,498,Morinphen,0.20%,https://yugioh-fm-db.pages.dev/cards/498
33,Guardian Sebek,51,31,Koumori Dragon,0.20%,https://yugioh-fm-db.pages.dev/cards/31
33,Guardian Sebek,52,36,The Snake Hair,0.20%,https://yugioh-fm-db.pages.dev/cards/36
33,Guardian Sebek,53,43,Karbonala Warrior,0.20%,https://yugioh-fm-db.pages.dev/cards/43
33,Guardian Sebek,54,51,Armored Lizard,0.20%,https://yugioh-fm-db.pages.dev/cards/51
33,Guardian Sebek,55,55,Giant Flea,0.20%,https://yugioh-fm-db.pages.dev/cards/55
33,Guardian Sebek,56,66,Kojikocy,0.20%,https://yugioh-fm-db.pages.dev/cards/66
33,Guardian Sebek,57,93,Zanki,1.37%,https://yugioh-fm-db.pages.dev/cards/93
33,Guardian Sebek,58,125,Faith Bird,0.20%,https://yugioh-fm-db.pages.dev/cards/125
33,Guardian Sebek,59,168,Darkfire Dragon,0.20%,https://yugioh-fm-db.pages.dev/cards/168
33,Guardian Sebek,60,230,Rare Fish,0.20%,https://yugioh-fm-db.pages.dev/cards/230
33,Guardian Sebek,61,275,Ground Attacker Bugroth,0.20%,https://yugioh-fm-db.pages.dev/cards/275
33,Guardian Sebek,62,286,Gatekeeper,1.37%,https://yugioh-fm-db.pages.dev/cards/286
33,Guardian Sebek,63,353,Takriminos,0.20%,https://yugioh-fm-db.pages.dev/cards/353
33,Guardian Sebek,64,355,Megasonic Eye,1.37%,https://yugioh-fm-db.pages.dev/cards/355
33,Guardian Sebek,65,413,Cyber Soldier,1.37%,https://yugioh-fm-db.pages.dev/cards/413
33,Guardian Sebek,66,462,The Immortal of Thunder,0.20%,https://yugioh-fm-db.pages.dev/cards/462
33,Guardian Sebek,67,597,Pale Beast,0.20%,https://yugioh-fm-db.pages.dev/cards/597
33,Guardian Sebek,68,631,Maiden of the Moonlight,0.20%,https://yugioh-fm-db.pages.dev/cards/631
33,Guardian Sebek,69,405,Saber Slasher,0.20%,https://yugioh-fm-db.pages.dev/cards/405
33,Guardian Sebek,70,433,Ancient Elf,0.20%,https://yugioh-fm-db.pages.dev/cards/433
33,Guardian Sebek,71,7,Winged Dragon #1,0.20%,https://yugioh-fm-db.pages.dev/cards/7
33,Guardian Sebek,72,41,Celtic Guardian,0.20%,https://yugioh-fm-db.pages.dev/cards/41
33,Guardian Sebek,73,117,Spirit of the Books,0.20%,https://yugioh-fm-db.pages.dev/cards/117
33,Guardian Sebek,74,136,Witty Phantom,0.20%,https://yugioh-fm-db.pages.dev/cards/136
33,Guardian Sebek,75,149,Lord of the Lamp,0.20%,https://yugioh-fm-db.pages.dev/cards/149
33,Guardian Sebek,76,249,Water Omotics,0.20%,https://yugioh-fm-db.pages.dev/cards/249
33,Guardian Sebek,77,297,Cyber Soldier of Darkworld,0.20%,https://yugioh-fm-db.pages.dev/cards/297
33,Guardian Sebek,78,352,Kanan the Swordmistress,0.20%,https://yugioh-fm-db.pages.dev/cards/352
33,Guardian Sebek,79,460,Bolt Escargot,0.20%,https://yugioh-fm-db.pages.dev/cards/460
33,Guardian Sebek,80,511,Bean Soldier,0.20%,https://yugioh-fm-db.pages.dev/cards/511
33,Guardian Sebek,81,512,Cannon Soldier,0.20%,https://yugioh-fm-db.pages.dev/cards/512
33,Guardian Sebek,82,542,Misairuzame,1.37%,https://yugioh-fm-db.pages.dev/cards/542
33,Guardian Sebek,83,557,Steel Ogre Grotto #1,1.37%,https://yugioh-fm-db.pages.dev/cards/557
33,Guardian Sebek,84,86,Barox,0.20%,https://yugioh-fm-db.pages.dev/cards/86
33,Guardian Sebek,85,95,Crass Clown,0.20%,https://yugioh-fm-db.pages.dev/cards/95
33,Guardian Sebek,86,404,Tatsunootoshigo,0.20%,https://yugioh-fm-db.pages.dev/cards/404
33,Guardian Sebek,87,6,Feral Imp,0.20%,https://yugioh-fm-db.pages.dev/cards/6
33,Guardian Sebek,88,62,Harpie Lady,0.20%,https://yugioh-fm-db.pages.dev/cards/62
33,Guardian Sebek,89,91,Mystic Horseman,0.20%,https://yugioh-fm-db.pages.dev/cards/91
33,Guardian Sebek,90,163,Lisark,0.20%,https://yugioh-fm-db.pages.dev/cards/163
33,Guardian Sebek,91,351,Yaranzo,0.20%,https://yugioh-fm-db.pages.dev/cards/351
33,Guardian Sebek,92,470,Magical Ghost,0.20%,https://yugioh-fm-db.pages.dev/cards/470
33,Guardian Sebek,93,517,Sand Stone,0.20%,https://yugioh-fm-db.pages.dev/cards/517
33,Guardian Sebek,94,587,Mon Larvas,0.20%,https://yugioh-fm-db.pages.dev/cards/587
33,Guardian Sebek,95,595,Fiend Refrection #1,0.20%,https://yugioh-fm-db.pages.dev/cards/595
33,Guardian Sebek,96,626,Amazon of the Seas,0.20%,https://yugioh-fm-db.pages.dev/cards/626
33,Guardian Sebek,97,13,Tyhone,0.20%,https://yugioh-fm-db.pages.dev/cards/13
33,Guardian Sebek,98,27,Beaver Warrior,0.20%,https://yugioh-fm-db.pages.dev/cards/27
33,Guardian Sebek,99,46,Griffore,0.20%,https://yugioh-fm-db.pages.dev/cards/46
33,Guardian Sebek,100,49,Big Insect,0.20%,https://yugioh-fm-db.pages.dev/cards/49
33,Guardian Sebek,101,54,Gokibore,0.20%,https://yugioh-fm-db.pages.dev/cards/54
33,Guardian Sebek,102,70,Fiend Kraken,0.20%,https://yugioh-fm-db.pages.dev/cards/70
33,Guardian Sebek,103,71,Jellyfish,0.20%,https://yugioh-fm-db.pages.dev/cards/71
33,Guardian Sebek,104,128,LaMoon,0.20%,https://yugioh-fm-db.pages.dev/cards/128
33,Guardian Sebek,105,216,Dryad,0.20%,https://yugioh-fm-db.pages.dev/cards/216
33,Guardian Sebek,106,287,Ogre of the Black Shadow,0.20%,https://yugioh-fm-db.pages.dev/cards/287
33,Guardian Sebek,107,412,Giga-tech Wolf,0.20%,https://yugioh-fm-db.pages.dev/cards/412
33,Guardian Sebek,108,384,Dark Rabbit,0.20%,https://yugioh-fm-db.pages.dev/cards/384
33,Guardian Sebek,109,89,Catapult Turtle,1.37%,https://yugioh-fm-db.pages.dev/cards/89
33,Guardian Sebek,110,83,Castle of Dark Illusions,0.20%,https://yugioh-fm-db.pages.dev/cards/83
33,Guardian Sebek,111,418,Golgoil,0.20%,https://yugioh-fm-db.pages.dev/cards/418
33,Guardian Sebek,112,497,Yado Karu,0.20%,https://yugioh-fm-db.pages.dev/cards/497
33,Guardian Sebek,113,416,Blocker,0.20%,https://yugioh-fm-db.pages.dev/cards/416
33,Guardian Sebek,114,2,Mystical Elf,0.20%,https://yugioh-fm-db.pages.dev/cards/2
33,Guardian Sebek,115,170,Spirit of the Harp,0.20%,https://yugioh-fm-db.pages.dev/cards/170
33,Guardian Sebek,116,325,Machine Conversion Factory,3.91%,https://yugioh-fm-db.pages.dev/cards/325
33,Guardian Sebek,117,362,Millennium Shield,1.37%,https://yugioh-fm-db.pages.dev/cards/362
33,Guardian Sebek,118,366,Labyrinth Wall,1.37%,https://yugioh-fm-db.pages.dev/cards/366
33,Guardian Sebek,119,658,Metalmorph,3.13%,https://yugioh-fm-db.pages.dev/cards/658
33,Guardian Sebek,120,669,Shadow Spell,7.81%,https://yugioh-fm-db.pages.dev/cards/669
33,Guardian Sebek,121,685,Acid Trap Hole,3.13%,https://yugioh-fm-db.pages.dev/cards/685
33,Guardian Sebek,122,687,Goblin Fan,3.13%,https://yugioh-fm-db.pages.dev/cards/687
33,Guardian Sebek,123,690,Fake Trap,1.76%,https://yugioh-fm-db.pages.dev/cards/690
31,Labyrinth Mage,1,374,Gate Guardian,2.34%,https://yugioh-fm-db.pages.dev/cards/374
31,Labyrinth Mage,2,613,Twin-headed Thunder Dragon,2.34%,https://yugioh-fm-db.pages.dev/cards/613
31,Labyrinth Mage,3,371,Sanga of the Thunder,2.34%,https://yugioh-fm-db.pages.dev/cards/371
31,Labyrinth Mage,4,373,Suijin,2.34%,https://yugioh-fm-db.pages.dev/cards/373
31,Labyrinth Mage,5,370,Labyrinth Tank,2.34%,https://yugioh-fm-db.pages.dev/cards/370
31,Labyrinth Mage,6,372,Kazejin,2.34%,https://yugioh-fm-db.pages.dev/cards/372
31,Labyrinth Mage,7,367,Jirai Gumo,0.59%,https://yugioh-fm-db.pages.dev/cards/367
31,Labyrinth Mage,8,564,Great Mammoth of Goldfine,2.34%,https://yugioh-fm-db.pages.dev/cards/564
31,Labyrinth Mage,9,223,Roaring Ocean Snake,1.17%,https://yugioh-fm-db.pages.dev/cards/223
31,Labyrinth Mage,10,531,Mystical Sand,1.17%,https://yugioh-fm-db.pages.dev/cards/531
31,Labyrinth Mage,11,426,Stone D.,2.34%,https://yugioh-fm-db.pages.dev/cards/426
31,Labyrinth Mage,12,453,Millennium Golem,2.34%,https://yugioh-fm-db.pages.dev/cards/453
31,Labyrinth Mage,13,458,Kaminari Attack,1.17%,https://yugioh-fm-db.pages.dev/cards/458
31,Labyrinth Mage,14,520,Turtle Bird,1.17%,https://yugioh-fm-db.pages.dev/cards/520
31,Labyrinth Mage,15,639,Amphibious Bugroth,1.17%,https://yugioh-fm-db.pages.dev/cards/639
31,Labyrinth Mage,16,99,Pumpking the King of Ghosts,1.17%,https://yugioh-fm-db.pages.dev/cards/99
31,Labyrinth Mage,17,375,Dungeon Worm,1.17%,https://yugioh-fm-db.pages.dev/cards/375
31,Labyrinth Mage,18,376,Monster Tamer,1.17%,https://yugioh-fm-db.pages.dev/cards/376
31,Labyrinth Mage,19,400,Emperor of the Land and Sea,1.17%,https://yugioh-fm-db.pages.dev/cards/400
31,Labyrinth Mage,20,447,Giant Red Seasnake,0.59%,https://yugioh-fm-db.pages.dev/cards/447
31,Labyrinth Mage,21,150,Akihiron,1.17%,https://yugioh-fm-db.pages.dev/cards/150
31,Labyrinth Mage,22,545,Skelgon,1.17%,https://yugioh-fm-db.pages.dev/cards/545
31,Labyrinth Mage,23,624,High Tide Gyojin,0.59%,https://yugioh-fm-db.pages.dev/cards/624
31,Labyrinth Mage,24,131,Octoberser,1.17%,https://yugioh-fm-db.pages.dev/cards/131
31,Labyrinth Mage,25,368,Shadow Ghoul,0.59%,https://yugioh-fm-db.pages.dev/cards/368
31,Labyrinth Mage,26,369,Wall Shadow,2.34%,https://yugioh-fm-db.pages.dev/cards/369
31,Labyrinth Mage,27,425,Thunder Dragon,1.17%,https://yugioh-fm-db.pages.dev/cards/425
31,Labyrinth Mage,28,519,Fire Kraken,1.17%,https://yugioh-fm-db.pages.dev/cards/519
31,Labyrinth Mage,29,596,Ghoul with an Appetite,0.59%,https://yugioh-fm-db.pages.dev/cards/596
31,Labyrinth Mage,30,625,Fairy of the Fountain,0.59%,https://yugioh-fm-db.pages.dev/cards/625
31,Labyrinth Mage,31,632,Stone Ogre Grotto,1.17%,https://yugioh-fm-db.pages.dev/cards/632
31,Labyrinth Mage,32,599,Violent Rain,0.59%,https://yugioh-fm-db.pages.dev/cards/599
31,Labyrinth Mage,33,36,The Snake Hair,0.59%,https://yugioh-fm-db.pages.dev/cards/36
31,Labyrinth Mage,34,51,Armored Lizard,0.59%,https://yugioh-fm-db.pages.dev/cards/51
31,Labyrinth Mage,35,454,Destroyer Golem,0.59%,https://yugioh-fm-db.pages.dev/cards/454
31,Labyrinth Mage,36,462,The Immortal of Thunder,0.59%,https://yugioh-fm-db.pages.dev/cards/462
31,Labyrinth Mage,37,647,Hyosube,0.59%,https://yugioh-fm-db.pages.dev/cards/647
31,Labyrinth Mage,38,518,Boulder Tortoise,1.17%,https://yugioh-fm-db.pages.dev/cards/518
31,Labyrinth Mage,39,249,Water Omotics,0.59%,https://yugioh-fm-db.pages.dev/cards/249
31,Labyrinth Mage,40,430,Water Magician,0.59%,https://yugioh-fm-db.pages.dev/cards/430
31,Labyrinth Mage,41,460,Bolt Escargot,0.59%,https://yugioh-fm-db.pages.dev/cards/460
31,Labyrinth Mage,42,593,Giant Turtle Who Feeds on Flames,1.17%,https://yugioh-fm-db.pages.dev/cards/593
31,Labyrinth Mage,43,630,Ancient Lizard Warrior,0.59%,https://yugioh-fm-db.pages.dev/cards/630
31,Labyrinth Mage,44,550,Behegon,0.59%,https://yugioh-fm-db.pages.dev/cards/550
31,Labyrinth Mage,45,74,Giant Soldier of Stone,1.17%,https://yugioh-fm-db.pages.dev/cards/74
31,Labyrinth Mage,46,77,Grappler,0.59%,https://yugioh-fm-db.pages.dev/cards/77
31,Labyrinth Mage,47,351,Yaranzo,0.59%,https://yugioh-fm-db.pages.dev/cards/351
31,Labyrinth Mage,48,445,Guardian of the Sea,0.59%,https://yugioh-fm-db.pages.dev/cards/445
31,Labyrinth Mage,49,456,Minomushi Warrior,0.59%,https://yugioh-fm-db.pages.dev/cards/456
31,Labyrinth Mage,50,470,Magical Ghost,0.59%,https://yugioh-fm-db.pages.dev/cards/470
31,Labyrinth Mage,51,517,Sand Stone,0.59%,https://yugioh-fm-db.pages.dev/cards/517
31,Labyrinth Mage,52,646,Gruesome Goo,0.59%,https://yugioh-fm-db.pages.dev/cards/646
31,Labyrinth Mage,53,435,Water Girl,0.59%,https://yugioh-fm-db.pages.dev/cards/435
31,Labyrinth Mage,54,449,"30,000-Year White Turtle",1.17%,https://yugioh-fm-db.pages.dev/cards/449
31,Labyrinth Mage,55,30,Zombie Warrior,0.59%,https://yugioh-fm-db.pages.dev/cards/30
31,Labyrinth Mage,56,70,Fiend Kraken,0.59%,https://yugioh-fm-db.pages.dev/cards/70
31,Labyrinth Mage,57,71,Jellyfish,0.59%,https://yugioh-fm-db.pages.dev/cards/71
31,Labyrinth Mage,58,132,The 13th Grave,0.59%,https://yugioh-fm-db.pages.dev/cards/132
31,Labyrinth Mage,59,241,Dark Assailant,0.59%,https://yugioh-fm-db.pages.dev/cards/241
31,Labyrinth Mage,60,361,Flying Penguin,0.59%,https://yugioh-fm-db.pages.dev/cards/361
31,Labyrinth Mage,61,450,Kappa Avenger,0.59%,https://yugioh-fm-db.pages.dev/cards/450
31,Labyrinth Mage,62,457,Stone Ghost,0.59%,https://yugioh-fm-db.pages.dev/cards/457
31,Labyrinth Mage,63,459,Tripwire Beast,0.59%,https://yugioh-fm-db.pages.dev/cards/459
31,Labyrinth Mage,64,566,Yormungarde,0.59%,https://yugioh-fm-db.pages.dev/cards/566
31,Labyrinth Mage,65,623,The Thing That Hides in the Mud,0.59%,https://yugioh-fm-db.pages.dev/cards/623
31,Labyrinth Mage,66,431,Ice Water,0.59%,https://yugioh-fm-db.pages.dev/cards/431
31,Labyrinth Mage,67,634,Night Lizard,0.59%,https://yugioh-fm-db.pages.dev/cards/634
31,Labyrinth Mage,68,76,Krokodilus,0.59%,https://yugioh-fm-db.pages.dev/cards/76
31,Labyrinth Mage,69,474,Sea Kamen,0.59%,https://yugioh-fm-db.pages.dev/cards/474
31,Labyrinth Mage,70,515,The Statue of Easter Island,0.59%,https://yugioh-fm-db.pages.dev/cards/515
31,Labyrinth Mage,71,89,Catapult Turtle,1.17%,https://yugioh-fm-db.pages.dev/cards/89
31,Labyrinth Mage,72,140,Toad Master,0.59%,https://yugioh-fm-db.pages.dev/cards/140
31,Labyrinth Mage,73,193,Turtle Tiger,0.59%,https://yugioh-fm-db.pages.dev/cards/193
31,Labyrinth Mage,74,196,Arma Knight,0.59%,https://yugioh-fm-db.pages.dev/cards/196
31,Labyrinth Mage,75,258,Beastking of the Swamps,0.59%,https://yugioh-fm-db.pages.dev/cards/258
31,Labyrinth Mage,76,455,Barrel Rock,0.59%,https://yugioh-fm-db.pages.dev/cards/455
31,Labyrinth Mage,77,583,Weather Report,0.59%,https://yugioh-fm-db.pages.dev/cards/583
31,Labyrinth Mage,78,146,Temple of Skulls,0.59%,https://yugioh-fm-db.pages.dev/cards/146
31,Labyrinth Mage,79,153,Dokuroizo the Grim Reaper,0.59%,https://yugioh-fm-db.pages.dev/cards/153
31,Labyrinth Mage,80,497,Yado Karu,0.59%,https://yugioh-fm-db.pages.dev/cards/497
31,Labyrinth Mage,81,615,Armored Starfish,0.59%,https://yugioh-fm-db.pages.dev/cards/615
31,Labyrinth Mage,82,28,Rock Ogre Grotto #1,0.59%,https://yugioh-fm-db.pages.dev/cards/28
31,Labyrinth Mage,83,257,Stone Armadiller,0.59%,https://yugioh-fm-db.pages.dev/cards/257
31,Labyrinth Mage,84,381,Toon Alligator,0.59%,https://yugioh-fm-db.pages.dev/cards/381
31,Labyrinth Mage,85,263,Rock Ogre Grotto #2,0.59%,https://yugioh-fm-db.pages.dev/cards/263
31,Labyrinth Mage,86,320,Stop Defense,2.34%,https://yugioh-fm-db.pages.dev/cards/320
31,Labyrinth Mage,87,366,Labyrinth Wall,1.17%,https://yugioh-fm-db.pages.dev/cards/366
31,Labyrinth Mage,88,652,Magical Labyrinth,1.17%,https://yugioh-fm-db.pages.dev/cards/652
31,Labyrinth Mage,89,655,Cursebreaker,1.17%,https://yugioh-fm-db.pages.dev/cards/655
31,Labyrinth Mage,90,660,Stain Storm,5.86%,https://yugioh-fm-db.pages.dev/cards/660
31,Labyrinth Mage,91,685,Acid Trap Hole,3.13%,https://yugioh-fm-db.pages.dev/cards/685
31,Labyrinth Mage,92,689,Reverse Trap,3.13%,https://yugioh-fm-db.pages.dev/cards/689
31,Labyrinth Mage,93,690,Fake Trap,2.93%,https://yugioh-fm-db.pages.dev/cards/690
38,Nitemare,1,380,Blue-eyes Ultimate Dragon,1.56%,https://yugioh-fm-db.pages.dev/cards/380
38,Nitemare,2,374,Gate Guardian,1.56%,https://yugioh-fm-db.pages.dev/cards/374
38,Nitemare,3,67,Perfectly Ultimate Great Moth,1.56%,https://yugioh-fm-db.pages.dev/cards/67
38,Nitemare,4,713,Meteor B. Dragon,1.56%,https://yugioh-fm-db.pages.dev/cards/713
38,Nitemare,5,217,B. Skull Dragon,1.56%,https://yugioh-fm-db.pages.dev/cards/217
38,Nitemare,6,1,Blue-eyes White Dragon,1.56%,https://yugioh-fm-db.pages.dev/cards/1
38,Nitemare,7,364,Black Luster Soldier,1.56%,https://yugioh-fm-db.pages.dev/cards/364
38,Nitemare,8,392,Metalzoa,1.56%,https://yugioh-fm-db.pages.dev/cards/392
38,Nitemare,9,708,Cosmo Queen,1.56%,https://yugioh-fm-db.pages.dev/cards/708
38,Nitemare,10,705,Tri-horned Dragon,1.56%,https://yugioh-fm-db.pages.dev/cards/705
38,Nitemare,11,613,Twin-headed Thunder Dragon,7.23%,https://yugioh-fm-db.pages.dev/cards/613
38,Nitemare,12,703,Sengenjin,1.56%,https://yugioh-fm-db.pages.dev/cards/703
38,Nitemare,13,707,Skull Knight,1.17%,https://yugioh-fm-db.pages.dev/cards/707
38,Nitemare,14,37,Gaia the Dragon Champion,1.17%,https://yugioh-fm-db.pages.dev/cards/37
38,Nitemare,15,57,Great Moth,1.56%,https://yugioh-fm-db.pages.dev/cards/57
38,Nitemare,16,371,Sanga of the Thunder,1.17%,https://yugioh-fm-db.pages.dev/cards/371
38,Nitemare,17,391,Zoa,0.78%,https://yugioh-fm-db.pages.dev/cards/391
38,Nitemare,18,710,Crab Turtle,1.56%,https://yugioh-fm-db.pages.dev/cards/710
38,Nitemare,19,716,Garma Sword,1.56%,https://yugioh-fm-db.pages.dev/cards/716
38,Nitemare,20,35,Dark Magician,1.17%,https://yugioh-fm-db.pages.dev/cards/35
38,Nitemare,21,358,Seiyaryu,1.17%,https://yugioh-fm-db.pages.dev/cards/358
38,Nitemare,22,373,Suijin,1.17%,https://yugioh-fm-db.pages.dev/cards/373
38,Nitemare,23,709,Chakra,0.78%,https://yugioh-fm-db.pages.dev/cards/709
38,Nitemare,24,717,Javelin Beetle,1.17%,https://yugioh-fm-db.pages.dev/cards/717
38,Nitemare,25,69,Thousand Dragon,0.78%,https://yugioh-fm-db.pages.dev/cards/69
38,Nitemare,26,82,Red-eyes B. Dragon,0.78%,https://yugioh-fm-db.pages.dev/cards/82
38,Nitemare,27,370,Labyrinth Tank,1.17%,https://yugioh-fm-db.pages.dev/cards/370
38,Nitemare,28,372,Kazejin,0.78%,https://yugioh-fm-db.pages.dev/cards/372
38,Nitemare,29,706,Serpent Night Dragon,1.56%,https://yugioh-fm-db.pages.dev/cards/706
38,Nitemare,30,718,Fortress Whale,0.78%,https://yugioh-fm-db.pages.dev/cards/718
38,Nitemare,31,38,Gaia the Fierce Knight,0.78%,https://yugioh-fm-db.pages.dev/cards/38
38,Nitemare,32,385,Bickuribox,0.78%,https://yugioh-fm-db.pages.dev/cards/385
38,Nitemare,33,427,Kaiser Dragon,1.56%,https://yugioh-fm-db.pages.dev/cards/427
38,Nitemare,34,467,Crimson Sunbird,3.52%,https://yugioh-fm-db.pages.dev/cards/467
38,Nitemare,35,442,Aqua Dragon,5.86%,https://yugioh-fm-db.pages.dev/cards/442
38,Nitemare,36,714,Firewing Pegasus,0.78%,https://yugioh-fm-db.pages.dev/cards/714
38,Nitemare,37,390,Launcher Spider,1.17%,https://yugioh-fm-db.pages.dev/cards/390
38,Nitemare,38,407,Machine King,2.25%,https://yugioh-fm-db.pages.dev/cards/407
38,Nitemare,39,471,Soul Hunter,2.34%,https://yugioh-fm-db.pages.dev/cards/471
38,Nitemare,40,509,Bracchio-raidus,1.95%,https://yugioh-fm-db.pages.dev/cards/509
38,Nitemare,41,564,Great Mammoth of Goldfine,2.34%,https://yugioh-fm-db.pages.dev/cards/564
38,Nitemare,42,711,Mikazukinoyaiba,0.78%,https://yugioh-fm-db.pages.dev/cards/711
38,Nitemare,43,401,Ushi Oni,3.13%,https://yugioh-fm-db.pages.dev/cards/401
38,Nitemare,44,223,Roaring Ocean Snake,0.39%,https://yugioh-fm-db.pages.dev/cards/223
38,Nitemare,45,465,Punished Eagle,0.39%,https://yugioh-fm-db.pages.dev/cards/465
38,Nitemare,46,529,Flame Cerebrus,0.39%,https://yugioh-fm-db.pages.dev/cards/529
38,Nitemare,47,531,Mystical Sand,0.39%,https://yugioh-fm-db.pages.dev/cards/531
38,Nitemare,48,571,B. Dragon Jungle King,0.39%,https://yugioh-fm-db.pages.dev/cards/571
38,Nitemare,49,572,Empress Judge,0.39%,https://yugioh-fm-db.pages.dev/cards/572
38,Nitemare,50,704,Skull Guardian,0.78%,https://yugioh-fm-db.pages.dev/cards/704
38,Nitemare,51,386,Harpie's Pet Dragon,0.78%,https://yugioh-fm-db.pages.dev/cards/386
38,Nitemare,52,426,Stone D.,0.98%,https://yugioh-fm-db.pages.dev/cards/426
38,Nitemare,53,443,Sea King Dragon,0.39%,https://yugioh-fm-db.pages.dev/cards/443
38,Nitemare,54,453,Millennium Golem,1.95%,https://yugioh-fm-db.pages.dev/cards/453
38,Nitemare,55,500,Dragon Seeker,3.52%,https://yugioh-fm-db.pages.dev/cards/500
38,Nitemare,56,522,Monstrous Bird,0.39%,https://yugioh-fm-db.pages.dev/cards/522
38,Nitemare,57,594,Rose Spectre of Dunn,0.39%,https://yugioh-fm-db.pages.dev/cards/594
38,Nitemare,58,715,Psycho-Puppet,0.78%,https://yugioh-fm-db.pages.dev/cards/715
38,Nitemare,59,63,Harpie Lady Sisters,3.91%,https://yugioh-fm-db.pages.dev/cards/63
38,Nitemare,60,424,Sky Dragon,0.39%,https://yugioh-fm-db.pages.dev/cards/424
38,Nitemare,61,520,Turtle Bird,0.39%,https://yugioh-fm-db.pages.dev/cards/520
38,Nitemare,62,627,Nekogal #2,0.39%,https://yugioh-fm-db.pages.dev/cards/627
38,Nitemare,63,645,Royal Guard,3.52%,https://yugioh-fm-db.pages.dev/cards/645
38,Nitemare,64,79,Megazowler,0.39%,https://yugioh-fm-db.pages.dev/cards/79
38,Nitemare,65,90,Gyakutenno Megami,0.39%,https://yugioh-fm-db.pages.dev/cards/90
38,Nitemare,66,99,Pumpking the King of Ghosts,0.39%,https://yugioh-fm-db.pages.dev/cards/99
38,Nitemare,67,712,Meteor Dragon,4.39%,https://yugioh-fm-db.pages.dev/cards/712
38,Nitemare,68,555,Tyhone #2,0.39%,https://yugioh-fm-db.pages.dev/cards/555
38,Nitemare,69,369,Wall Shadow,0.78%,https://yugioh-fm-db.pages.dev/cards/369
38,Nitemare,70,518,Boulder Tortoise,0.39%,https://yugioh-fm-db.pages.dev/cards/518
36,Seto 3rd,1,380,Blue-eyes Ultimate Dragon,3.91%,https://yugioh-fm-db.pages.dev/cards/380
36,Seto 3rd,2,374,Gate Guardian,3.13%,https://yugioh-fm-db.pages.dev/cards/374
36,Seto 3rd,3,713,Meteor B. Dragon,2.34%,https://yugioh-fm-db.pages.dev/cards/713
36,Seto 3rd,4,217,B. Skull Dragon,2.34%,https://yugioh-fm-db.pages.dev/cards/217
36,Seto 3rd,5,1,Blue-eyes White Dragon,5.86%,https://yugioh-fm-db.pages.dev/cards/1
36,Seto 3rd,6,392,Metalzoa,2.34%,https://yugioh-fm-db.pages.dev/cards/392
36,Seto 3rd,7,613,Twin-headed Thunder Dragon,1.17%,https://yugioh-fm-db.pages.dev/cards/613
36,Seto 3rd,8,37,Gaia the Dragon Champion,1.56%,https://yugioh-fm-db.pages.dev/cards/37
36,Seto 3rd,9,371,Sanga of the Thunder,1.17%,https://yugioh-fm-db.pages.dev/cards/371
36,Seto 3rd,10,391,Zoa,1.17%,https://yugioh-fm-db.pages.dev/cards/391
36,Seto 3rd,11,22,Summoned Skull,0.78%,https://yugioh-fm-db.pages.dev/cards/22
36,Seto 3rd,12,35,Dark Magician,1.56%,https://yugioh-fm-db.pages.dev/cards/35
36,Seto 3rd,13,358,Seiyaryu,1.56%,https://yugioh-fm-db.pages.dev/cards/358
36,Seto 3rd,14,373,Suijin,1.17%,https://yugioh-fm-db.pages.dev/cards/373
36,Seto 3rd,15,69,Thousand Dragon,1.17%,https://yugioh-fm-db.pages.dev/cards/69
36,Seto 3rd,16,82,Red-eyes B. Dragon,1.17%,https://yugioh-fm-db.pages.dev/cards/82
36,Seto 3rd,17,370,Labyrinth Tank,1.56%,https://yugioh-fm-db.pages.dev/cards/370
36,Seto 3rd,18,372,Kazejin,1.17%,https://yugioh-fm-db.pages.dev/cards/372
36,Seto 3rd,19,38,Gaia the Fierce Knight,1.17%,https://yugioh-fm-db.pages.dev/cards/38
36,Seto 3rd,20,385,Bickuribox,1.17%,https://yugioh-fm-db.pages.dev/cards/385
36,Seto 3rd,21,427,Kaiser Dragon,1.17%,https://yugioh-fm-db.pages.dev/cards/427
36,Seto 3rd,22,467,Crimson Sunbird,0.78%,https://yugioh-fm-db.pages.dev/cards/467
36,Seto 3rd,23,442,Aqua Dragon,1.17%,https://yugioh-fm-db.pages.dev/cards/442
36,Seto 3rd,24,390,Launcher Spider,1.56%,https://yugioh-fm-db.pages.dev/cards/390
36,Seto 3rd,25,407,Machine King,1.17%,https://yugioh-fm-db.pages.dev/cards/407
36,Seto 3rd,26,471,Soul Hunter,1.17%,https://yugioh-fm-db.pages.dev/cards/471
36,Seto 3rd,27,509,Bracchio-raidus,1.17%,https://yugioh-fm-db.pages.dev/cards/509
36,Seto 3rd,28,564,Great Mammoth of Goldfine,1.17%,https://yugioh-fm-db.pages.dev/cards/564
36,Seto 3rd,29,401,Ushi Oni,1.17%,https://yugioh-fm-db.pages.dev/cards/401
36,Seto 3rd,30,223,Roaring Ocean Snake,0.78%,https://yugioh-fm-db.pages.dev/cards/223
36,Seto 3rd,31,465,Punished Eagle,0.78%,https://yugioh-fm-db.pages.dev/cards/465
36,Seto 3rd,32,472,Air Eater,0.78%,https://yugioh-fm-db.pages.dev/cards/472
36,Seto 3rd,33,529,Flame Cerebrus,0.78%,https://yugioh-fm-db.pages.dev/cards/529
36,Seto 3rd,34,531,Mystical Sand,0.78%,https://yugioh-fm-db.pages.dev/cards/531
36,Seto 3rd,35,571,B. Dragon Jungle King,0.78%,https://yugioh-fm-db.pages.dev/cards/571
36,Seto 3rd,36,572,Empress Judge,0.78%,https://yugioh-fm-db.pages.dev/cards/572
36,Seto 3rd,37,85,King of Yamimakai,0.78%,https://yugioh-fm-db.pages.dev/cards/85
36,Seto 3rd,38,92,Rabid Horseman,0.78%,https://yugioh-fm-db.pages.dev/cards/92
36,Seto 3rd,39,378,Swordstalker,0.78%,https://yugioh-fm-db.pages.dev/cards/378
36,Seto 3rd,40,386,Harpie's Pet Dragon,1.17%,https://yugioh-fm-db.pages.dev/cards/386
36,Seto 3rd,41,426,Stone D.,1.17%,https://yugioh-fm-db.pages.dev/cards/426
36,Seto 3rd,42,453,Millennium Golem,1.17%,https://yugioh-fm-db.pages.dev/cards/453
36,Seto 3rd,43,500,Dragon Seeker,1.17%,https://yugioh-fm-db.pages.dev/cards/500
36,Seto 3rd,44,522,Monstrous Bird,0.78%,https://yugioh-fm-db.pages.dev/cards/522
36,Seto 3rd,45,594,Rose Spectre of Dunn,0.78%,https://yugioh-fm-db.pages.dev/cards/594
36,Seto 3rd,46,63,Harpie Lady Sisters,1.17%,https://yugioh-fm-db.pages.dev/cards/63
36,Seto 3rd,47,627,Nekogal #2,0.78%,https://yugioh-fm-db.pages.dev/cards/627
36,Seto 3rd,48,645,Royal Guard,1.17%,https://yugioh-fm-db.pages.dev/cards/645
36,Seto 3rd,49,79,Megazowler,0.78%,https://yugioh-fm-db.pages.dev/cards/79
36,Seto 3rd,50,90,Gyakutenno Megami,0.78%,https://yugioh-fm-db.pages.dev/cards/90
36,Seto 3rd,51,99,Pumpking the King of Ghosts,0.78%,https://yugioh-fm-db.pages.dev/cards/99
36,Seto 3rd,52,712,Meteor Dragon,0.78%,https://yugioh-fm-db.pages.dev/cards/712
36,Seto 3rd,53,526,Neck Hunter,0.78%,https://yugioh-fm-db.pages.dev/cards/526
36,Seto 3rd,54,204,Mabarrel,0.78%,https://yugioh-fm-db.pages.dev/cards/204
36,Seto 3rd,55,650,Whiptail Crow,0.78%,https://yugioh-fm-db.pages.dev/cards/650
36,Seto 3rd,56,87,Dark Chimera,0.78%,https://yugioh-fm-db.pages.dev/cards/87
36,Seto 3rd,57,369,Wall Shadow,1.56%,https://yugioh-fm-db.pages.dev/cards/369
36,Seto 3rd,58,84,Reaper of the Cards,0.78%,https://yugioh-fm-db.pages.dev/cards/84
36,Seto 3rd,59,88,Metal Guardian,0.78%,https://yugioh-fm-db.pages.dev/cards/88
36,Seto 3rd,60,337,Raigeki,5.86%,https://yugioh-fm-db.pages.dev/cards/337
36,Seto 3rd,61,669,Shadow Spell,5.86%,https://yugioh-fm-db.pages.dev/cards/669
36,Seto 3rd,62,672,Harpie's Feather Duster,7.81%,https://yugioh-fm-db.pages.dev/cards/672
36,Seto 3rd,63,686,Widespread Ruin,5.86%,https://yugioh-fm-db.pages.dev/cards/686
37,DarkNite,1,713,Meteor B. Dragon,1.56%,https://yugioh-fm-db.pages.dev/cards/713
37,DarkNite,2,217,B. Skull Dragon,1.56%,https://yugioh-fm-db.pages.dev/cards/217
37,DarkNite,3,1,Blue-eyes White Dragon,1.56%,https://yugioh-fm-db.pages.dev/cards/1
37,DarkNite,4,708,Cosmo Queen,3.91%,https://yugioh-fm-db.pages.dev/cards/708
37,DarkNite,5,37,Gaia the Dragon Champion,0.78%,https://yugioh-fm-db.pages.dev/cards/37
37,DarkNite,6,22,Summoned Skull,0.39%,https://yugioh-fm-db.pages.dev/cards/22
37,DarkNite,7,358,Seiyaryu,0.78%,https://yugioh-fm-db.pages.dev/cards/358
37,DarkNite,8,69,Thousand Dragon,0.78%,https://yugioh-fm-db.pages.dev/cards/69
37,DarkNite,9,82,Red-eyes B. Dragon,0.78%,https://yugioh-fm-db.pages.dev/cards/82
37,DarkNite,10,385,Bickuribox,0.78%,https://yugioh-fm-db.pages.dev/cards/385
37,DarkNite,11,427,Kaiser Dragon,0.78%,https://yugioh-fm-db.pages.dev/cards/427
37,DarkNite,12,467,Crimson Sunbird,0.78%,https://yugioh-fm-db.pages.dev/cards/467
37,DarkNite,13,33,Judge Man,0.39%,https://yugioh-fm-db.pages.dev/cards/33
37,DarkNite,14,465,Punished Eagle,0.20%,https://yugioh-fm-db.pages.dev/cards/465
37,DarkNite,15,472,Air Eater,0.20%,https://yugioh-fm-db.pages.dev/cards/472
37,DarkNite,16,531,Mystical Sand,0.20%,https://yugioh-fm-db.pages.dev/cards/531
37,DarkNite,17,565,Man-eating Black Shark,0.05%,https://yugioh-fm-db.pages.dev/cards/565
37,DarkNite,18,571,B. Dragon Jungle King,0.20%,https://yugioh-fm-db.pages.dev/cards/571
37,DarkNite,19,572,Empress Judge,0.20%,https://yugioh-fm-db.pages.dev/cards/572
37,DarkNite,20,39,Curse of Dragon,0.39%,https://yugioh-fm-db.pages.dev/cards/39
37,DarkNite,21,85,King of Yamimakai,0.39%,https://yugioh-fm-db.pages.dev/cards/85
37,DarkNite,22,92,Rabid Horseman,0.39%,https://yugioh-fm-db.pages.dev/cards/92
37,DarkNite,23,378,Swordstalker,0.39%,https://yugioh-fm-db.pages.dev/cards/378
37,DarkNite,24,383,Parrot Dragon,0.05%,https://yugioh-fm-db.pages.dev/cards/383
37,DarkNite,25,386,Harpie's Pet Dragon,0.78%,https://yugioh-fm-db.pages.dev/cards/386
37,DarkNite,26,443,Sea King Dragon,0.29%,https://yugioh-fm-db.pages.dev/cards/443
37,DarkNite,27,483,Garvas,0.20%,https://yugioh-fm-db.pages.dev/cards/483
37,DarkNite,28,522,Monstrous Bird,0.20%,https://yugioh-fm-db.pages.dev/cards/522
37,DarkNite,29,594,Rose Spectre of Dunn,0.20%,https://yugioh-fm-db.pages.dev/cards/594
37,DarkNite,30,63,Harpie Lady Sisters,0.78%,https://yugioh-fm-db.pages.dev/cards/63
37,DarkNite,31,424,Sky Dragon,0.20%,https://yugioh-fm-db.pages.dev/cards/424
37,DarkNite,32,437,Deepsea Shark,0.20%,https://yugioh-fm-db.pages.dev/cards/437
37,DarkNite,33,473,Vermillion Sparrow,0.05%,https://yugioh-fm-db.pages.dev/cards/473
37,DarkNite,34,482,Pragtical,0.05%,https://yugioh-fm-db.pages.dev/cards/482
37,DarkNite,35,520,Turtle Bird,0.20%,https://yugioh-fm-db.pages.dev/cards/520
37,DarkNite,36,521,Skullbird,0.20%,https://yugioh-fm-db.pages.dev/cards/521
37,DarkNite,37,533,Kwagar Hercules,0.20%,https://yugioh-fm-db.pages.dev/cards/533
37,DarkNite,38,618,Warrior of Tradition,0.20%,https://yugioh-fm-db.pages.dev/cards/618
37,DarkNite,39,627,Nekogal #2,0.20%,https://yugioh-fm-db.pages.dev/cards/627
37,DarkNite,40,409,Metal Dragon,0.20%,https://yugioh-fm-db.pages.dev/cards/409
37,DarkNite,41,577,Crow Goblin,0.05%,https://yugioh-fm-db.pages.dev/cards/577
37,DarkNite,42,14,Battle Steer,0.05%,https://yugioh-fm-db.pages.dev/cards/14
37,DarkNite,43,15,Flame Swordsman,0.20%,https://yugioh-fm-db.pages.dev/cards/15
37,DarkNite,44,68,Garoozis,0.05%,https://yugioh-fm-db.pages.dev/cards/68
37,DarkNite,45,79,Megazowler,0.20%,https://yugioh-fm-db.pages.dev/cards/79
37,DarkNite,46,90,Gyakutenno Megami,0.20%,https://yugioh-fm-db.pages.dev/cards/90
37,DarkNite,47,99,Pumpking the King of Ghosts,0.20%,https://yugioh-fm-db.pages.dev/cards/99
37,DarkNite,48,376,Monster Tamer,0.05%,https://yugioh-fm-db.pages.dev/cards/376
37,DarkNite,49,382,Rude Kaiser,0.05%,https://yugioh-fm-db.pages.dev/cards/382
37,DarkNite,50,464,Wing Eagle,0.05%,https://yugioh-fm-db.pages.dev/cards/464
37,DarkNite,51,487,Flower Wolf,0.05%,https://yugioh-fm-db.pages.dev/cards/487
37,DarkNite,52,575,Ancient One of the Deep Forest,0.20%,https://yugioh-fm-db.pages.dev/cards/575
37,DarkNite,53,582,Dark Witch,0.20%,https://yugioh-fm-db.pages.dev/cards/582
37,DarkNite,54,712,Meteor Dragon,0.20%,https://yugioh-fm-db.pages.dev/cards/712
37,DarkNite,55,11,Sword Arm of Dragon,0.20%,https://yugioh-fm-db.pages.dev/cards/11
37,DarkNite,56,388,Pendulum Machine,0.20%,https://yugioh-fm-db.pages.dev/cards/388
37,DarkNite,57,403,Leogun,0.05%,https://yugioh-fm-db.pages.dev/cards/403
37,DarkNite,58,408,Giant Mech-soldier,0.20%,https://yugioh-fm-db.pages.dev/cards/408
37,DarkNite,59,526,Neck Hunter,0.20%,https://yugioh-fm-db.pages.dev/cards/526
37,DarkNite,60,419,Giganto,0.20%,https://yugioh-fm-db.pages.dev/cards/419
37,DarkNite,61,491,Peacock,0.05%,https://yugioh-fm-db.pages.dev/cards/491
37,DarkNite,62,545,Skelgon,0.20%,https://yugioh-fm-db.pages.dev/cards/545
37,DarkNite,63,555,Tyhone #2,0.20%,https://yugioh-fm-db.pages.dev/cards/555
37,DarkNite,64,423,Dice Armadillo,0.05%,https://yugioh-fm-db.pages.dev/cards/423
37,DarkNite,65,619,Rock Spirit,0.20%,https://yugioh-fm-db.pages.dev/cards/619
37,DarkNite,66,94,Crawling Dragon,0.05%,https://yugioh-fm-db.pages.dev/cards/94
37,DarkNite,67,438,Metal Fish,0.20%,https://yugioh-fm-db.pages.dev/cards/438
37,DarkNite,68,528,Togex,0.05%,https://yugioh-fm-db.pages.dev/cards/528
37,DarkNite,69,52,Hercules Beetle,0.20%,https://yugioh-fm-db.pages.dev/cards/52
37,DarkNite,70,518,Boulder Tortoise,0.20%,https://yugioh-fm-db.pages.dev/cards/518
37,DarkNite,71,42,Illusionist Faceless Mage,0.05%,https://yugioh-fm-db.pages.dev/cards/42
37,DarkNite,72,468,Queen Bird,0.05%,https://yugioh-fm-db.pages.dev/cards/468
37,DarkNite,73,320,Stop Defense,3.91%,https://yugioh-fm-db.pages.dev/cards/320
37,DarkNite,74,330,Forest,3.91%,https://yugioh-fm-db.pages.dev/cards/330
37,DarkNite,75,331,Wasteland,3.91%,https://yugioh-fm-db.pages.dev/cards/331
37,DarkNite,76,332,Mountain,3.91%,https://yugioh-fm-db.pages.dev/cards/332
37,DarkNite,77,333,Sogen,3.91%,https://yugioh-fm-db.pages.dev/cards/333
37,DarkNite,78,334,Umi,3.91%,https://yugioh-fm-db.pages.dev/cards/334
37,DarkNite,79,335,Yami,3.91%,https://yugioh-fm-db.pages.dev/cards/335
37,DarkNite,80,337,Raigeki,3.91%,https://yugioh-fm-db.pages.dev/cards/337
37,DarkNite,81,342,Dian Keto the Cure Master,3.91%,https://yugioh-fm-db.pages.dev/cards/342
37,DarkNite,82,347,Tremendous Fire,3.91%,https://yugioh-fm-db.pages.dev/cards/347
37,DarkNite,83,348,Swords of Revealing Light,3.91%,https://yugioh-fm-db.pages.dev/cards/348
37,DarkNite,84,657,Megamorph,3.91%,https://yugioh-fm-db.pages.dev/cards/657
37,DarkNite,85,661,Crush Card,3.91%,https://yugioh-fm-db.pages.dev/cards/661
37,DarkNite,86,669,Shadow Spell,3.91%,https://yugioh-fm-db.pages.dev/cards/669
37,DarkNite,87,672,Harpie's Feather Duster,3.91%,https://yugioh-fm-db.pages.dev/cards/672
37,DarkNite,88,686,Widespread Ruin,3.91%,https://yugioh-fm-db.pages.dev/cards/686
37,DarkNite,89,687,Goblin Fan,3.91%,https://yugioh-fm-db.pages.dev/cards/687
37,DarkNite,90,688,Bad Reaction to Simochi,3.91%,https://yugioh-fm-db.pages.dev/cards/688
37,DarkNite,91,689,Reverse Trap,3.91%,https://yugioh-fm-db.pages.dev/cards/689
35,Heishin 2nd,1,374,Gate Guardian,3.13%,https://yugioh-fm-db.pages.dev/cards/374
35,Heishin 2nd,2,713,Meteor B. Dragon,1.56%,https://yugioh-fm-db.pages.dev/cards/713
35,Heishin 2nd,3,217,B. Skull Dragon,1.56%,https://yugioh-fm-db.pages.dev/cards/217
35,Heishin 2nd,4,1,Blue-eyes White Dragon,1.56%,https://yugioh-fm-db.pages.dev/cards/1
35,Heishin 2nd,5,392,Metalzoa,1.56%,https://yugioh-fm-db.pages.dev/cards/392
35,Heishin 2nd,6,360,Zera The Mant,1.56%,https://yugioh-fm-db.pages.dev/cards/360
35,Heishin 2nd,7,613,Twin-headed Thunder Dragon,0.78%,https://yugioh-fm-db.pages.dev/cards/613
35,Heishin 2nd,8,37,Gaia the Dragon Champion,0.78%,https://yugioh-fm-db.pages.dev/cards/37
35,Heishin 2nd,9,371,Sanga of the Thunder,0.78%,https://yugioh-fm-db.pages.dev/cards/371
35,Heishin 2nd,10,391,Zoa,0.78%,https://yugioh-fm-db.pages.dev/cards/391
35,Heishin 2nd,11,35,Dark Magician,0.78%,https://yugioh-fm-db.pages.dev/cards/35
35,Heishin 2nd,12,358,Seiyaryu,0.78%,https://yugioh-fm-db.pages.dev/cards/358
35,Heishin 2nd,13,373,Suijin,0.78%,https://yugioh-fm-db.pages.dev/cards/373
35,Heishin 2nd,14,69,Thousand Dragon,0.78%,https://yugioh-fm-db.pages.dev/cards/69
35,Heishin 2nd,15,82,Red-eyes B. Dragon,0.78%,https://yugioh-fm-db.pages.dev/cards/82
35,Heishin 2nd,16,370,Labyrinth Tank,0.78%,https://yugioh-fm-db.pages.dev/cards/370
35,Heishin 2nd,17,372,Kazejin,0.78%,https://yugioh-fm-db.pages.dev/cards/372
35,Heishin 2nd,18,38,Gaia the Fierce Knight,0.78%,https://yugioh-fm-db.pages.dev/cards/38
35,Heishin 2nd,19,385,Bickuribox,0.78%,https://yugioh-fm-db.pages.dev/cards/385
35,Heishin 2nd,20,427,Kaiser Dragon,0.78%,https://yugioh-fm-db.pages.dev/cards/427
35,Heishin 2nd,21,467,Crimson Sunbird,0.78%,https://yugioh-fm-db.pages.dev/cards/467
35,Heishin 2nd,22,442,Aqua Dragon,0.78%,https://yugioh-fm-db.pages.dev/cards/442
35,Heishin 2nd,23,390,Launcher Spider,0.78%,https://yugioh-fm-db.pages.dev/cards/390
35,Heishin 2nd,24,407,Machine King,0.78%,https://yugioh-fm-db.pages.dev/cards/407
35,Heishin 2nd,25,471,Soul Hunter,0.78%,https://yugioh-fm-db.pages.dev/cards/471
35,Heishin 2nd,26,509,Bracchio-raidus,0.78%,https://yugioh-fm-db.pages.dev/cards/509
35,Heishin 2nd,27,564,Great Mammoth of Goldfine,0.78%,https://yugioh-fm-db.pages.dev/cards/564
35,Heishin 2nd,28,401,Ushi Oni,0.78%,https://yugioh-fm-db.pages.dev/cards/401
35,Heishin 2nd,29,223,Roaring Ocean Snake,0.39%,https://yugioh-fm-db.pages.dev/cards/223
35,Heishin 2nd,30,465,Punished Eagle,0.39%,https://yugioh-fm-db.pages.dev/cards/465
35,Heishin 2nd,31,529,Flame Cerebrus,0.39%,https://yugioh-fm-db.pages.dev/cards/529
35,Heishin 2nd,32,531,Mystical Sand,0.39%,https://yugioh-fm-db.pages.dev/cards/531
35,Heishin 2nd,33,571,B. Dragon Jungle King,0.39%,https://yugioh-fm-db.pages.dev/cards/571
35,Heishin 2nd,34,572,Empress Judge,0.39%,https://yugioh-fm-db.pages.dev/cards/572
35,Heishin 2nd,35,386,Harpie's Pet Dragon,0.78%,https://yugioh-fm-db.pages.dev/cards/386
35,Heishin 2nd,36,426,Stone D.,0.78%,https://yugioh-fm-db.pages.dev/cards/426
35,Heishin 2nd,37,453,Millennium Golem,0.78%,https://yugioh-fm-db.pages.dev/cards/453
35,Heishin 2nd,38,500,Dragon Seeker,0.78%,https://yugioh-fm-db.pages.dev/cards/500
35,Heishin 2nd,39,522,Monstrous Bird,0.39%,https://yugioh-fm-db.pages.dev/cards/522
35,Heishin 2nd,40,594,Rose Spectre of Dunn,0.39%,https://yugioh-fm-db.pages.dev/cards/594
35,Heishin 2nd,41,63,Harpie Lady Sisters,0.78%,https://yugioh-fm-db.pages.dev/cards/63
35,Heishin 2nd,42,627,Nekogal #2,0.39%,https://yugioh-fm-db.pages.dev/cards/627
35,Heishin 2nd,43,645,Royal Guard,0.78%,https://yugioh-fm-db.pages.dev/cards/645
35,Heishin 2nd,44,79,Megazowler,0.39%,https://yugioh-fm-db.pages.dev/cards/79
35,Heishin 2nd,45,90,Gyakutenno Megami,0.39%,https://yugioh-fm-db.pages.dev/cards/90
35,Heishin 2nd,46,99,Pumpking the King of Ghosts,0.39%,https://yugioh-fm-db.pages.dev/cards/99
35,Heishin 2nd,47,638,Queen of Autumn Leaves,3.13%,https://yugioh-fm-db.pages.dev/cards/638
35,Heishin 2nd,48,712,Meteor Dragon,0.39%,https://yugioh-fm-db.pages.dev/cards/712
35,Heishin 2nd,49,495,Musician King,0.39%,https://yugioh-fm-db.pages.dev/cards/495
35,Heishin 2nd,50,106,Spirit of the Winds,0.39%,https://yugioh-fm-db.pages.dev/cards/106
35,Heishin 2nd,51,545,Skelgon,0.39%,https://yugioh-fm-db.pages.dev/cards/545
35,Heishin 2nd,52,619,Rock Spirit,0.39%,https://yugioh-fm-db.pages.dev/cards/619
35,Heishin 2nd,53,369,Wall Shadow,0.78%,https://yugioh-fm-db.pages.dev/cards/369
35,Heishin 2nd,54,622,Ill Witch,0.39%,https://yugioh-fm-db.pages.dev/cards/622
35,Heishin 2nd,55,632,Stone Ogre Grotto,0.39%,https://yugioh-fm-db.pages.dev/cards/632
35,Heishin 2nd,56,74,Giant Soldier of Stone,0.39%,https://yugioh-fm-db.pages.dev/cards/74
35,Heishin 2nd,57,525,Spirit of the Mountain,0.39%,https://yugioh-fm-db.pages.dev/cards/525
35,Heishin 2nd,58,42,Illusionist Faceless Mage,0.39%,https://yugioh-fm-db.pages.dev/cards/42
35,Heishin 2nd,59,213,Aqua Madoor,0.39%,https://yugioh-fm-db.pages.dev/cards/213
35,Heishin 2nd,60,21,Exodia the Forbidden,3.13%,https://yugioh-fm-db.pages.dev/cards/21
35,Heishin 2nd,61,266,Princess of Tsurugi,3.13%,https://yugioh-fm-db.pages.dev/cards/266
35,Heishin 2nd,62,635,Queen's Double,3.13%,https://yugioh-fm-db.pages.dev/cards/635
35,Heishin 2nd,63,17,Right Leg of the Forbidden One,3.13%,https://yugioh-fm-db.pages.dev/cards/17
35,Heishin 2nd,64,18,Left Leg of the Forbidden One,3.13%,https://yugioh-fm-db.pages.dev/cards/18
35,Heishin 2nd,65,19,Right Arm of the Forbidden One,3.13%,https://yugioh-fm-db.pages.dev/cards/19
35,Heishin 2nd,66,20,Left Arm of the Forbidden One,3.13%,https://yugioh-fm-db.pages.dev/cards/20
35,Heishin 2nd,67,337,Raigeki,5.86%,https://yugioh-fm-db.pages.dev/cards/337
35,Heishin 2nd,68,348,Swords of Revealing Light,3.13%,https://yugioh-fm-db.pages.dev/cards/348
35,Heishin 2nd,69,366,Labyrinth Wall,0.39%,https://yugioh-fm-db.pages.dev/cards/366
35,Heishin 2nd,70,657,Megamorph,7.81%,https://yugioh-fm-db.pages.dev/cards/657
35,Heishin 2nd,71,672,Harpie's Feather Duster,3.91%,https://yugioh-fm-db.pages.dev/cards/672
35,Heishin 2nd,72,686,Widespread Ruin,5.86%,https://yugioh-fm-db.pages.dev/cards/686
35,Heishin 2nd,73,690,Fake Trap,2.34%,https://yugioh-fm-db.pages.dev/cards/690
35,Heishin 2nd,74,698,Cosmo Queen's Prayer,3.13%,https://yugioh-fm-db.pages.dev/cards/698
39,Duel Master K,1,21,Exodia the Forbidden,0.05%,https://yugioh-fm-db.pages.dev/cards/21
39,Duel Master K,2,9,Shadow Specter,3.52%,https://yugioh-fm-db.pages.dev/cards/9
39,Duel Master K,3,167,Ancient Jar,3.91%,https://yugioh-fm-db.pages.dev/cards/167
39,Duel Master K,4,192,Key Mace,3.52%,https://yugioh-fm-db.pages.dev/cards/192
39,Duel Master K,5,289,Change Slime,3.52%,https://yugioh-fm-db.pages.dev/cards/289
39,Duel Master K,6,387,Mystic Lamp,3.52%,https://yugioh-fm-db.pages.dev/cards/387
39,Duel Master K,7,504,Fungi of the Musk,3.52%,https://yugioh-fm-db.pages.dev/cards/504
39,Duel Master K,8,548,Bone Mouse,3.52%,https://yugioh-fm-db.pages.dev/cards/548
39,Duel Master K,9,547,Griggle,3.91%,https://yugioh-fm-db.pages.dev/cards/547
39,Duel Master K,10,635,Queen's Double,3.91%,https://yugioh-fm-db.pages.dev/cards/635
39,Duel Master K,11,24,Skull Servant,3.52%,https://yugioh-fm-db.pages.dev/cards/24
39,Duel Master K,12,58,Kuriboh,3.52%,https://yugioh-fm-db.pages.dev/cards/58
39,Duel Master K,13,123,Dark Plant,3.52%,https://yugioh-fm-db.pages.dev/cards/123
39,Duel Master K,14,395,Dancing Elf,3.52%,https://yugioh-fm-db.pages.dev/cards/395
39,Duel Master K,15,397,Leghul,3.42%,https://yugioh-fm-db.pages.dev/cards/397
39,Duel Master K,16,398,Ooguchi,3.91%,https://yugioh-fm-db.pages.dev/cards/398
39,Duel Master K,17,411,Bat,3.91%,https://yugioh-fm-db.pages.dev/cards/411
39,Duel Master K,18,428,Magician of Faith,3.66%,https://yugioh-fm-db.pages.dev/cards/428
39,Duel Master K,19,469,Armed Ninja,3.91%,https://yugioh-fm-db.pages.dev/cards/469
39,Duel Master K,20,475,Sinister Serpent,3.91%,https://yugioh-fm-db.pages.dev/cards/475
39,Duel Master K,21,484,Ameba,3.91%,https://yugioh-fm-db.pages.dev/cards/484
39,Duel Master K,22,527,Milus Radiant,3.91%,https://yugioh-fm-db.pages.dev/cards/527
39,Duel Master K,23,394,Steel Scorpion,3.91%,https://yugioh-fm-db.pages.dev/cards/394
39,Duel Master K,24,399,Swordsman from a Foreign Land,3.42%,https://yugioh-fm-db.pages.dev/cards/399
39,Duel Master K,25,402,Monster Eye,3.91%,https://yugioh-fm-db.pages.dev/cards/402
39,Duel Master K,26,499,Kattapillar,3.91%,https://yugioh-fm-db.pages.dev/cards/499
39,Duel Master K,27,17,Right Leg of the Forbidden One,0.05%,https://yugioh-fm-db.pages.dev/cards/17
39,Duel Master K,28,18,Left Leg of the Forbidden One,0.05%,https://yugioh-fm-db.pages.dev/cards/18
39,Duel Master K,29,19,Right Arm of the Forbidden One,0.05%,https://yugioh-fm-db.pages.dev/cards/19
39,Duel Master K,30,20,Left Arm of the Forbidden One,0.05%,https://yugioh-fm-db.pages.dev/cards/20
39,Duel Master K,31,338,Mooyan Curry,2.34%,https://yugioh-fm-db.pages.dev/cards/338
39,Duel Master K,32,343,Sparks,4.88%,https://yugioh-fm-db.pages.dev/cards/343
